0,0,nHpcC95syJK5zUIAj6o76FNcAaY=,bJsE187X3ZJl+5nlE1mj+I2JKbI=
0,1,nHpcC95syJK5zUIAj6o76FNcAaY=,bJsE187X3ZJl+5nlE1mj+I2JKbI=
0,2,nHpcC95syJK5zUIAj6o76FNcAaY=,ze/BBOFhvMo1ybpqJ2LKklcBO04=
0,3,nHpcC95syJK5zUIAj6o76FNcAaY=,IrXlR9L6zbAOr94nAK0pwT4rH9I=
0,4,nHpcC95syJK5zUIAj6o76FNcAaY=,7FKI+pFfmC+iFe/t+38UtvGGv8M=
0,5,nHpcC95syJK5zUIAj6o76FNcAaY=,7FKI+pFfmC+iFe/t+38UtvGGv8M=
1,1,nHpcC95syJK5zUIAj6o76FNcAaY=,ze/BBOFhvMo1ybpqJ2LKklcBO04=
1,0,nHpcC95syJK5zUIAj6o76FNcAaY=,bJsE187X3ZJl+5nlE1mj+I2JKbI=
1,3,nHpcC95syJK5zUIAj6o76FNcAaY=,ze/BBOFhvMo1ybpqJ2LKklcBO04=
1,2,nHpcC95syJK5zUIAj6o76FNcAaY=,ze/BBOFhvMo1ybpqJ2LKklcBO04=
1,6,nHpcC95syJK5zUIAj6o76FNcAaY=,bJsE187X3ZJl+5nlE1mj+I2JKbI=
2,2,nHpcC95syJK5zUIAj6o76FNcAaY=,bJsE187X3ZJl+5nlE1mj+I2JKbI=
2,3,nHpcC95syJK5zUIAj6o76FNcAaY=,ze/BBOFhvMo1ybpqJ2LKklcBO04=
2,1,nHpcC95syJK5zUIAj6o76FNcAaY=,ze/BBOFhvMo1ybpqJ2LKklcBO04=
2,6,nHpcC95syJK5zUIAj6o76FNcAaY=,bJsE187X3ZJl+5nlE1mj+I2JKbI=
2,4,nHpcC95syJK5zUIAj6o76FNcAaY=,ze/BBOFhvMo1ybpqJ2LKklcBO04=
2,5,nHpcC95syJK5zUIAj6o76FNcAaY=,7FKI+pFfmC+iFe/t+38UtvGGv8M=
3,3,nHpcC95syJK5zUIAj6o76FNcAaY=,0WOoNmzjwaFu1wqxSj1lBbM6Ewc=
3,2,nHpcC95syJK5zUIAj6o76FNcAaY=,Ol1M6klYoQbTuxQPRgmn1V03qM8=
3,6,nHpcC95syJK5zUIAj6o76FNcAaY=,0WOoNmzjwaFu1wqxSj1lBbM6Ewc=
3,5,nHpcC95syJK5zUIAj6o76FNcAaY=,0WOoNmzjwaFu1wqxSj1lBbM6Ewc=
3,4,nHpcC95syJK5zUIAj6o76FNcAaY=,0WOoNmzjwaFu1wqxSj1lBbM6Ewc=
4,5,nHpcC95syJK5zUIAj6o76FNcAaY=,N3FjdG5DHNGtPsRUSOgqA1FbPLo=
4,6,nHpcC95syJK5zUIAj6o76FNcAaY=,N3FjdG5DHNGtPsRUSOgqA1FbPLo=
5,5,nHpcC95syJK5zUIAj6o76FNcAaY=,N3FjdG5DHNGtPsRUSOgqA1FbPLo=
5,6,nHpcC95syJK5zUIAj6o76FNcAaY=,K2Ab9+RmHf2SXNGSo8RBC8RZ4Ls=
6,5,nHpcC95syJK5zUIAj6o76FNcAaY=,K2Ab9+RmHf2SXNGSo8RBC8RZ4Ls=
6,0,nHpcC95syJK5zUIAj6o76FNcAaY=,N3FjdG5DHNGtPsRUSOgqA1FbPLo=
7,0,DVr3TfG4/gkZS76P65KPpYDBkGE=,K2Ab9+RmHf2SXNGSo8RBC8RZ4Ls=
8,0,DVr3TfG4/gkZS76P65KPpYDBkGE=,4ymTTvICLFF6cqdDRRBPRVSl5mU=
3,1,nHpcC95syJK5zUIAj6o76FNcAaY=,Ol1M6klYoQbTuxQPRgmn1V03qM8=
3,0,nHpcC95syJK5zUIAj6o76FNcAaY=,0WOoNmzjwaFu1wqxSj1lBbM6Ewc=
4,0,nHpcC95syJK5zUIAj6o76FNcAaY=,N3FjdG5DHNGtPsRUSOgqA1FbPLo=
4,1,nHpcC95syJK5zUIAj6o76FNcAaY=,K2Ab9+RmHf2SXNGSo8RBC8RZ4Ls=
