-2,-100,IqhQEQn12HHS1wkzs+ta8tJJjBQ=,v/x2qOJyOBRnY0nRPeuN3qS4duk=
-3,-103,IqhQEQn12HHS1wkzs+ta8tJJjBQ=,v/x2qOJyOBRnY0nRPeuN3qS4duk=
-7,-102,IqhQEQn12HHS1wkzs+ta8tJJjBQ=,v/x2qOJyOBRnY0nRPeuN3qS4duk=
-5,-101,IqhQEQn12HHS1wkzs+ta8tJJjBQ=,v/x2qOJyOBRnY0nRPeuN3qS4duk=
-6,-101,IqhQEQn12HHS1wkzs+ta8tJJjBQ=,v/x2qOJyOBRnY0nRPeuN3qS4duk=
-5,-103,IqhQEQn12HHS1wkzs+ta8tJJjBQ=,v/x2qOJyOBRnY0nRPeuN3qS4duk=
-6,-103,IqhQEQn12HHS1wkzs+ta8tJJjBQ=,v/x2qOJyOBRnY0nRPeuN3qS4duk=
-7,-103,IqhQEQn12HHS1wkzs+ta8tJJjBQ=,v/x2qOJyOBRnY0nRPeuN3qS4duk=
-3,-98,IqhQEQn12HHS1wkzs+ta8tJJjBQ=,v/x2qOJyOBRnY0nRPeuN3qS4duk=
-7,-101,IqhQEQn12HHS1wkzs+ta8tJJjBQ=,v/x2qOJyOBRnY0nRPeuN3qS4duk=
-3,-100,IqhQEQn12HHS1wkzs+ta8tJJjBQ=,v/x2qOJyOBRnY0nRPeuN3qS4duk=
-4,-100,IqhQEQn12HHS1wkzs+ta8tJJjBQ=,v/x2qOJyOBRnY0nRPeuN3qS4duk=
-4,-98,IqhQEQn12HHS1wkzs+ta8tJJjBQ=,v/x2qOJyOBRnY0nRPeuN3qS4duk=
-5,-99,IqhQEQn12HHS1wkzs+ta8tJJjBQ=,v/x2qOJyOBRnY0nRPeuN3qS4duk=
-6,-99,IqhQEQn12HHS1wkzs+ta8tJJjBQ=,v/x2qOJyOBRnY0nRPeuN3qS4duk=
-5,-100,IqhQEQn12HHS1wkzs+ta8tJJjBQ=,v/x2qOJyOBRnY0nRPeuN3qS4duk=
-7,-99,IqhQEQn12HHS1wkzs+ta8tJJjBQ=,v/x2qOJyOBRnY0nRPeuN3qS4duk=
-2,-102,IqhQEQn12HHS1wkzs+ta8tJJjBQ=,v/x2qOJyOBRnY0nRPeuN3qS4duk=
-6,-100,IqhQEQn12HHS1wkzs+ta8tJJjBQ=,v/x2qOJyOBRnY0nRPeuN3qS4duk=
-4,-103,IqhQEQn12HHS1wkzs+ta8tJJjBQ=,v/x2qOJyOBRnY0nRPeuN3qS4duk=
-7,-100,IqhQEQn12HHS1wkzs+ta8tJJjBQ=,v/x2qOJyOBRnY0nRPeuN3qS4duk=
-4,-102,IqhQEQn12HHS1wkzs+ta8tJJjBQ=,v/x2qOJyOBRnY0nRPeuN3qS4duk=
-6,-98,IqhQEQn12HHS1wkzs+ta8tJJjBQ=,v/x2qOJyOBRnY0nRPeuN3qS4duk=
-2,-103,IqhQEQn12HHS1wkzs+ta8tJJjBQ=,v/x2qOJyOBRnY0nRPeuN3qS4duk=
-2,-101,IqhQEQn12HHS1wkzs+ta8tJJjBQ=,v/x2qOJyOBRnY0nRPeuN3qS4duk=
-7,-98,IqhQEQn12HHS1wkzs+ta8tJJjBQ=,v/x2qOJyOBRnY0nRPeuN3qS4duk=
-3,-101,IqhQEQn12HHS1wkzs+ta8tJJjBQ=,v/x2qOJyOBRnY0nRPeuN3qS4duk=
-5,-102,IqhQEQn12HHS1wkzs+ta8tJJjBQ=,v/x2qOJyOBRnY0nRPeuN3qS4duk=
-2,-99,IqhQEQn12HHS1wkzs+ta8tJJjBQ=,v/x2qOJyOBRnY0nRPeuN3qS4duk=
-6,-102,IqhQEQn12HHS1wkzs+ta8tJJjBQ=,v/x2qOJyOBRnY0nRPeuN3qS4duk=
-4,-101,IqhQEQn12HHS1wkzs+ta8tJJjBQ=,v/x2qOJyOBRnY0nRPeuN3qS4duk=
-15,-103,IqhQEQn12HHS1wkzs+ta8tJJjBQ=,v/x2qOJyOBRnY0nRPeuN3qS4duk=
-14,-103,IqhQEQn12HHS1wkzs+ta8tJJjBQ=,v/x2qOJyOBRnY0nRPeuN3qS4duk=
-13,-103,IqhQEQn12HHS1wkzs+ta8tJJjBQ=,v/x2qOJyOBRnY0nRPeuN3qS4duk=
-12,-103,IqhQEQn12HHS1wkzs+ta8tJJjBQ=,v/x2qOJyOBRnY0nRPeuN3qS4duk=
-10,-103,IqhQEQn12HHS1wkzs+ta8tJJjBQ=,v/x2qOJyOBRnY0nRPeuN3qS4duk=
-9,-103,IqhQEQn12HHS1wkzs+ta8tJJjBQ=,v/x2qOJyOBRnY0nRPeuN3qS4duk=
-15,-102,IqhQEQn12HHS1wkzs+ta8tJJjBQ=,v/x2qOJyOBRnY0nRPeuN3qS4duk=
-13,-102,IqhQEQn12HHS1wkzs+ta8tJJjBQ=,v/x2qOJyOBRnY0nRPeuN3qS4duk=
-14,-102,IqhQEQn12HHS1wkzs+ta8tJJjBQ=,v/x2qOJyOBRnY0nRPeuN3qS4duk=
-12,-102,IqhQEQn12HHS1wkzs+ta8tJJjBQ=,v/x2qOJyOBRnY0nRPeuN3qS4duk=
-11,-102,IqhQEQn12HHS1wkzs+ta8tJJjBQ=,v/x2qOJyOBRnY0nRPeuN3qS4duk=
-10,-102,IqhQEQn12HHS1wkzs+ta8tJJjBQ=,v/x2qOJyOBRnY0nRPeuN3qS4duk=
-8,-98,IqhQEQn12HHS1wkzs+ta8tJJjBQ=,v/x2qOJyOBRnY0nRPeuN3qS4duk=
-8,-99,IqhQEQn12HHS1wkzs+ta8tJJjBQ=,v/x2qOJyOBRnY0nRPeuN3qS4duk=
-9,-102,IqhQEQn12HHS1wkzs+ta8tJJjBQ=,v/x2qOJyOBRnY0nRPeuN3qS4duk=
-15,-101,IqhQEQn12HHS1wkzs+ta8tJJjBQ=,v/x2qOJyOBRnY0nRPeuN3qS4duk=
-8,-100,IqhQEQn12HHS1wkzs+ta8tJJjBQ=,v/x2qOJyOBRnY0nRPeuN3qS4duk=
-14,-101,IqhQEQn12HHS1wkzs+ta8tJJjBQ=,v/x2qOJyOBRnY0nRPeuN3qS4duk=
-13,-101,IqhQEQn12HHS1wkzs+ta8tJJjBQ=,v/x2qOJyOBRnY0nRPeuN3qS4duk=
-12,-101,IqhQEQn12HHS1wkzs+ta8tJJjBQ=,v/x2qOJyOBRnY0nRPeuN3qS4duk=
-11,-101,IqhQEQn12HHS1wkzs+ta8tJJjBQ=,v/x2qOJyOBRnY0nRPeuN3qS4duk=
-10,-101,IqhQEQn12HHS1wkzs+ta8tJJjBQ=,v/x2qOJyOBRnY0nRPeuN3qS4duk=
-9,-101,IqhQEQn12HHS1wkzs+ta8tJJjBQ=,v/x2qOJyOBRnY0nRPeuN3qS4duk=
-15,-100,IqhQEQn12HHS1wkzs+ta8tJJjBQ=,v/x2qOJyOBRnY0nRPeuN3qS4duk=
-14,-100,IqhQEQn12HHS1wkzs+ta8tJJjBQ=,v/x2qOJyOBRnY0nRPeuN3qS4duk=
-13,-100,IqhQEQn12HHS1wkzs+ta8tJJjBQ=,v/x2qOJyOBRnY0nRPeuN3qS4duk=
-11,-100,IqhQEQn12HHS1wkzs+ta8tJJjBQ=,v/x2qOJyOBRnY0nRPeuN3qS4duk=
-10,-100,IqhQEQn12HHS1wkzs+ta8tJJjBQ=,v/x2qOJyOBRnY0nRPeuN3qS4duk=
-9,-100,IqhQEQn12HHS1wkzs+ta8tJJjBQ=,v/x2qOJyOBRnY0nRPeuN3qS4duk=
-8,-102,IqhQEQn12HHS1wkzs+ta8tJJjBQ=,v/x2qOJyOBRnY0nRPeuN3qS4duk=
-15,-105,IqhQEQn12HHS1wkzs+ta8tJJjBQ=,v/x2qOJyOBRnY0nRPeuN3qS4duk=
-15,-99,IqhQEQn12HHS1wkzs+ta8tJJjBQ=,v/x2qOJyOBRnY0nRPeuN3qS4duk=
-14,-99,IqhQEQn12HHS1wkzs+ta8tJJjBQ=,v/x2qOJyOBRnY0nRPeuN3qS4duk=
-14,-105,IqhQEQn12HHS1wkzs+ta8tJJjBQ=,v/x2qOJyOBRnY0nRPeuN3qS4duk=
-13,-105,IqhQEQn12HHS1wkzs+ta8tJJjBQ=,v/x2qOJyOBRnY0nRPeuN3qS4duk=
-8,-101,IqhQEQn12HHS1wkzs+ta8tJJjBQ=,v/x2qOJyOBRnY0nRPeuN3qS4duk=
-12,-99,IqhQEQn12HHS1wkzs+ta8tJJjBQ=,v/x2qOJyOBRnY0nRPeuN3qS4duk=
-11,-99,IqhQEQn12HHS1wkzs+ta8tJJjBQ=,v/x2qOJyOBRnY0nRPeuN3qS4duk=
-10,-99,IqhQEQn12HHS1wkzs+ta8tJJjBQ=,v/x2qOJyOBRnY0nRPeuN3qS4duk=
-9,-99,IqhQEQn12HHS1wkzs+ta8tJJjBQ=,v/x2qOJyOBRnY0nRPeuN3qS4duk=
-11,-105,IqhQEQn12HHS1wkzs+ta8tJJjBQ=,v/x2qOJyOBRnY0nRPeuN3qS4duk=
-15,-98,IqhQEQn12HHS1wkzs+ta8tJJjBQ=,v/x2qOJyOBRnY0nRPeuN3qS4duk=
-10,-105,IqhQEQn12HHS1wkzs+ta8tJJjBQ=,v/x2qOJyOBRnY0nRPeuN3qS4duk=
-15,-104,IqhQEQn12HHS1wkzs+ta8tJJjBQ=,v/x2qOJyOBRnY0nRPeuN3qS4duk=
-14,-104,IqhQEQn12HHS1wkzs+ta8tJJjBQ=,v/x2qOJyOBRnY0nRPeuN3qS4duk=
-14,-98,IqhQEQn12HHS1wkzs+ta8tJJjBQ=,v/x2qOJyOBRnY0nRPeuN3qS4duk=
-13,-104,IqhQEQn12HHS1wkzs+ta8tJJjBQ=,v/x2qOJyOBRnY0nRPeuN3qS4duk=
-12,-104,IqhQEQn12HHS1wkzs+ta8tJJjBQ=,v/x2qOJyOBRnY0nRPeuN3qS4duk=
-11,-104,IqhQEQn12HHS1wkzs+ta8tJJjBQ=,v/x2qOJyOBRnY0nRPeuN3qS4duk=
-10,-98,IqhQEQn12HHS1wkzs+ta8tJJjBQ=,v/x2qOJyOBRnY0nRPeuN3qS4duk=
-9,-98,IqhQEQn12HHS1wkzs+ta8tJJjBQ=,v/x2qOJyOBRnY0nRPeuN3qS4duk=
-8,-103,IqhQEQn12HHS1wkzs+ta8tJJjBQ=,v/x2qOJyOBRnY0nRPeuN3qS4duk=
-10,-104,IqhQEQn12HHS1wkzs+ta8tJJjBQ=,v/x2qOJyOBRnY0nRPeuN3qS4duk=
-12,-110,IqhQEQn12HHS1wkzs+ta8tJJjBQ=,v/x2qOJyOBRnY0nRPeuN3qS4duk=
-15,-109,IqhQEQn12HHS1wkzs+ta8tJJjBQ=,v/x2qOJyOBRnY0nRPeuN3qS4duk=
-14,-109,IqhQEQn12HHS1wkzs+ta8tJJjBQ=,v/x2qOJyOBRnY0nRPeuN3qS4duk=
-11,-109,IqhQEQn12HHS1wkzs+ta8tJJjBQ=,v/x2qOJyOBRnY0nRPeuN3qS4duk=
-13,-109,IqhQEQn12HHS1wkzs+ta8tJJjBQ=,v/x2qOJyOBRnY0nRPeuN3qS4duk=
-15,-108,IqhQEQn12HHS1wkzs+ta8tJJjBQ=,v/x2qOJyOBRnY0nRPeuN3qS4duk=
-14,-108,IqhQEQn12HHS1wkzs+ta8tJJjBQ=,v/x2qOJyOBRnY0nRPeuN3qS4duk=
-11,-108,IqhQEQn12HHS1wkzs+ta8tJJjBQ=,v/x2qOJyOBRnY0nRPeuN3qS4duk=
-10,-108,IqhQEQn12HHS1wkzs+ta8tJJjBQ=,v/x2qOJyOBRnY0nRPeuN3qS4duk=
-15,-107,IqhQEQn12HHS1wkzs+ta8tJJjBQ=,v/x2qOJyOBRnY0nRPeuN3qS4duk=
-14,-107,IqhQEQn12HHS1wkzs+ta8tJJjBQ=,v/x2qOJyOBRnY0nRPeuN3qS4duk=
-13,-107,IqhQEQn12HHS1wkzs+ta8tJJjBQ=,v/x2qOJyOBRnY0nRPeuN3qS4duk=
-11,-107,IqhQEQn12HHS1wkzs+ta8tJJjBQ=,v/x2qOJyOBRnY0nRPeuN3qS4duk=
-15,-106,IqhQEQn12HHS1wkzs+ta8tJJjBQ=,v/x2qOJyOBRnY0nRPeuN3qS4duk=
-14,-106,IqhQEQn12HHS1wkzs+ta8tJJjBQ=,v/x2qOJyOBRnY0nRPeuN3qS4duk=
-13,-106,IqhQEQn12HHS1wkzs+ta8tJJjBQ=,v/x2qOJyOBRnY0nRPeuN3qS4duk=
-10,-106,IqhQEQn12HHS1wkzs+ta8tJJjBQ=,v/x2qOJyOBRnY0nRPeuN3qS4duk=
-15,-111,IqhQEQn12HHS1wkzs+ta8tJJjBQ=,v/x2qOJyOBRnY0nRPeuN3qS4duk=
-14,-111,IqhQEQn12HHS1wkzs+ta8tJJjBQ=,v/x2qOJyOBRnY0nRPeuN3qS4duk=
-13,-111,IqhQEQn12HHS1wkzs+ta8tJJjBQ=,v/x2qOJyOBRnY0nRPeuN3qS4duk=
-12,-111,IqhQEQn12HHS1wkzs+ta8tJJjBQ=,v/x2qOJyOBRnY0nRPeuN3qS4duk=
-11,-111,IqhQEQn12HHS1wkzs+ta8tJJjBQ=,v/x2qOJyOBRnY0nRPeuN3qS4duk=
-10,-111,IqhQEQn12HHS1wkzs+ta8tJJjBQ=,v/x2qOJyOBRnY0nRPeuN3qS4duk=
-15,-110,IqhQEQn12HHS1wkzs+ta8tJJjBQ=,v/x2qOJyOBRnY0nRPeuN3qS4duk=
-14,-110,IqhQEQn12HHS1wkzs+ta8tJJjBQ=,v/x2qOJyOBRnY0nRPeuN3qS4duk=
-13,-110,IqhQEQn12HHS1wkzs+ta8tJJjBQ=,v/x2qOJyOBRnY0nRPeuN3qS4duk=
-12,-97,IqhQEQn12HHS1wkzs+ta8tJJjBQ=,v/x2qOJyOBRnY0nRPeuN3qS4duk=
-11,-97,IqhQEQn12HHS1wkzs+ta8tJJjBQ=,v/x2qOJyOBRnY0nRPeuN3qS4duk=
-10,-97,IqhQEQn12HHS1wkzs+ta8tJJjBQ=,v/x2qOJyOBRnY0nRPeuN3qS4duk=
-15,-97,IqhQEQn12HHS1wkzs+ta8tJJjBQ=,v/x2qOJyOBRnY0nRPeuN3qS4duk=
-14,-97,IqhQEQn12HHS1wkzs+ta8tJJjBQ=,v/x2qOJyOBRnY0nRPeuN3qS4duk=
-1,-100,IqhQEQn12HHS1wkzs+ta8tJJjBQ=,v/x2qOJyOBRnY0nRPeuN3qS4duk=
-1,-99,IqhQEQn12HHS1wkzs+ta8tJJjBQ=,v/x2qOJyOBRnY0nRPeuN3qS4duk=
-1,-98,IqhQEQn12HHS1wkzs+ta8tJJjBQ=,v/x2qOJyOBRnY0nRPeuN3qS4duk=
-1,-101,IqhQEQn12HHS1wkzs+ta8tJJjBQ=,v/x2qOJyOBRnY0nRPeuN3qS4duk=
-1,-103,IqhQEQn12HHS1wkzs+ta8tJJjBQ=,v/x2qOJyOBRnY0nRPeuN3qS4duk=
-1,-102,IqhQEQn12HHS1wkzs+ta8tJJjBQ=,v/x2qOJyOBRnY0nRPeuN3qS4duk=
-16,-109,IqhQEQn12HHS1wkzs+ta8tJJjBQ=,v/x2qOJyOBRnY0nRPeuN3qS4duk=
-16,-108,IqhQEQn12HHS1wkzs+ta8tJJjBQ=,v/x2qOJyOBRnY0nRPeuN3qS4duk=
-16,-107,IqhQEQn12HHS1wkzs+ta8tJJjBQ=,v/x2qOJyOBRnY0nRPeuN3qS4duk=
-16,-106,IqhQEQn12HHS1wkzs+ta8tJJjBQ=,v/x2qOJyOBRnY0nRPeuN3qS4duk=
-16,-111,IqhQEQn12HHS1wkzs+ta8tJJjBQ=,v/x2qOJyOBRnY0nRPeuN3qS4duk=
-16,-110,IqhQEQn12HHS1wkzs+ta8tJJjBQ=,v/x2qOJyOBRnY0nRPeuN3qS4duk=
-16,-103,IqhQEQn12HHS1wkzs+ta8tJJjBQ=,v/x2qOJyOBRnY0nRPeuN3qS4duk=
-16,-102,IqhQEQn12HHS1wkzs+ta8tJJjBQ=,v/x2qOJyOBRnY0nRPeuN3qS4duk=
-16,-101,IqhQEQn12HHS1wkzs+ta8tJJjBQ=,v/x2qOJyOBRnY0nRPeuN3qS4duk=
-16,-104,IqhQEQn12HHS1wkzs+ta8tJJjBQ=,v/x2qOJyOBRnY0nRPeuN3qS4duk=
-16,-98,IqhQEQn12HHS1wkzs+ta8tJJjBQ=,v/x2qOJyOBRnY0nRPeuN3qS4duk=
-16,-105,IqhQEQn12HHS1wkzs+ta8tJJjBQ=,v/x2qOJyOBRnY0nRPeuN3qS4duk=
-16,-99,IqhQEQn12HHS1wkzs+ta8tJJjBQ=,v/x2qOJyOBRnY0nRPeuN3qS4duk=
-16,-100,IqhQEQn12HHS1wkzs+ta8tJJjBQ=,v/x2qOJyOBRnY0nRPeuN3qS4duk=
-13,-108,IqhQEQn12HHS1wkzs+ta8tJJjBQ=,v/x2qOJyOBRnY0nRPeuN3qS4duk=
-9,-97,IqhQEQn12HHS1wkzs+ta8tJJjBQ=,v/x2qOJyOBRnY0nRPeuN3qS4duk=
-8,-97,IqhQEQn12HHS1wkzs+ta8tJJjBQ=,v/x2qOJyOBRnY0nRPeuN3qS4duk=
-7,-97,IqhQEQn12HHS1wkzs+ta8tJJjBQ=,v/x2qOJyOBRnY0nRPeuN3qS4duk=
-6,-97,IqhQEQn12HHS1wkzs+ta8tJJjBQ=,v/x2qOJyOBRnY0nRPeuN3qS4duk=
-2,-97,IqhQEQn12HHS1wkzs+ta8tJJjBQ=,v/x2qOJyOBRnY0nRPeuN3qS4duk=
-3,-97,IqhQEQn12HHS1wkzs+ta8tJJjBQ=,v/x2qOJyOBRnY0nRPeuN3qS4duk=
-4,-97,IqhQEQn12HHS1wkzs+ta8tJJjBQ=,v/x2qOJyOBRnY0nRPeuN3qS4duk=
-5,-97,IqhQEQn12HHS1wkzs+ta8tJJjBQ=,v/x2qOJyOBRnY0nRPeuN3qS4duk=
-5,-98,IqhQEQn12HHS1wkzs+ta8tJJjBQ=,v/x2qOJyOBRnY0nRPeuN3qS4duk=
-12,-100,IqhQEQn12HHS1wkzs+ta8tJJjBQ=,v/x2qOJyOBRnY0nRPeuN3qS4duk=
-12,-98,IqhQEQn12HHS1wkzs+ta8tJJjBQ=,v/x2qOJyOBRnY0nRPeuN3qS4duk=
-11,-98,IqhQEQn12HHS1wkzs+ta8tJJjBQ=,v/x2qOJyOBRnY0nRPeuN3qS4duk=
-16,-112,IqhQEQn12HHS1wkzs+ta8tJJjBQ=,v/x2qOJyOBRnY0nRPeuN3qS4duk=
-15,-112,IqhQEQn12HHS1wkzs+ta8tJJjBQ=,v/x2qOJyOBRnY0nRPeuN3qS4duk=
-14,-112,IqhQEQn12HHS1wkzs+ta8tJJjBQ=,v/x2qOJyOBRnY0nRPeuN3qS4duk=
-13,-112,IqhQEQn12HHS1wkzs+ta8tJJjBQ=,v/x2qOJyOBRnY0nRPeuN3qS4duk=
-12,-112,IqhQEQn12HHS1wkzs+ta8tJJjBQ=,v/x2qOJyOBRnY0nRPeuN3qS4duk=
-10,-112,IqhQEQn12HHS1wkzs+ta8tJJjBQ=,v/x2qOJyOBRnY0nRPeuN3qS4duk=
-11,-112,IqhQEQn12HHS1wkzs+ta8tJJjBQ=,v/x2qOJyOBRnY0nRPeuN3qS4duk=
-16,-97,IqhQEQn12HHS1wkzs+ta8tJJjBQ=,v/x2qOJyOBRnY0nRPeuN3qS4duk=
-13,-99,IqhQEQn12HHS1wkzs+ta8tJJjBQ=,v/x2qOJyOBRnY0nRPeuN3qS4duk=
-13,-97,IqhQEQn12HHS1wkzs+ta8tJJjBQ=,v/x2qOJyOBRnY0nRPeuN3qS4duk=
-13,-98,IqhQEQn12HHS1wkzs+ta8tJJjBQ=,v/x2qOJyOBRnY0nRPeuN3qS4duk=
-1,-97,IqhQEQn12HHS1wkzs+ta8tJJjBQ=,v/x2qOJyOBRnY0nRPeuN3qS4duk=
-2,-98,IqhQEQn12HHS1wkzs+ta8tJJjBQ=,v/x2qOJyOBRnY0nRPeuN3qS4duk=
-3,-99,IqhQEQn12HHS1wkzs+ta8tJJjBQ=,v/x2qOJyOBRnY0nRPeuN3qS4duk=
-4,-99,IqhQEQn12HHS1wkzs+ta8tJJjBQ=,v/x2qOJyOBRnY0nRPeuN3qS4duk=
<<<<<<< HEAD
-1,-111,XazX2tTdZT2WDQ4q051Leglrpck=,9oJNAsJqCrWd6FAHCraGkSp94Jc=
-8,-110,XazX2tTdZT2WDQ4q051Leglrpck=,9oJNAsJqCrWd6FAHCraGkSp94Jc=
-9,-110,IqhQEQn12HHS1wkzs+ta8tJJjBQ=,v/x2qOJyOBRnY0nRPeuN3qS4duk=
-9,-111,IqhQEQn12HHS1wkzs+ta8tJJjBQ=,v/x2qOJyOBRnY0nRPeuN3qS4duk=
-9,-104,IqhQEQn12HHS1wkzs+ta8tJJjBQ=,v/x2qOJyOBRnY0nRPeuN3qS4duk=
-8,-111,XazX2tTdZT2WDQ4q051Leglrpck=,9oJNAsJqCrWd6FAHCraGkSp94Jc=
-9,-112,IqhQEQn12HHS1wkzs+ta8tJJjBQ=,v/x2qOJyOBRnY0nRPeuN3qS4duk=
-8,-112,XazX2tTdZT2WDQ4q051Leglrpck=,9oJNAsJqCrWd6FAHCraGkSp94Jc=
-1,-104,IqhQEQn12HHS1wkzs+ta8tJJjBQ=,v/x2qOJyOBRnY0nRPeuN3qS4duk=
-6,-110,XazX2tTdZT2WDQ4q051Leglrpck=,9oJNAsJqCrWd6FAHCraGkSp94Jc=
-5,-110,XazX2tTdZT2WDQ4q051Leglrpck=,9oJNAsJqCrWd6FAHCraGkSp94Jc=
-2,-105,XazX2tTdZT2WDQ4q051Leglrpck=,9oJNAsJqCrWd6FAHCraGkSp94Jc=
-4,-110,XazX2tTdZT2WDQ4q051Leglrpck=,9oJNAsJqCrWd6FAHCraGkSp94Jc=
-9,-105,IqhQEQn12HHS1wkzs+ta8tJJjBQ=,v/x2qOJyOBRnY0nRPeuN3qS4duk=
-3,-110,XazX2tTdZT2WDQ4q051Leglrpck=,9oJNAsJqCrWd6FAHCraGkSp94Jc=
-3,-105,XazX2tTdZT2WDQ4q051Leglrpck=,9oJNAsJqCrWd6FAHCraGkSp94Jc=
-3,-112,XazX2tTdZT2WDQ4q051Leglrpck=,9oJNAsJqCrWd6FAHCraGkSp94Jc=
-7,-105,XazX2tTdZT2WDQ4q051Leglrpck=,9oJNAsJqCrWd6FAHCraGkSp94Jc=
-8,-105,XazX2tTdZT2WDQ4q051Leglrpck=,9oJNAsJqCrWd6FAHCraGkSp94Jc=
-2,-106,XazX2tTdZT2WDQ4q051Leglrpck=,9oJNAsJqCrWd6FAHCraGkSp94Jc=
-3,-106,XazX2tTdZT2WDQ4q051Leglrpck=,9oJNAsJqCrWd6FAHCraGkSp94Jc=
=======
-1,-111,GW9fyogwyrlmrxj2Wwr47nvqEW4=,JP2VPYEy1lW2YQRJTwLs7DHEuwk=
-8,-110,GW9fyogwyrlmrxj2Wwr47nvqEW4=,JP2VPYEy1lW2YQRJTwLs7DHEuwk=
-9,-110,IqhQEQn12HHS1wkzs+ta8tJJjBQ=,v/x2qOJyOBRnY0nRPeuN3qS4duk=
-9,-111,IqhQEQn12HHS1wkzs+ta8tJJjBQ=,v/x2qOJyOBRnY0nRPeuN3qS4duk=
-9,-104,IqhQEQn12HHS1wkzs+ta8tJJjBQ=,v/x2qOJyOBRnY0nRPeuN3qS4duk=
-8,-111,GW9fyogwyrlmrxj2Wwr47nvqEW4=,JP2VPYEy1lW2YQRJTwLs7DHEuwk=
-9,-112,IqhQEQn12HHS1wkzs+ta8tJJjBQ=,v/x2qOJyOBRnY0nRPeuN3qS4duk=
-8,-112,GW9fyogwyrlmrxj2Wwr47nvqEW4=,JP2VPYEy1lW2YQRJTwLs7DHEuwk=
-1,-104,IqhQEQn12HHS1wkzs+ta8tJJjBQ=,v/x2qOJyOBRnY0nRPeuN3qS4duk=
-6,-110,GW9fyogwyrlmrxj2Wwr47nvqEW4=,JP2VPYEy1lW2YQRJTwLs7DHEuwk=
-5,-110,GW9fyogwyrlmrxj2Wwr47nvqEW4=,JP2VPYEy1lW2YQRJTwLs7DHEuwk=
-2,-105,GW9fyogwyrlmrxj2Wwr47nvqEW4=,JP2VPYEy1lW2YQRJTwLs7DHEuwk=
-4,-110,GW9fyogwyrlmrxj2Wwr47nvqEW4=,JP2VPYEy1lW2YQRJTwLs7DHEuwk=
-9,-105,IqhQEQn12HHS1wkzs+ta8tJJjBQ=,v/x2qOJyOBRnY0nRPeuN3qS4duk=
-3,-110,GW9fyogwyrlmrxj2Wwr47nvqEW4=,JP2VPYEy1lW2YQRJTwLs7DHEuwk=
-3,-105,GW9fyogwyrlmrxj2Wwr47nvqEW4=,JP2VPYEy1lW2YQRJTwLs7DHEuwk=
-3,-112,GW9fyogwyrlmrxj2Wwr47nvqEW4=,JP2VPYEy1lW2YQRJTwLs7DHEuwk=
-7,-105,GW9fyogwyrlmrxj2Wwr47nvqEW4=,JP2VPYEy1lW2YQRJTwLs7DHEuwk=
-8,-105,GW9fyogwyrlmrxj2Wwr47nvqEW4=,JP2VPYEy1lW2YQRJTwLs7DHEuwk=
-2,-106,GW9fyogwyrlmrxj2Wwr47nvqEW4=,JP2VPYEy1lW2YQRJTwLs7DHEuwk=
-3,-106,GW9fyogwyrlmrxj2Wwr47nvqEW4=,JP2VPYEy1lW2YQRJTwLs7DHEuwk=
>>>>>>> daba9c7d1495d0b0a5c4105c329aa9467c1bda7f
-9,-106,IqhQEQn12HHS1wkzs+ta8tJJjBQ=,v/x2qOJyOBRnY0nRPeuN3qS4duk=
-2,-104,IqhQEQn12HHS1wkzs+ta8tJJjBQ=,v/x2qOJyOBRnY0nRPeuN3qS4duk=
-3,-104,IqhQEQn12HHS1wkzs+ta8tJJjBQ=,v/x2qOJyOBRnY0nRPeuN3qS4duk=
-9,-107,IqhQEQn12HHS1wkzs+ta8tJJjBQ=,v/x2qOJyOBRnY0nRPeuN3qS4duk=
<<<<<<< HEAD
-7,-106,XazX2tTdZT2WDQ4q051Leglrpck=,9oJNAsJqCrWd6FAHCraGkSp94Jc=
-8,-104,IqhQEQn12HHS1wkzs+ta8tJJjBQ=,v/x2qOJyOBRnY0nRPeuN3qS4duk=
-8,-106,XazX2tTdZT2WDQ4q051Leglrpck=,9oJNAsJqCrWd6FAHCraGkSp94Jc=
-3,-111,XazX2tTdZT2WDQ4q051Leglrpck=,9oJNAsJqCrWd6FAHCraGkSp94Jc=
-4,-112,XazX2tTdZT2WDQ4q051Leglrpck=,9oJNAsJqCrWd6FAHCraGkSp94Jc=
-5,-112,XazX2tTdZT2WDQ4q051Leglrpck=,9oJNAsJqCrWd6FAHCraGkSp94Jc=
-8,-107,XazX2tTdZT2WDQ4q051Leglrpck=,9oJNAsJqCrWd6FAHCraGkSp94Jc=
-1,-108,XazX2tTdZT2WDQ4q051Leglrpck=,9oJNAsJqCrWd6FAHCraGkSp94Jc=
-4,-111,XazX2tTdZT2WDQ4q051Leglrpck=,9oJNAsJqCrWd6FAHCraGkSp94Jc=
-3,-108,XazX2tTdZT2WDQ4q051Leglrpck=,9oJNAsJqCrWd6FAHCraGkSp94Jc=
-9,-108,IqhQEQn12HHS1wkzs+ta8tJJjBQ=,v/x2qOJyOBRnY0nRPeuN3qS4duk=
-4,-108,XazX2tTdZT2WDQ4q051Leglrpck=,9oJNAsJqCrWd6FAHCraGkSp94Jc=
=======
-7,-106,GW9fyogwyrlmrxj2Wwr47nvqEW4=,JP2VPYEy1lW2YQRJTwLs7DHEuwk=
-8,-104,IqhQEQn12HHS1wkzs+ta8tJJjBQ=,v/x2qOJyOBRnY0nRPeuN3qS4duk=
-8,-106,GW9fyogwyrlmrxj2Wwr47nvqEW4=,JP2VPYEy1lW2YQRJTwLs7DHEuwk=
-3,-111,GW9fyogwyrlmrxj2Wwr47nvqEW4=,JP2VPYEy1lW2YQRJTwLs7DHEuwk=
-4,-112,GW9fyogwyrlmrxj2Wwr47nvqEW4=,JP2VPYEy1lW2YQRJTwLs7DHEuwk=
-5,-112,GW9fyogwyrlmrxj2Wwr47nvqEW4=,JP2VPYEy1lW2YQRJTwLs7DHEuwk=
-8,-107,GW9fyogwyrlmrxj2Wwr47nvqEW4=,JP2VPYEy1lW2YQRJTwLs7DHEuwk=
-1,-108,GW9fyogwyrlmrxj2Wwr47nvqEW4=,JP2VPYEy1lW2YQRJTwLs7DHEuwk=
-4,-111,GW9fyogwyrlmrxj2Wwr47nvqEW4=,JP2VPYEy1lW2YQRJTwLs7DHEuwk=
-3,-108,GW9fyogwyrlmrxj2Wwr47nvqEW4=,JP2VPYEy1lW2YQRJTwLs7DHEuwk=
-9,-108,IqhQEQn12HHS1wkzs+ta8tJJjBQ=,v/x2qOJyOBRnY0nRPeuN3qS4duk=
-4,-108,GW9fyogwyrlmrxj2Wwr47nvqEW4=,JP2VPYEy1lW2YQRJTwLs7DHEuwk=
>>>>>>> daba9c7d1495d0b0a5c4105c329aa9467c1bda7f
-12,-105,IqhQEQn12HHS1wkzs+ta8tJJjBQ=,v/x2qOJyOBRnY0nRPeuN3qS4duk=
-11,-110,IqhQEQn12HHS1wkzs+ta8tJJjBQ=,v/x2qOJyOBRnY0nRPeuN3qS4duk=
-10,-110,IqhQEQn12HHS1wkzs+ta8tJJjBQ=,v/x2qOJyOBRnY0nRPeuN3qS4duk=
-12,-109,IqhQEQn12HHS1wkzs+ta8tJJjBQ=,v/x2qOJyOBRnY0nRPeuN3qS4duk=
<<<<<<< HEAD
-7,-108,XazX2tTdZT2WDQ4q051Leglrpck=,9oJNAsJqCrWd6FAHCraGkSp94Jc=
-12,-108,IqhQEQn12HHS1wkzs+ta8tJJjBQ=,v/x2qOJyOBRnY0nRPeuN3qS4duk=
-5,-111,XazX2tTdZT2WDQ4q051Leglrpck=,9oJNAsJqCrWd6FAHCraGkSp94Jc=
-8,-108,XazX2tTdZT2WDQ4q051Leglrpck=,9oJNAsJqCrWd6FAHCraGkSp94Jc=
-1,-109,XazX2tTdZT2WDQ4q051Leglrpck=,9oJNAsJqCrWd6FAHCraGkSp94Jc=
-9,-109,IqhQEQn12HHS1wkzs+ta8tJJjBQ=,v/x2qOJyOBRnY0nRPeuN3qS4duk=
-2,-109,XazX2tTdZT2WDQ4q051Leglrpck=,9oJNAsJqCrWd6FAHCraGkSp94Jc=
-6,-111,XazX2tTdZT2WDQ4q051Leglrpck=,9oJNAsJqCrWd6FAHCraGkSp94Jc=
-6,-109,XazX2tTdZT2WDQ4q051Leglrpck=,9oJNAsJqCrWd6FAHCraGkSp94Jc=
-7,-109,XazX2tTdZT2WDQ4q051Leglrpck=,9oJNAsJqCrWd6FAHCraGkSp94Jc=
-10,-107,IqhQEQn12HHS1wkzs+ta8tJJjBQ=,v/x2qOJyOBRnY0nRPeuN3qS4duk=
-8,-109,XazX2tTdZT2WDQ4q051Leglrpck=,9oJNAsJqCrWd6FAHCraGkSp94Jc=
-7,-111,XazX2tTdZT2WDQ4q051Leglrpck=,9oJNAsJqCrWd6FAHCraGkSp94Jc=
-2,-110,XazX2tTdZT2WDQ4q051Leglrpck=,9oJNAsJqCrWd6FAHCraGkSp94Jc=
-11,-103,IqhQEQn12HHS1wkzs+ta8tJJjBQ=,v/x2qOJyOBRnY0nRPeuN3qS4duk=
-12,-107,IqhQEQn12HHS1wkzs+ta8tJJjBQ=,v/x2qOJyOBRnY0nRPeuN3qS4duk=
-2,-112,XazX2tTdZT2WDQ4q051Leglrpck=,9oJNAsJqCrWd6FAHCraGkSp94Jc=
-1,-110,XazX2tTdZT2WDQ4q051Leglrpck=,9oJNAsJqCrWd6FAHCraGkSp94Jc=
-1,-112,XazX2tTdZT2WDQ4q051Leglrpck=,9oJNAsJqCrWd6FAHCraGkSp94Jc=
-10,-109,IqhQEQn12HHS1wkzs+ta8tJJjBQ=,v/x2qOJyOBRnY0nRPeuN3qS4duk=
-7,-110,XazX2tTdZT2WDQ4q051Leglrpck=,9oJNAsJqCrWd6FAHCraGkSp94Jc=
-12,-106,IqhQEQn12HHS1wkzs+ta8tJJjBQ=,v/x2qOJyOBRnY0nRPeuN3qS4duk=
-1,-105,XazX2tTdZT2WDQ4q051Leglrpck=,9oJNAsJqCrWd6FAHCraGkSp94Jc=
-7,-112,XazX2tTdZT2WDQ4q051Leglrpck=,9oJNAsJqCrWd6FAHCraGkSp94Jc=
-3,-102,IqhQEQn12HHS1wkzs+ta8tJJjBQ=,v/x2qOJyOBRnY0nRPeuN3qS4duk=
-11,-106,IqhQEQn12HHS1wkzs+ta8tJJjBQ=,v/x2qOJyOBRnY0nRPeuN3qS4duk=
-5,-109,XazX2tTdZT2WDQ4q051Leglrpck=,9oJNAsJqCrWd6FAHCraGkSp94Jc=
-4,-109,XazX2tTdZT2WDQ4q051Leglrpck=,9oJNAsJqCrWd6FAHCraGkSp94Jc=
-3,-109,XazX2tTdZT2WDQ4q051Leglrpck=,9oJNAsJqCrWd6FAHCraGkSp94Jc=
-7,-104,IqhQEQn12HHS1wkzs+ta8tJJjBQ=,v/x2qOJyOBRnY0nRPeuN3qS4duk=
-4,-104,IqhQEQn12HHS1wkzs+ta8tJJjBQ=,v/x2qOJyOBRnY0nRPeuN3qS4duk=
-1,-106,XazX2tTdZT2WDQ4q051Leglrpck=,9oJNAsJqCrWd6FAHCraGkSp94Jc=
-2,-107,XazX2tTdZT2WDQ4q051Leglrpck=,9oJNAsJqCrWd6FAHCraGkSp94Jc=
-6,-108,XazX2tTdZT2WDQ4q051Leglrpck=,9oJNAsJqCrWd6FAHCraGkSp94Jc=
-3,-107,XazX2tTdZT2WDQ4q051Leglrpck=,9oJNAsJqCrWd6FAHCraGkSp94Jc=
-6,-104,IqhQEQn12HHS1wkzs+ta8tJJjBQ=,v/x2qOJyOBRnY0nRPeuN3qS4duk=
-2,-111,XazX2tTdZT2WDQ4q051Leglrpck=,9oJNAsJqCrWd6FAHCraGkSp94Jc=
-5,-108,XazX2tTdZT2WDQ4q051Leglrpck=,9oJNAsJqCrWd6FAHCraGkSp94Jc=
-6,-107,XazX2tTdZT2WDQ4q051Leglrpck=,9oJNAsJqCrWd6FAHCraGkSp94Jc=
-6,-112,XazX2tTdZT2WDQ4q051Leglrpck=,9oJNAsJqCrWd6FAHCraGkSp94Jc=
-1,-107,XazX2tTdZT2WDQ4q051Leglrpck=,9oJNAsJqCrWd6FAHCraGkSp94Jc=
-4,-107,XazX2tTdZT2WDQ4q051Leglrpck=,9oJNAsJqCrWd6FAHCraGkSp94Jc=
-7,-107,XazX2tTdZT2WDQ4q051Leglrpck=,9oJNAsJqCrWd6FAHCraGkSp94Jc=
-2,-108,XazX2tTdZT2WDQ4q051Leglrpck=,9oJNAsJqCrWd6FAHCraGkSp94Jc=
-5,-107,XazX2tTdZT2WDQ4q051Leglrpck=,9oJNAsJqCrWd6FAHCraGkSp94Jc=
-5,-104,IqhQEQn12HHS1wkzs+ta8tJJjBQ=,v/x2qOJyOBRnY0nRPeuN3qS4duk=
-6,-105,XazX2tTdZT2WDQ4q051Leglrpck=,9oJNAsJqCrWd6FAHCraGkSp94Jc=
-5,-105,XazX2tTdZT2WDQ4q051Leglrpck=,9oJNAsJqCrWd6FAHCraGkSp94Jc=
-4,-105,XazX2tTdZT2WDQ4q051Leglrpck=,9oJNAsJqCrWd6FAHCraGkSp94Jc=
-5,-106,XazX2tTdZT2WDQ4q051Leglrpck=,9oJNAsJqCrWd6FAHCraGkSp94Jc=
-4,-106,XazX2tTdZT2WDQ4q051Leglrpck=,9oJNAsJqCrWd6FAHCraGkSp94Jc=
-6,-106,XazX2tTdZT2WDQ4q051Leglrpck=,9oJNAsJqCrWd6FAHCraGkSp94Jc=
=======
-7,-108,GW9fyogwyrlmrxj2Wwr47nvqEW4=,JP2VPYEy1lW2YQRJTwLs7DHEuwk=
-12,-108,IqhQEQn12HHS1wkzs+ta8tJJjBQ=,v/x2qOJyOBRnY0nRPeuN3qS4duk=
-5,-111,GW9fyogwyrlmrxj2Wwr47nvqEW4=,JP2VPYEy1lW2YQRJTwLs7DHEuwk=
-8,-108,GW9fyogwyrlmrxj2Wwr47nvqEW4=,JP2VPYEy1lW2YQRJTwLs7DHEuwk=
-1,-109,GW9fyogwyrlmrxj2Wwr47nvqEW4=,JP2VPYEy1lW2YQRJTwLs7DHEuwk=
-9,-109,IqhQEQn12HHS1wkzs+ta8tJJjBQ=,v/x2qOJyOBRnY0nRPeuN3qS4duk=
-2,-109,GW9fyogwyrlmrxj2Wwr47nvqEW4=,JP2VPYEy1lW2YQRJTwLs7DHEuwk=
-6,-111,GW9fyogwyrlmrxj2Wwr47nvqEW4=,JP2VPYEy1lW2YQRJTwLs7DHEuwk=
-6,-109,GW9fyogwyrlmrxj2Wwr47nvqEW4=,JP2VPYEy1lW2YQRJTwLs7DHEuwk=
-7,-109,GW9fyogwyrlmrxj2Wwr47nvqEW4=,JP2VPYEy1lW2YQRJTwLs7DHEuwk=
-10,-107,IqhQEQn12HHS1wkzs+ta8tJJjBQ=,v/x2qOJyOBRnY0nRPeuN3qS4duk=
-8,-109,GW9fyogwyrlmrxj2Wwr47nvqEW4=,JP2VPYEy1lW2YQRJTwLs7DHEuwk=
-7,-111,GW9fyogwyrlmrxj2Wwr47nvqEW4=,JP2VPYEy1lW2YQRJTwLs7DHEuwk=
-2,-110,GW9fyogwyrlmrxj2Wwr47nvqEW4=,JP2VPYEy1lW2YQRJTwLs7DHEuwk=
-11,-103,IqhQEQn12HHS1wkzs+ta8tJJjBQ=,v/x2qOJyOBRnY0nRPeuN3qS4duk=
-12,-107,IqhQEQn12HHS1wkzs+ta8tJJjBQ=,v/x2qOJyOBRnY0nRPeuN3qS4duk=
-2,-112,GW9fyogwyrlmrxj2Wwr47nvqEW4=,JP2VPYEy1lW2YQRJTwLs7DHEuwk=
-1,-110,GW9fyogwyrlmrxj2Wwr47nvqEW4=,JP2VPYEy1lW2YQRJTwLs7DHEuwk=
-1,-112,GW9fyogwyrlmrxj2Wwr47nvqEW4=,JP2VPYEy1lW2YQRJTwLs7DHEuwk=
-10,-109,IqhQEQn12HHS1wkzs+ta8tJJjBQ=,v/x2qOJyOBRnY0nRPeuN3qS4duk=
-7,-110,GW9fyogwyrlmrxj2Wwr47nvqEW4=,JP2VPYEy1lW2YQRJTwLs7DHEuwk=
-12,-106,IqhQEQn12HHS1wkzs+ta8tJJjBQ=,v/x2qOJyOBRnY0nRPeuN3qS4duk=
-1,-105,GW9fyogwyrlmrxj2Wwr47nvqEW4=,JP2VPYEy1lW2YQRJTwLs7DHEuwk=
-7,-112,GW9fyogwyrlmrxj2Wwr47nvqEW4=,JP2VPYEy1lW2YQRJTwLs7DHEuwk=
-3,-102,IqhQEQn12HHS1wkzs+ta8tJJjBQ=,v/x2qOJyOBRnY0nRPeuN3qS4duk=
-11,-106,IqhQEQn12HHS1wkzs+ta8tJJjBQ=,v/x2qOJyOBRnY0nRPeuN3qS4duk=
-5,-109,GW9fyogwyrlmrxj2Wwr47nvqEW4=,JP2VPYEy1lW2YQRJTwLs7DHEuwk=
-4,-109,GW9fyogwyrlmrxj2Wwr47nvqEW4=,JP2VPYEy1lW2YQRJTwLs7DHEuwk=
-3,-109,GW9fyogwyrlmrxj2Wwr47nvqEW4=,JP2VPYEy1lW2YQRJTwLs7DHEuwk=
-7,-104,IqhQEQn12HHS1wkzs+ta8tJJjBQ=,v/x2qOJyOBRnY0nRPeuN3qS4duk=
-4,-104,IqhQEQn12HHS1wkzs+ta8tJJjBQ=,v/x2qOJyOBRnY0nRPeuN3qS4duk=
-1,-106,GW9fyogwyrlmrxj2Wwr47nvqEW4=,JP2VPYEy1lW2YQRJTwLs7DHEuwk=
-2,-107,GW9fyogwyrlmrxj2Wwr47nvqEW4=,JP2VPYEy1lW2YQRJTwLs7DHEuwk=
-6,-108,GW9fyogwyrlmrxj2Wwr47nvqEW4=,JP2VPYEy1lW2YQRJTwLs7DHEuwk=
-3,-107,GW9fyogwyrlmrxj2Wwr47nvqEW4=,JP2VPYEy1lW2YQRJTwLs7DHEuwk=
-6,-104,IqhQEQn12HHS1wkzs+ta8tJJjBQ=,v/x2qOJyOBRnY0nRPeuN3qS4duk=
-2,-111,GW9fyogwyrlmrxj2Wwr47nvqEW4=,JP2VPYEy1lW2YQRJTwLs7DHEuwk=
-5,-108,GW9fyogwyrlmrxj2Wwr47nvqEW4=,JP2VPYEy1lW2YQRJTwLs7DHEuwk=
-6,-107,GW9fyogwyrlmrxj2Wwr47nvqEW4=,JP2VPYEy1lW2YQRJTwLs7DHEuwk=
-6,-112,GW9fyogwyrlmrxj2Wwr47nvqEW4=,JP2VPYEy1lW2YQRJTwLs7DHEuwk=
-1,-107,GW9fyogwyrlmrxj2Wwr47nvqEW4=,JP2VPYEy1lW2YQRJTwLs7DHEuwk=
-4,-107,GW9fyogwyrlmrxj2Wwr47nvqEW4=,JP2VPYEy1lW2YQRJTwLs7DHEuwk=
-7,-107,GW9fyogwyrlmrxj2Wwr47nvqEW4=,JP2VPYEy1lW2YQRJTwLs7DHEuwk=
-2,-108,GW9fyogwyrlmrxj2Wwr47nvqEW4=,JP2VPYEy1lW2YQRJTwLs7DHEuwk=
-5,-107,GW9fyogwyrlmrxj2Wwr47nvqEW4=,JP2VPYEy1lW2YQRJTwLs7DHEuwk=
-5,-104,IqhQEQn12HHS1wkzs+ta8tJJjBQ=,v/x2qOJyOBRnY0nRPeuN3qS4duk=
-6,-105,GW9fyogwyrlmrxj2Wwr47nvqEW4=,JP2VPYEy1lW2YQRJTwLs7DHEuwk=
-5,-105,GW9fyogwyrlmrxj2Wwr47nvqEW4=,JP2VPYEy1lW2YQRJTwLs7DHEuwk=
-4,-105,GW9fyogwyrlmrxj2Wwr47nvqEW4=,JP2VPYEy1lW2YQRJTwLs7DHEuwk=
-5,-106,GW9fyogwyrlmrxj2Wwr47nvqEW4=,JP2VPYEy1lW2YQRJTwLs7DHEuwk=
-4,-106,GW9fyogwyrlmrxj2Wwr47nvqEW4=,JP2VPYEy1lW2YQRJTwLs7DHEuwk=
-6,-106,GW9fyogwyrlmrxj2Wwr47nvqEW4=,JP2VPYEy1lW2YQRJTwLs7DHEuwk=
>>>>>>> daba9c7d1495d0b0a5c4105c329aa9467c1bda7f
-15,-119,VsEZdPDyco0OzaVWMjKrRBWZyeQ=,v/x2qOJyOBRnY0nRPeuN3qS4duk=
-14,-119,VsEZdPDyco0OzaVWMjKrRBWZyeQ=,v/x2qOJyOBRnY0nRPeuN3qS4duk=
-13,-119,VsEZdPDyco0OzaVWMjKrRBWZyeQ=,v/x2qOJyOBRnY0nRPeuN3qS4duk=
-11,-119,VsEZdPDyco0OzaVWMjKrRBWZyeQ=,v/x2qOJyOBRnY0nRPeuN3qS4duk=
-10,-119,VsEZdPDyco0OzaVWMjKrRBWZyeQ=,v/x2qOJyOBRnY0nRPeuN3qS4duk=
-15,-118,VsEZdPDyco0OzaVWMjKrRBWZyeQ=,v/x2qOJyOBRnY0nRPeuN3qS4duk=
-13,-118,VsEZdPDyco0OzaVWMjKrRBWZyeQ=,v/x2qOJyOBRnY0nRPeuN3qS4duk=
-12,-118,VsEZdPDyco0OzaVWMjKrRBWZyeQ=,v/x2qOJyOBRnY0nRPeuN3qS4duk=
-11,-118,VsEZdPDyco0OzaVWMjKrRBWZyeQ=,v/x2qOJyOBRnY0nRPeuN3qS4duk=
-10,-118,VsEZdPDyco0OzaVWMjKrRBWZyeQ=,v/x2qOJyOBRnY0nRPeuN3qS4duk=
-15,-117,VsEZdPDyco0OzaVWMjKrRBWZyeQ=,v/x2qOJyOBRnY0nRPeuN3qS4duk=
-11,-114,2fx1BwLnFg/FZehdLAA9mnK4qws=,v/x2qOJyOBRnY0nRPeuN3qS4duk=
-13,-117,VsEZdPDyco0OzaVWMjKrRBWZyeQ=,v/x2qOJyOBRnY0nRPeuN3qS4duk=
-7,-126,2fx1BwLnFg/FZehdLAA9mnK4qws=,v/x2qOJyOBRnY0nRPeuN3qS4duk=
-5,-126,2fx1BwLnFg/FZehdLAA9mnK4qws=,v/x2qOJyOBRnY0nRPeuN3qS4duk=
-4,-126,VsEZdPDyco0OzaVWMjKrRBWZyeQ=,v/x2qOJyOBRnY0nRPeuN3qS4duk=
-3,-126,2fx1BwLnFg/FZehdLAA9mnK4qws=,v/x2qOJyOBRnY0nRPeuN3qS4duk=
-7,-125,2fx1BwLnFg/FZehdLAA9mnK4qws=,v/x2qOJyOBRnY0nRPeuN3qS4duk=
-6,-125,2fx1BwLnFg/FZehdLAA9mnK4qws=,v/x2qOJyOBRnY0nRPeuN3qS4duk=
-7,-127,2fx1BwLnFg/FZehdLAA9mnK4qws=,v/x2qOJyOBRnY0nRPeuN3qS4duk=
-5,-125,2fx1BwLnFg/FZehdLAA9mnK4qws=,v/x2qOJyOBRnY0nRPeuN3qS4duk=
-4,-125,VsEZdPDyco0OzaVWMjKrRBWZyeQ=,v/x2qOJyOBRnY0nRPeuN3qS4duk=
-3,-125,VsEZdPDyco0OzaVWMjKrRBWZyeQ=,v/x2qOJyOBRnY0nRPeuN3qS4duk=
-2,-125,2fx1BwLnFg/FZehdLAA9mnK4qws=,v/x2qOJyOBRnY0nRPeuN3qS4duk=
-7,-124,2fx1BwLnFg/FZehdLAA9mnK4qws=,v/x2qOJyOBRnY0nRPeuN3qS4duk=
-6,-124,2fx1BwLnFg/FZehdLAA9mnK4qws=,v/x2qOJyOBRnY0nRPeuN3qS4duk=
-5,-124,2fx1BwLnFg/FZehdLAA9mnK4qws=,v/x2qOJyOBRnY0nRPeuN3qS4duk=
-4,-124,VsEZdPDyco0OzaVWMjKrRBWZyeQ=,v/x2qOJyOBRnY0nRPeuN3qS4duk=
-3,-124,VsEZdPDyco0OzaVWMjKrRBWZyeQ=,v/x2qOJyOBRnY0nRPeuN3qS4duk=
-2,-124,VsEZdPDyco0OzaVWMjKrRBWZyeQ=,v/x2qOJyOBRnY0nRPeuN3qS4duk=
-5,-127,2fx1BwLnFg/FZehdLAA9mnK4qws=,v/x2qOJyOBRnY0nRPeuN3qS4duk=
-4,-127,VsEZdPDyco0OzaVWMjKrRBWZyeQ=,v/x2qOJyOBRnY0nRPeuN3qS4duk=
-7,-123,2fx1BwLnFg/FZehdLAA9mnK4qws=,v/x2qOJyOBRnY0nRPeuN3qS4duk=
-6,-123,2fx1BwLnFg/FZehdLAA9mnK4qws=,v/x2qOJyOBRnY0nRPeuN3qS4duk=
-5,-123,2fx1BwLnFg/FZehdLAA9mnK4qws=,v/x2qOJyOBRnY0nRPeuN3qS4duk=
-4,-123,VsEZdPDyco0OzaVWMjKrRBWZyeQ=,v/x2qOJyOBRnY0nRPeuN3qS4duk=
-2,-123,VsEZdPDyco0OzaVWMjKrRBWZyeQ=,v/x2qOJyOBRnY0nRPeuN3qS4duk=
-3,-127,VsEZdPDyco0OzaVWMjKrRBWZyeQ=,v/x2qOJyOBRnY0nRPeuN3qS4duk=
-7,-122,2fx1BwLnFg/FZehdLAA9mnK4qws=,v/x2qOJyOBRnY0nRPeuN3qS4duk=
-6,-122,2fx1BwLnFg/FZehdLAA9mnK4qws=,v/x2qOJyOBRnY0nRPeuN3qS4duk=
-5,-122,2fx1BwLnFg/FZehdLAA9mnK4qws=,v/x2qOJyOBRnY0nRPeuN3qS4duk=
-3,-122,VsEZdPDyco0OzaVWMjKrRBWZyeQ=,v/x2qOJyOBRnY0nRPeuN3qS4duk=
-2,-122,VsEZdPDyco0OzaVWMjKrRBWZyeQ=,v/x2qOJyOBRnY0nRPeuN3qS4duk=
-2,-127,2fx1BwLnFg/FZehdLAA9mnK4qws=,v/x2qOJyOBRnY0nRPeuN3qS4duk=
-12,-114,2fx1BwLnFg/FZehdLAA9mnK4qws=,v/x2qOJyOBRnY0nRPeuN3qS4duk=
-13,-114,VsEZdPDyco0OzaVWMjKrRBWZyeQ=,v/x2qOJyOBRnY0nRPeuN3qS4duk=
-4,-120,VsEZdPDyco0OzaVWMjKrRBWZyeQ=,v/x2qOJyOBRnY0nRPeuN3qS4duk=
-4,-116,2fx1BwLnFg/FZehdLAA9mnK4qws=,v/x2qOJyOBRnY0nRPeuN3qS4duk=
-3,-120,VsEZdPDyco0OzaVWMjKrRBWZyeQ=,v/x2qOJyOBRnY0nRPeuN3qS4duk=
-9,-119,VsEZdPDyco0OzaVWMjKrRBWZyeQ=,v/x2qOJyOBRnY0nRPeuN3qS4duk=
-2,-115,2fx1BwLnFg/FZehdLAA9mnK4qws=,v/x2qOJyOBRnY0nRPeuN3qS4duk=
-8,-119,2fx1BwLnFg/FZehdLAA9mnK4qws=,v/x2qOJyOBRnY0nRPeuN3qS4duk=
-7,-119,2fx1BwLnFg/FZehdLAA9mnK4qws=,v/x2qOJyOBRnY0nRPeuN3qS4duk=
-8,-114,VsEZdPDyco0OzaVWMjKrRBWZyeQ=,v/x2qOJyOBRnY0nRPeuN3qS4duk=
-7,-118,VsEZdPDyco0OzaVWMjKrRBWZyeQ=,v/x2qOJyOBRnY0nRPeuN3qS4duk=
-7,-114,2fx1BwLnFg/FZehdLAA9mnK4qws=,v/x2qOJyOBRnY0nRPeuN3qS4duk=
-5,-117,2fx1BwLnFg/FZehdLAA9mnK4qws=,v/x2qOJyOBRnY0nRPeuN3qS4duk=
-3,-116,2fx1BwLnFg/FZehdLAA9mnK4qws=,v/x2qOJyOBRnY0nRPeuN3qS4duk=
-6,-118,2fx1BwLnFg/FZehdLAA9mnK4qws=,v/x2qOJyOBRnY0nRPeuN3qS4duk=
-4,-117,VsEZdPDyco0OzaVWMjKrRBWZyeQ=,v/x2qOJyOBRnY0nRPeuN3qS4duk=
-3,-117,VsEZdPDyco0OzaVWMjKrRBWZyeQ=,v/x2qOJyOBRnY0nRPeuN3qS4duk=
-6,-119,2fx1BwLnFg/FZehdLAA9mnK4qws=,v/x2qOJyOBRnY0nRPeuN3qS4duk=
-2,-117,VsEZdPDyco0OzaVWMjKrRBWZyeQ=,v/x2qOJyOBRnY0nRPeuN3qS4duk=
-6,-114,2fx1BwLnFg/FZehdLAA9mnK4qws=,v/x2qOJyOBRnY0nRPeuN3qS4duk=
-2,-116,2fx1BwLnFg/FZehdLAA9mnK4qws=,v/x2qOJyOBRnY0nRPeuN3qS4duk=
-9,-118,VsEZdPDyco0OzaVWMjKrRBWZyeQ=,v/x2qOJyOBRnY0nRPeuN3qS4duk=
-5,-118,2fx1BwLnFg/FZehdLAA9mnK4qws=,v/x2qOJyOBRnY0nRPeuN3qS4duk=
-9,-117,VsEZdPDyco0OzaVWMjKrRBWZyeQ=,v/x2qOJyOBRnY0nRPeuN3qS4duk=
-4,-118,VsEZdPDyco0OzaVWMjKrRBWZyeQ=,v/x2qOJyOBRnY0nRPeuN3qS4duk=
-9,-116,VsEZdPDyco0OzaVWMjKrRBWZyeQ=,v/x2qOJyOBRnY0nRPeuN3qS4duk=
-2,-118,VsEZdPDyco0OzaVWMjKrRBWZyeQ=,v/x2qOJyOBRnY0nRPeuN3qS4duk=
-7,-121,2fx1BwLnFg/FZehdLAA9mnK4qws=,v/x2qOJyOBRnY0nRPeuN3qS4duk=
-6,-121,2fx1BwLnFg/FZehdLAA9mnK4qws=,v/x2qOJyOBRnY0nRPeuN3qS4duk=
-5,-121,2fx1BwLnFg/FZehdLAA9mnK4qws=,v/x2qOJyOBRnY0nRPeuN3qS4duk=
-4,-121,VsEZdPDyco0OzaVWMjKrRBWZyeQ=,v/x2qOJyOBRnY0nRPeuN3qS4duk=
-3,-121,VsEZdPDyco0OzaVWMjKrRBWZyeQ=,v/x2qOJyOBRnY0nRPeuN3qS4duk=
-2,-121,VsEZdPDyco0OzaVWMjKrRBWZyeQ=,v/x2qOJyOBRnY0nRPeuN3qS4duk=
-8,-117,VsEZdPDyco0OzaVWMjKrRBWZyeQ=,v/x2qOJyOBRnY0nRPeuN3qS4duk=
-9,-115,VsEZdPDyco0OzaVWMjKrRBWZyeQ=,v/x2qOJyOBRnY0nRPeuN3qS4duk=
-4,-114,2fx1BwLnFg/FZehdLAA9mnK4qws=,v/x2qOJyOBRnY0nRPeuN3qS4duk=
-7,-117,2fx1BwLnFg/FZehdLAA9mnK4qws=,v/x2qOJyOBRnY0nRPeuN3qS4duk=
-2,-114,2fx1BwLnFg/FZehdLAA9mnK4qws=,v/x2qOJyOBRnY0nRPeuN3qS4duk=
-8,-115,VsEZdPDyco0OzaVWMjKrRBWZyeQ=,v/x2qOJyOBRnY0nRPeuN3qS4duk=
-5,-115,2fx1BwLnFg/FZehdLAA9mnK4qws=,v/x2qOJyOBRnY0nRPeuN3qS4duk=
-7,-120,VsEZdPDyco0OzaVWMjKrRBWZyeQ=,v/x2qOJyOBRnY0nRPeuN3qS4duk=
-9,-114,VsEZdPDyco0OzaVWMjKrRBWZyeQ=,v/x2qOJyOBRnY0nRPeuN3qS4duk=
-4,-115,2fx1BwLnFg/FZehdLAA9mnK4qws=,v/x2qOJyOBRnY0nRPeuN3qS4duk=
-8,-116,2fx1BwLnFg/FZehdLAA9mnK4qws=,v/x2qOJyOBRnY0nRPeuN3qS4duk=
-7,-116,2fx1BwLnFg/FZehdLAA9mnK4qws=,v/x2qOJyOBRnY0nRPeuN3qS4duk=
-4,-119,VsEZdPDyco0OzaVWMjKrRBWZyeQ=,v/x2qOJyOBRnY0nRPeuN3qS4duk=
-5,-116,2fx1BwLnFg/FZehdLAA9mnK4qws=,v/x2qOJyOBRnY0nRPeuN3qS4duk=
-1,-115,2fx1BwLnFg/FZehdLAA9mnK4qws=,v/x2qOJyOBRnY0nRPeuN3qS4duk=
-1,-117,VsEZdPDyco0OzaVWMjKrRBWZyeQ=,v/x2qOJyOBRnY0nRPeuN3qS4duk=
-1,-118,VsEZdPDyco0OzaVWMjKrRBWZyeQ=,v/x2qOJyOBRnY0nRPeuN3qS4duk=
-1,-119,VsEZdPDyco0OzaVWMjKrRBWZyeQ=,v/x2qOJyOBRnY0nRPeuN3qS4duk=
-1,-114,2fx1BwLnFg/FZehdLAA9mnK4qws=,v/x2qOJyOBRnY0nRPeuN3qS4duk=
-14,-114,VsEZdPDyco0OzaVWMjKrRBWZyeQ=,v/x2qOJyOBRnY0nRPeuN3qS4duk=
-15,-114,VsEZdPDyco0OzaVWMjKrRBWZyeQ=,v/x2qOJyOBRnY0nRPeuN3qS4duk=
-10,-115,2fx1BwLnFg/FZehdLAA9mnK4qws=,v/x2qOJyOBRnY0nRPeuN3qS4duk=
-11,-115,2fx1BwLnFg/FZehdLAA9mnK4qws=,v/x2qOJyOBRnY0nRPeuN3qS4duk=
-12,-115,2fx1BwLnFg/FZehdLAA9mnK4qws=,v/x2qOJyOBRnY0nRPeuN3qS4duk=
-15,-115,VsEZdPDyco0OzaVWMjKrRBWZyeQ=,v/x2qOJyOBRnY0nRPeuN3qS4duk=
-10,-116,2fx1BwLnFg/FZehdLAA9mnK4qws=,v/x2qOJyOBRnY0nRPeuN3qS4duk=
-11,-116,2fx1BwLnFg/FZehdLAA9mnK4qws=,v/x2qOJyOBRnY0nRPeuN3qS4duk=
-12,-116,2fx1BwLnFg/FZehdLAA9mnK4qws=,v/x2qOJyOBRnY0nRPeuN3qS4duk=
-13,-116,VsEZdPDyco0OzaVWMjKrRBWZyeQ=,v/x2qOJyOBRnY0nRPeuN3qS4duk=
-14,-116,VsEZdPDyco0OzaVWMjKrRBWZyeQ=,v/x2qOJyOBRnY0nRPeuN3qS4duk=
-15,-116,VsEZdPDyco0OzaVWMjKrRBWZyeQ=,v/x2qOJyOBRnY0nRPeuN3qS4duk=
-10,-117,VsEZdPDyco0OzaVWMjKrRBWZyeQ=,v/x2qOJyOBRnY0nRPeuN3qS4duk=
-11,-117,VsEZdPDyco0OzaVWMjKrRBWZyeQ=,v/x2qOJyOBRnY0nRPeuN3qS4duk=
-12,-117,VsEZdPDyco0OzaVWMjKrRBWZyeQ=,v/x2qOJyOBRnY0nRPeuN3qS4duk=
-1,-126,2fx1BwLnFg/FZehdLAA9mnK4qws=,v/x2qOJyOBRnY0nRPeuN3qS4duk=
-1,-120,VsEZdPDyco0OzaVWMjKrRBWZyeQ=,v/x2qOJyOBRnY0nRPeuN3qS4duk=
-3,-119,VsEZdPDyco0OzaVWMjKrRBWZyeQ=,v/x2qOJyOBRnY0nRPeuN3qS4duk=
-3,-118,VsEZdPDyco0OzaVWMjKrRBWZyeQ=,v/x2qOJyOBRnY0nRPeuN3qS4duk=
-2,-119,VsEZdPDyco0OzaVWMjKrRBWZyeQ=,v/x2qOJyOBRnY0nRPeuN3qS4duk=
-2,-120,VsEZdPDyco0OzaVWMjKrRBWZyeQ=,v/x2qOJyOBRnY0nRPeuN3qS4duk=
-1,-125,VsEZdPDyco0OzaVWMjKrRBWZyeQ=,v/x2qOJyOBRnY0nRPeuN3qS4duk=
-1,-124,VsEZdPDyco0OzaVWMjKrRBWZyeQ=,v/x2qOJyOBRnY0nRPeuN3qS4duk=
-4,-122,VsEZdPDyco0OzaVWMjKrRBWZyeQ=,v/x2qOJyOBRnY0nRPeuN3qS4duk=
-3,-123,VsEZdPDyco0OzaVWMjKrRBWZyeQ=,v/x2qOJyOBRnY0nRPeuN3qS4duk=
-1,-123,VsEZdPDyco0OzaVWMjKrRBWZyeQ=,v/x2qOJyOBRnY0nRPeuN3qS4duk=
-1,-122,VsEZdPDyco0OzaVWMjKrRBWZyeQ=,v/x2qOJyOBRnY0nRPeuN3qS4duk=
-1,-121,VsEZdPDyco0OzaVWMjKrRBWZyeQ=,v/x2qOJyOBRnY0nRPeuN3qS4duk=
-1,-127,2fx1BwLnFg/FZehdLAA9mnK4qws=,v/x2qOJyOBRnY0nRPeuN3qS4duk=
-8,-126,2fx1BwLnFg/FZehdLAA9mnK4qws=,v/x2qOJyOBRnY0nRPeuN3qS4duk=
-12,-126,2fx1BwLnFg/FZehdLAA9mnK4qws=,v/x2qOJyOBRnY0nRPeuN3qS4duk=
-11,-126,2fx1BwLnFg/FZehdLAA9mnK4qws=,v/x2qOJyOBRnY0nRPeuN3qS4duk=
-5,-120,2fx1BwLnFg/FZehdLAA9mnK4qws=,v/x2qOJyOBRnY0nRPeuN3qS4duk=
-5,-119,2fx1BwLnFg/FZehdLAA9mnK4qws=,v/x2qOJyOBRnY0nRPeuN3qS4duk=
-6,-120,2fx1BwLnFg/FZehdLAA9mnK4qws=,v/x2qOJyOBRnY0nRPeuN3qS4duk=
-6,-117,2fx1BwLnFg/FZehdLAA9mnK4qws=,v/x2qOJyOBRnY0nRPeuN3qS4duk=
-8,-118,VsEZdPDyco0OzaVWMjKrRBWZyeQ=,v/x2qOJyOBRnY0nRPeuN3qS4duk=
-10,-126,2fx1BwLnFg/FZehdLAA9mnK4qws=,v/x2qOJyOBRnY0nRPeuN3qS4duk=
-9,-126,2fx1BwLnFg/FZehdLAA9mnK4qws=,v/x2qOJyOBRnY0nRPeuN3qS4duk=
-8,-127,2fx1BwLnFg/FZehdLAA9mnK4qws=,v/x2qOJyOBRnY0nRPeuN3qS4duk=
-14,-125,2fx1BwLnFg/FZehdLAA9mnK4qws=,v/x2qOJyOBRnY0nRPeuN3qS4duk=
-12,-125,2fx1BwLnFg/FZehdLAA9mnK4qws=,v/x2qOJyOBRnY0nRPeuN3qS4duk=
-11,-125,2fx1BwLnFg/FZehdLAA9mnK4qws=,v/x2qOJyOBRnY0nRPeuN3qS4duk=
-10,-125,2fx1BwLnFg/FZehdLAA9mnK4qws=,v/x2qOJyOBRnY0nRPeuN3qS4duk=
-9,-125,2fx1BwLnFg/FZehdLAA9mnK4qws=,v/x2qOJyOBRnY0nRPeuN3qS4duk=
-8,-124,2fx1BwLnFg/FZehdLAA9mnK4qws=,v/x2qOJyOBRnY0nRPeuN3qS4duk=
-15,-124,2fx1BwLnFg/FZehdLAA9mnK4qws=,v/x2qOJyOBRnY0nRPeuN3qS4duk=
-13,-124,2fx1BwLnFg/FZehdLAA9mnK4qws=,v/x2qOJyOBRnY0nRPeuN3qS4duk=
-12,-124,2fx1BwLnFg/FZehdLAA9mnK4qws=,v/x2qOJyOBRnY0nRPeuN3qS4duk=
-11,-124,2fx1BwLnFg/FZehdLAA9mnK4qws=,v/x2qOJyOBRnY0nRPeuN3qS4duk=
-9,-124,2fx1BwLnFg/FZehdLAA9mnK4qws=,v/x2qOJyOBRnY0nRPeuN3qS4duk=
-15,-123,2fx1BwLnFg/FZehdLAA9mnK4qws=,v/x2qOJyOBRnY0nRPeuN3qS4duk=
-8,-123,2fx1BwLnFg/FZehdLAA9mnK4qws=,v/x2qOJyOBRnY0nRPeuN3qS4duk=
-14,-123,2fx1BwLnFg/FZehdLAA9mnK4qws=,v/x2qOJyOBRnY0nRPeuN3qS4duk=
-12,-123,2fx1BwLnFg/FZehdLAA9mnK4qws=,v/x2qOJyOBRnY0nRPeuN3qS4duk=
-11,-123,2fx1BwLnFg/FZehdLAA9mnK4qws=,v/x2qOJyOBRnY0nRPeuN3qS4duk=
-10,-124,2fx1BwLnFg/FZehdLAA9mnK4qws=,v/x2qOJyOBRnY0nRPeuN3qS4duk=
-12,-119,VsEZdPDyco0OzaVWMjKrRBWZyeQ=,v/x2qOJyOBRnY0nRPeuN3qS4duk=
-10,-123,2fx1BwLnFg/FZehdLAA9mnK4qws=,v/x2qOJyOBRnY0nRPeuN3qS4duk=
-9,-123,2fx1BwLnFg/FZehdLAA9mnK4qws=,v/x2qOJyOBRnY0nRPeuN3qS4duk=
-8,-122,2fx1BwLnFg/FZehdLAA9mnK4qws=,v/x2qOJyOBRnY0nRPeuN3qS4duk=
-14,-122,2fx1BwLnFg/FZehdLAA9mnK4qws=,v/x2qOJyOBRnY0nRPeuN3qS4duk=
-13,-122,2fx1BwLnFg/FZehdLAA9mnK4qws=,v/x2qOJyOBRnY0nRPeuN3qS4duk=
-8,-120,VsEZdPDyco0OzaVWMjKrRBWZyeQ=,v/x2qOJyOBRnY0nRPeuN3qS4duk=
-11,-122,2fx1BwLnFg/FZehdLAA9mnK4qws=,v/x2qOJyOBRnY0nRPeuN3qS4duk=
-12,-122,2fx1BwLnFg/FZehdLAA9mnK4qws=,v/x2qOJyOBRnY0nRPeuN3qS4duk=
-10,-122,2fx1BwLnFg/FZehdLAA9mnK4qws=,v/x2qOJyOBRnY0nRPeuN3qS4duk=
-8,-121,2fx1BwLnFg/FZehdLAA9mnK4qws=,v/x2qOJyOBRnY0nRPeuN3qS4duk=
-9,-122,2fx1BwLnFg/FZehdLAA9mnK4qws=,v/x2qOJyOBRnY0nRPeuN3qS4duk=
-14,-121,2fx1BwLnFg/FZehdLAA9mnK4qws=,v/x2qOJyOBRnY0nRPeuN3qS4duk=
-13,-121,2fx1BwLnFg/FZehdLAA9mnK4qws=,v/x2qOJyOBRnY0nRPeuN3qS4duk=
-12,-121,2fx1BwLnFg/FZehdLAA9mnK4qws=,v/x2qOJyOBRnY0nRPeuN3qS4duk=
-15,-121,2fx1BwLnFg/FZehdLAA9mnK4qws=,v/x2qOJyOBRnY0nRPeuN3qS4duk=
-11,-121,2fx1BwLnFg/FZehdLAA9mnK4qws=,v/x2qOJyOBRnY0nRPeuN3qS4duk=
-9,-121,2fx1BwLnFg/FZehdLAA9mnK4qws=,v/x2qOJyOBRnY0nRPeuN3qS4duk=
-10,-121,2fx1BwLnFg/FZehdLAA9mnK4qws=,v/x2qOJyOBRnY0nRPeuN3qS4duk=
-15,-120,2fx1BwLnFg/FZehdLAA9mnK4qws=,v/x2qOJyOBRnY0nRPeuN3qS4duk=
-14,-120,VsEZdPDyco0OzaVWMjKrRBWZyeQ=,v/x2qOJyOBRnY0nRPeuN3qS4duk=
-12,-120,VsEZdPDyco0OzaVWMjKrRBWZyeQ=,v/x2qOJyOBRnY0nRPeuN3qS4duk=
-11,-120,VsEZdPDyco0OzaVWMjKrRBWZyeQ=,v/x2qOJyOBRnY0nRPeuN3qS4duk=
-10,-120,VsEZdPDyco0OzaVWMjKrRBWZyeQ=,v/x2qOJyOBRnY0nRPeuN3qS4duk=
-9,-120,VsEZdPDyco0OzaVWMjKrRBWZyeQ=,v/x2qOJyOBRnY0nRPeuN3qS4duk=
-13,-127,2fx1BwLnFg/FZehdLAA9mnK4qws=,v/x2qOJyOBRnY0nRPeuN3qS4duk=
-12,-127,2fx1BwLnFg/FZehdLAA9mnK4qws=,v/x2qOJyOBRnY0nRPeuN3qS4duk=
-11,-127,2fx1BwLnFg/FZehdLAA9mnK4qws=,v/x2qOJyOBRnY0nRPeuN3qS4duk=
-10,-127,2fx1BwLnFg/FZehdLAA9mnK4qws=,v/x2qOJyOBRnY0nRPeuN3qS4duk=
-9,-127,2fx1BwLnFg/FZehdLAA9mnK4qws=,v/x2qOJyOBRnY0nRPeuN3qS4duk=
-15,-126,2fx1BwLnFg/FZehdLAA9mnK4qws=,v/x2qOJyOBRnY0nRPeuN3qS4duk=
-14,-126,2fx1BwLnFg/FZehdLAA9mnK4qws=,v/x2qOJyOBRnY0nRPeuN3qS4duk=
-16,-119,VsEZdPDyco0OzaVWMjKrRBWZyeQ=,v/x2qOJyOBRnY0nRPeuN3qS4duk=
-16,-118,VsEZdPDyco0OzaVWMjKrRBWZyeQ=,v/x2qOJyOBRnY0nRPeuN3qS4duk=
-16,-117,VsEZdPDyco0OzaVWMjKrRBWZyeQ=,v/x2qOJyOBRnY0nRPeuN3qS4duk=
-16,-116,VsEZdPDyco0OzaVWMjKrRBWZyeQ=,v/x2qOJyOBRnY0nRPeuN3qS4duk=
-16,-115,VsEZdPDyco0OzaVWMjKrRBWZyeQ=,v/x2qOJyOBRnY0nRPeuN3qS4duk=
-16,-114,VsEZdPDyco0OzaVWMjKrRBWZyeQ=,v/x2qOJyOBRnY0nRPeuN3qS4duk=
-7,-128,2fx1BwLnFg/FZehdLAA9mnK4qws=,v/x2qOJyOBRnY0nRPeuN3qS4duk=
-6,-128,2fx1BwLnFg/FZehdLAA9mnK4qws=,v/x2qOJyOBRnY0nRPeuN3qS4duk=
-5,-128,VsEZdPDyco0OzaVWMjKrRBWZyeQ=,v/x2qOJyOBRnY0nRPeuN3qS4duk=
-4,-128,VsEZdPDyco0OzaVWMjKrRBWZyeQ=,v/x2qOJyOBRnY0nRPeuN3qS4duk=
-3,-128,VsEZdPDyco0OzaVWMjKrRBWZyeQ=,v/x2qOJyOBRnY0nRPeuN3qS4duk=
-11,-113,2fx1BwLnFg/FZehdLAA9mnK4qws=,v/x2qOJyOBRnY0nRPeuN3qS4duk=
-10,-113,2fx1BwLnFg/FZehdLAA9mnK4qws=,v/x2qOJyOBRnY0nRPeuN3qS4duk=
-15,-113,VsEZdPDyco0OzaVWMjKrRBWZyeQ=,v/x2qOJyOBRnY0nRPeuN3qS4duk=
-14,-113,VsEZdPDyco0OzaVWMjKrRBWZyeQ=,v/x2qOJyOBRnY0nRPeuN3qS4duk=
-13,-113,VsEZdPDyco0OzaVWMjKrRBWZyeQ=,v/x2qOJyOBRnY0nRPeuN3qS4duk=
-2,-128,VsEZdPDyco0OzaVWMjKrRBWZyeQ=,v/x2qOJyOBRnY0nRPeuN3qS4duk=
-2,-126,2fx1BwLnFg/FZehdLAA9mnK4qws=,v/x2qOJyOBRnY0nRPeuN3qS4duk=
-1,-128,VsEZdPDyco0OzaVWMjKrRBWZyeQ=,v/x2qOJyOBRnY0nRPeuN3qS4duk=
-8,-113,2fx1BwLnFg/FZehdLAA9mnK4qws=,v/x2qOJyOBRnY0nRPeuN3qS4duk=
-9,-113,2fx1BwLnFg/FZehdLAA9mnK4qws=,v/x2qOJyOBRnY0nRPeuN3qS4duk=
-12,-113,2fx1BwLnFg/FZehdLAA9mnK4qws=,v/x2qOJyOBRnY0nRPeuN3qS4duk=
-10,-114,2fx1BwLnFg/FZehdLAA9mnK4qws=,v/x2qOJyOBRnY0nRPeuN3qS4duk=
-1,-113,2fx1BwLnFg/FZehdLAA9mnK4qws=,v/x2qOJyOBRnY0nRPeuN3qS4duk=
-1,-116,2fx1BwLnFg/FZehdLAA9mnK4qws=,v/x2qOJyOBRnY0nRPeuN3qS4duk=
-6,-115,2fx1BwLnFg/FZehdLAA9mnK4qws=,v/x2qOJyOBRnY0nRPeuN3qS4duk=
-7,-115,2fx1BwLnFg/FZehdLAA9mnK4qws=,v/x2qOJyOBRnY0nRPeuN3qS4duk=
-3,-115,2fx1BwLnFg/FZehdLAA9mnK4qws=,v/x2qOJyOBRnY0nRPeuN3qS4duk=
-3,-114,2fx1BwLnFg/FZehdLAA9mnK4qws=,v/x2qOJyOBRnY0nRPeuN3qS4duk=
-14,-115,VsEZdPDyco0OzaVWMjKrRBWZyeQ=,v/x2qOJyOBRnY0nRPeuN3qS4duk=
-13,-115,VsEZdPDyco0OzaVWMjKrRBWZyeQ=,v/x2qOJyOBRnY0nRPeuN3qS4duk=
-5,-114,2fx1BwLnFg/FZehdLAA9mnK4qws=,v/x2qOJyOBRnY0nRPeuN3qS4duk=
-16,-113,VsEZdPDyco0OzaVWMjKrRBWZyeQ=,v/x2qOJyOBRnY0nRPeuN3qS4duk=
-6,-116,2fx1BwLnFg/FZehdLAA9mnK4qws=,v/x2qOJyOBRnY0nRPeuN3qS4duk=
-7,-113,2fx1BwLnFg/FZehdLAA9mnK4qws=,v/x2qOJyOBRnY0nRPeuN3qS4duk=
-6,-113,2fx1BwLnFg/FZehdLAA9mnK4qws=,v/x2qOJyOBRnY0nRPeuN3qS4duk=
-5,-113,2fx1BwLnFg/FZehdLAA9mnK4qws=,v/x2qOJyOBRnY0nRPeuN3qS4duk=
-4,-113,2fx1BwLnFg/FZehdLAA9mnK4qws=,v/x2qOJyOBRnY0nRPeuN3qS4duk=
-2,-113,2fx1BwLnFg/FZehdLAA9mnK4qws=,v/x2qOJyOBRnY0nRPeuN3qS4duk=
-3,-113,2fx1BwLnFg/FZehdLAA9mnK4qws=,v/x2qOJyOBRnY0nRPeuN3qS4duk=
-16,-124,2fx1BwLnFg/FZehdLAA9mnK4qws=,v/x2qOJyOBRnY0nRPeuN3qS4duk=
-16,-123,2fx1BwLnFg/FZehdLAA9mnK4qws=,v/x2qOJyOBRnY0nRPeuN3qS4duk=
-16,-125,2fx1BwLnFg/FZehdLAA9mnK4qws=,v/x2qOJyOBRnY0nRPeuN3qS4duk=
-13,-120,VsEZdPDyco0OzaVWMjKrRBWZyeQ=,v/x2qOJyOBRnY0nRPeuN3qS4duk=
-15,-122,2fx1BwLnFg/FZehdLAA9mnK4qws=,v/x2qOJyOBRnY0nRPeuN3qS4duk=
-13,-123,2fx1BwLnFg/FZehdLAA9mnK4qws=,v/x2qOJyOBRnY0nRPeuN3qS4duk=
-14,-124,2fx1BwLnFg/FZehdLAA9mnK4qws=,v/x2qOJyOBRnY0nRPeuN3qS4duk=
-14,-117,2fx1BwLnFg/FZehdLAA9mnK4qws=,v/x2qOJyOBRnY0nRPeuN3qS4duk=
-16,-127,2fx1BwLnFg/FZehdLAA9mnK4qws=,v/x2qOJyOBRnY0nRPeuN3qS4duk=
-16,-121,2fx1BwLnFg/FZehdLAA9mnK4qws=,v/x2qOJyOBRnY0nRPeuN3qS4duk=
-16,-120,VsEZdPDyco0OzaVWMjKrRBWZyeQ=,v/x2qOJyOBRnY0nRPeuN3qS4duk=
-16,-122,2fx1BwLnFg/FZehdLAA9mnK4qws=,v/x2qOJyOBRnY0nRPeuN3qS4duk=
-14,-118,VsEZdPDyco0OzaVWMjKrRBWZyeQ=,v/x2qOJyOBRnY0nRPeuN3qS4duk=
-8,-128,2fx1BwLnFg/FZehdLAA9mnK4qws=,v/x2qOJyOBRnY0nRPeuN3qS4duk=
-10,-128,2fx1BwLnFg/FZehdLAA9mnK4qws=,v/x2qOJyOBRnY0nRPeuN3qS4duk=
-12,-128,2fx1BwLnFg/FZehdLAA9mnK4qws=,v/x2qOJyOBRnY0nRPeuN3qS4duk=
-16,-128,2fx1BwLnFg/FZehdLAA9mnK4qws=,v/x2qOJyOBRnY0nRPeuN3qS4duk=
-15,-128,2fx1BwLnFg/FZehdLAA9mnK4qws=,v/x2qOJyOBRnY0nRPeuN3qS4duk=
-9,-128,2fx1BwLnFg/FZehdLAA9mnK4qws=,v/x2qOJyOBRnY0nRPeuN3qS4duk=
-6,-126,2fx1BwLnFg/FZehdLAA9mnK4qws=,v/x2qOJyOBRnY0nRPeuN3qS4duk=
-11,-128,2fx1BwLnFg/FZehdLAA9mnK4qws=,v/x2qOJyOBRnY0nRPeuN3qS4duk=
-6,-127,2fx1BwLnFg/FZehdLAA9mnK4qws=,v/x2qOJyOBRnY0nRPeuN3qS4duk=
-13,-125,2fx1BwLnFg/FZehdLAA9mnK4qws=,v/x2qOJyOBRnY0nRPeuN3qS4duk=
-15,-127,2fx1BwLnFg/FZehdLAA9mnK4qws=,v/x2qOJyOBRnY0nRPeuN3qS4duk=
-15,-125,2fx1BwLnFg/FZehdLAA9mnK4qws=,v/x2qOJyOBRnY0nRPeuN3qS4duk=
-14,-127,2fx1BwLnFg/FZehdLAA9mnK4qws=,v/x2qOJyOBRnY0nRPeuN3qS4duk=
-13,-126,2fx1BwLnFg/FZehdLAA9mnK4qws=,v/x2qOJyOBRnY0nRPeuN3qS4duk=
-13,-128,2fx1BwLnFg/FZehdLAA9mnK4qws=,v/x2qOJyOBRnY0nRPeuN3qS4duk=
-8,-125,2fx1BwLnFg/FZehdLAA9mnK4qws=,v/x2qOJyOBRnY0nRPeuN3qS4duk=
-16,-126,2fx1BwLnFg/FZehdLAA9mnK4qws=,v/x2qOJyOBRnY0nRPeuN3qS4duk=
-14,-128,2fx1BwLnFg/FZehdLAA9mnK4qws=,v/x2qOJyOBRnY0nRPeuN3qS4duk=
<<<<<<< HEAD
-21,-121,Mi5HDuXudElsY7G1x55jWn1IEcQ=,7QuGpgQWQoTNXvfguSzXvK68UKA=
-22,-122,Mi5HDuXudElsY7G1x55jWn1IEcQ=,7QuGpgQWQoTNXvfguSzXvK68UKA=
-22,-124,Mi5HDuXudElsY7G1x55jWn1IEcQ=,7QuGpgQWQoTNXvfguSzXvK68UKA=
-24,-125,Mi5HDuXudElsY7G1x55jWn1IEcQ=,7QuGpgQWQoTNXvfguSzXvK68UKA=
-24,-126,Mi5HDuXudElsY7G1x55jWn1IEcQ=,7QuGpgQWQoTNXvfguSzXvK68UKA=
-22,-121,Mi5HDuXudElsY7G1x55jWn1IEcQ=,7QuGpgQWQoTNXvfguSzXvK68UKA=
-23,-123,Mi5HDuXudElsY7G1x55jWn1IEcQ=,7QuGpgQWQoTNXvfguSzXvK68UKA=
-23,-126,Mi5HDuXudElsY7G1x55jWn1IEcQ=,7QuGpgQWQoTNXvfguSzXvK68UKA=
-24,-123,Mi5HDuXudElsY7G1x55jWn1IEcQ=,7QuGpgQWQoTNXvfguSzXvK68UKA=
-23,-122,Mi5HDuXudElsY7G1x55jWn1IEcQ=,7QuGpgQWQoTNXvfguSzXvK68UKA=
-22,-126,Mi5HDuXudElsY7G1x55jWn1IEcQ=,7QuGpgQWQoTNXvfguSzXvK68UKA=
-24,-122,Mi5HDuXudElsY7G1x55jWn1IEcQ=,7QuGpgQWQoTNXvfguSzXvK68UKA=
-17,-128,Mi5HDuXudElsY7G1x55jWn1IEcQ=,7QuGpgQWQoTNXvfguSzXvK68UKA=
-20,-121,Mi5HDuXudElsY7G1x55jWn1IEcQ=,7QuGpgQWQoTNXvfguSzXvK68UKA=
-23,-124,Mi5HDuXudElsY7G1x55jWn1IEcQ=,7QuGpgQWQoTNXvfguSzXvK68UKA=
-23,-121,Mi5HDuXudElsY7G1x55jWn1IEcQ=,7QuGpgQWQoTNXvfguSzXvK68UKA=
-24,-128,Mi5HDuXudElsY7G1x55jWn1IEcQ=,7QuGpgQWQoTNXvfguSzXvK68UKA=
-19,-128,Mi5HDuXudElsY7G1x55jWn1IEcQ=,7QuGpgQWQoTNXvfguSzXvK68UKA=
-17,-124,Mi5HDuXudElsY7G1x55jWn1IEcQ=,7QuGpgQWQoTNXvfguSzXvK68UKA=
-22,-128,Mi5HDuXudElsY7G1x55jWn1IEcQ=,7QuGpgQWQoTNXvfguSzXvK68UKA=
-18,-123,Mi5HDuXudElsY7G1x55jWn1IEcQ=,7QuGpgQWQoTNXvfguSzXvK68UKA=
-23,-125,Mi5HDuXudElsY7G1x55jWn1IEcQ=,7QuGpgQWQoTNXvfguSzXvK68UKA=
-17,-127,Mi5HDuXudElsY7G1x55jWn1IEcQ=,7QuGpgQWQoTNXvfguSzXvK68UKA=
-24,-124,Mi5HDuXudElsY7G1x55jWn1IEcQ=,7QuGpgQWQoTNXvfguSzXvK68UKA=
-17,-125,Mi5HDuXudElsY7G1x55jWn1IEcQ=,7QuGpgQWQoTNXvfguSzXvK68UKA=
-24,-121,Mi5HDuXudElsY7G1x55jWn1IEcQ=,7QuGpgQWQoTNXvfguSzXvK68UKA=
-24,-127,Mi5HDuXudElsY7G1x55jWn1IEcQ=,7QuGpgQWQoTNXvfguSzXvK68UKA=
-23,-127,Mi5HDuXudElsY7G1x55jWn1IEcQ=,7QuGpgQWQoTNXvfguSzXvK68UKA=
-17,-122,Mi5HDuXudElsY7G1x55jWn1IEcQ=,7QuGpgQWQoTNXvfguSzXvK68UKA=
-19,-121,Mi5HDuXudElsY7G1x55jWn1IEcQ=,7QuGpgQWQoTNXvfguSzXvK68UKA=
-21,-128,Mi5HDuXudElsY7G1x55jWn1IEcQ=,7QuGpgQWQoTNXvfguSzXvK68UKA=
-23,-128,Mi5HDuXudElsY7G1x55jWn1IEcQ=,7QuGpgQWQoTNXvfguSzXvK68UKA=
-18,-121,Mi5HDuXudElsY7G1x55jWn1IEcQ=,7QuGpgQWQoTNXvfguSzXvK68UKA=
-21,-126,Mi5HDuXudElsY7G1x55jWn1IEcQ=,7QuGpgQWQoTNXvfguSzXvK68UKA=
-22,-127,Mi5HDuXudElsY7G1x55jWn1IEcQ=,7QuGpgQWQoTNXvfguSzXvK68UKA=
-22,-125,Mi5HDuXudElsY7G1x55jWn1IEcQ=,7QuGpgQWQoTNXvfguSzXvK68UKA=
-18,-122,Mi5HDuXudElsY7G1x55jWn1IEcQ=,7QuGpgQWQoTNXvfguSzXvK68UKA=
-17,-121,Mi5HDuXudElsY7G1x55jWn1IEcQ=,7QuGpgQWQoTNXvfguSzXvK68UKA=
-21,-127,Mi5HDuXudElsY7G1x55jWn1IEcQ=,7QuGpgQWQoTNXvfguSzXvK68UKA=
-19,-122,Mi5HDuXudElsY7G1x55jWn1IEcQ=,7QuGpgQWQoTNXvfguSzXvK68UKA=
-18,-127,Mi5HDuXudElsY7G1x55jWn1IEcQ=,7QuGpgQWQoTNXvfguSzXvK68UKA=
-18,-128,Mi5HDuXudElsY7G1x55jWn1IEcQ=,7QuGpgQWQoTNXvfguSzXvK68UKA=
-20,-127,Mi5HDuXudElsY7G1x55jWn1IEcQ=,7QuGpgQWQoTNXvfguSzXvK68UKA=
-19,-127,Mi5HDuXudElsY7G1x55jWn1IEcQ=,7QuGpgQWQoTNXvfguSzXvK68UKA=
-20,-128,Mi5HDuXudElsY7G1x55jWn1IEcQ=,7QuGpgQWQoTNXvfguSzXvK68UKA=
-21,-122,Mi5HDuXudElsY7G1x55jWn1IEcQ=,7QuGpgQWQoTNXvfguSzXvK68UKA=
-21,-125,Mi5HDuXudElsY7G1x55jWn1IEcQ=,7QuGpgQWQoTNXvfguSzXvK68UKA=
-17,-123,Mi5HDuXudElsY7G1x55jWn1IEcQ=,7QuGpgQWQoTNXvfguSzXvK68UKA=
-20,-122,Mi5HDuXudElsY7G1x55jWn1IEcQ=,7QuGpgQWQoTNXvfguSzXvK68UKA=
-18,-126,Mi5HDuXudElsY7G1x55jWn1IEcQ=,7QuGpgQWQoTNXvfguSzXvK68UKA=
-21,-124,Mi5HDuXudElsY7G1x55jWn1IEcQ=,7QuGpgQWQoTNXvfguSzXvK68UKA=
-19,-126,Mi5HDuXudElsY7G1x55jWn1IEcQ=,7QuGpgQWQoTNXvfguSzXvK68UKA=
-17,-126,Mi5HDuXudElsY7G1x55jWn1IEcQ=,7QuGpgQWQoTNXvfguSzXvK68UKA=
-22,-123,Mi5HDuXudElsY7G1x55jWn1IEcQ=,7QuGpgQWQoTNXvfguSzXvK68UKA=
-18,-125,Mi5HDuXudElsY7G1x55jWn1IEcQ=,7QuGpgQWQoTNXvfguSzXvK68UKA=
-20,-123,Mi5HDuXudElsY7G1x55jWn1IEcQ=,7QuGpgQWQoTNXvfguSzXvK68UKA=
-21,-123,Mi5HDuXudElsY7G1x55jWn1IEcQ=,7QuGpgQWQoTNXvfguSzXvK68UKA=
-19,-123,Mi5HDuXudElsY7G1x55jWn1IEcQ=,7QuGpgQWQoTNXvfguSzXvK68UKA=
-20,-124,Mi5HDuXudElsY7G1x55jWn1IEcQ=,7QuGpgQWQoTNXvfguSzXvK68UKA=
-20,-126,Mi5HDuXudElsY7G1x55jWn1IEcQ=,7QuGpgQWQoTNXvfguSzXvK68UKA=
-19,-125,Mi5HDuXudElsY7G1x55jWn1IEcQ=,7QuGpgQWQoTNXvfguSzXvK68UKA=
-18,-124,Mi5HDuXudElsY7G1x55jWn1IEcQ=,7QuGpgQWQoTNXvfguSzXvK68UKA=
-19,-124,Mi5HDuXudElsY7G1x55jWn1IEcQ=,7QuGpgQWQoTNXvfguSzXvK68UKA=
-20,-125,Mi5HDuXudElsY7G1x55jWn1IEcQ=,7QuGpgQWQoTNXvfguSzXvK68UKA=
=======
-21,-121,UaflGOoD69mZGobJzf9aOZcnYbk=,U524dTDyDOiUf0bwTUKNxVc5+TE=
-22,-122,UaflGOoD69mZGobJzf9aOZcnYbk=,U524dTDyDOiUf0bwTUKNxVc5+TE=
-22,-124,UaflGOoD69mZGobJzf9aOZcnYbk=,U524dTDyDOiUf0bwTUKNxVc5+TE=
-24,-125,UaflGOoD69mZGobJzf9aOZcnYbk=,U524dTDyDOiUf0bwTUKNxVc5+TE=
-24,-126,UaflGOoD69mZGobJzf9aOZcnYbk=,U524dTDyDOiUf0bwTUKNxVc5+TE=
-22,-121,UaflGOoD69mZGobJzf9aOZcnYbk=,U524dTDyDOiUf0bwTUKNxVc5+TE=
-23,-123,UaflGOoD69mZGobJzf9aOZcnYbk=,U524dTDyDOiUf0bwTUKNxVc5+TE=
-23,-126,UaflGOoD69mZGobJzf9aOZcnYbk=,U524dTDyDOiUf0bwTUKNxVc5+TE=
-24,-123,UaflGOoD69mZGobJzf9aOZcnYbk=,U524dTDyDOiUf0bwTUKNxVc5+TE=
-23,-122,UaflGOoD69mZGobJzf9aOZcnYbk=,U524dTDyDOiUf0bwTUKNxVc5+TE=
-22,-126,UaflGOoD69mZGobJzf9aOZcnYbk=,U524dTDyDOiUf0bwTUKNxVc5+TE=
-24,-122,UaflGOoD69mZGobJzf9aOZcnYbk=,U524dTDyDOiUf0bwTUKNxVc5+TE=
-17,-128,UaflGOoD69mZGobJzf9aOZcnYbk=,U524dTDyDOiUf0bwTUKNxVc5+TE=
-20,-121,UaflGOoD69mZGobJzf9aOZcnYbk=,U524dTDyDOiUf0bwTUKNxVc5+TE=
-23,-124,UaflGOoD69mZGobJzf9aOZcnYbk=,U524dTDyDOiUf0bwTUKNxVc5+TE=
-23,-121,UaflGOoD69mZGobJzf9aOZcnYbk=,U524dTDyDOiUf0bwTUKNxVc5+TE=
-24,-128,UaflGOoD69mZGobJzf9aOZcnYbk=,U524dTDyDOiUf0bwTUKNxVc5+TE=
-19,-128,UaflGOoD69mZGobJzf9aOZcnYbk=,U524dTDyDOiUf0bwTUKNxVc5+TE=
-17,-124,UaflGOoD69mZGobJzf9aOZcnYbk=,U524dTDyDOiUf0bwTUKNxVc5+TE=
-22,-128,UaflGOoD69mZGobJzf9aOZcnYbk=,U524dTDyDOiUf0bwTUKNxVc5+TE=
-18,-123,UaflGOoD69mZGobJzf9aOZcnYbk=,U524dTDyDOiUf0bwTUKNxVc5+TE=
-23,-125,UaflGOoD69mZGobJzf9aOZcnYbk=,U524dTDyDOiUf0bwTUKNxVc5+TE=
-17,-127,UaflGOoD69mZGobJzf9aOZcnYbk=,U524dTDyDOiUf0bwTUKNxVc5+TE=
-24,-124,UaflGOoD69mZGobJzf9aOZcnYbk=,U524dTDyDOiUf0bwTUKNxVc5+TE=
-17,-125,UaflGOoD69mZGobJzf9aOZcnYbk=,U524dTDyDOiUf0bwTUKNxVc5+TE=
-24,-121,UaflGOoD69mZGobJzf9aOZcnYbk=,U524dTDyDOiUf0bwTUKNxVc5+TE=
-24,-127,UaflGOoD69mZGobJzf9aOZcnYbk=,U524dTDyDOiUf0bwTUKNxVc5+TE=
-23,-127,UaflGOoD69mZGobJzf9aOZcnYbk=,U524dTDyDOiUf0bwTUKNxVc5+TE=
-17,-122,UaflGOoD69mZGobJzf9aOZcnYbk=,U524dTDyDOiUf0bwTUKNxVc5+TE=
-19,-121,UaflGOoD69mZGobJzf9aOZcnYbk=,U524dTDyDOiUf0bwTUKNxVc5+TE=
-21,-128,UaflGOoD69mZGobJzf9aOZcnYbk=,U524dTDyDOiUf0bwTUKNxVc5+TE=
-23,-128,UaflGOoD69mZGobJzf9aOZcnYbk=,U524dTDyDOiUf0bwTUKNxVc5+TE=
-18,-121,UaflGOoD69mZGobJzf9aOZcnYbk=,U524dTDyDOiUf0bwTUKNxVc5+TE=
-21,-126,UaflGOoD69mZGobJzf9aOZcnYbk=,U524dTDyDOiUf0bwTUKNxVc5+TE=
-22,-127,UaflGOoD69mZGobJzf9aOZcnYbk=,U524dTDyDOiUf0bwTUKNxVc5+TE=
-22,-125,UaflGOoD69mZGobJzf9aOZcnYbk=,U524dTDyDOiUf0bwTUKNxVc5+TE=
-18,-122,UaflGOoD69mZGobJzf9aOZcnYbk=,U524dTDyDOiUf0bwTUKNxVc5+TE=
-17,-121,UaflGOoD69mZGobJzf9aOZcnYbk=,U524dTDyDOiUf0bwTUKNxVc5+TE=
-21,-127,UaflGOoD69mZGobJzf9aOZcnYbk=,U524dTDyDOiUf0bwTUKNxVc5+TE=
-19,-122,UaflGOoD69mZGobJzf9aOZcnYbk=,U524dTDyDOiUf0bwTUKNxVc5+TE=
-18,-127,UaflGOoD69mZGobJzf9aOZcnYbk=,U524dTDyDOiUf0bwTUKNxVc5+TE=
-18,-128,UaflGOoD69mZGobJzf9aOZcnYbk=,U524dTDyDOiUf0bwTUKNxVc5+TE=
-20,-127,UaflGOoD69mZGobJzf9aOZcnYbk=,U524dTDyDOiUf0bwTUKNxVc5+TE=
-19,-127,UaflGOoD69mZGobJzf9aOZcnYbk=,U524dTDyDOiUf0bwTUKNxVc5+TE=
-20,-128,UaflGOoD69mZGobJzf9aOZcnYbk=,U524dTDyDOiUf0bwTUKNxVc5+TE=
-21,-122,UaflGOoD69mZGobJzf9aOZcnYbk=,U524dTDyDOiUf0bwTUKNxVc5+TE=
-21,-125,UaflGOoD69mZGobJzf9aOZcnYbk=,U524dTDyDOiUf0bwTUKNxVc5+TE=
-17,-123,UaflGOoD69mZGobJzf9aOZcnYbk=,U524dTDyDOiUf0bwTUKNxVc5+TE=
-20,-122,UaflGOoD69mZGobJzf9aOZcnYbk=,U524dTDyDOiUf0bwTUKNxVc5+TE=
-18,-126,UaflGOoD69mZGobJzf9aOZcnYbk=,U524dTDyDOiUf0bwTUKNxVc5+TE=
-21,-124,UaflGOoD69mZGobJzf9aOZcnYbk=,U524dTDyDOiUf0bwTUKNxVc5+TE=
-19,-126,UaflGOoD69mZGobJzf9aOZcnYbk=,U524dTDyDOiUf0bwTUKNxVc5+TE=
-17,-126,UaflGOoD69mZGobJzf9aOZcnYbk=,U524dTDyDOiUf0bwTUKNxVc5+TE=
-22,-123,UaflGOoD69mZGobJzf9aOZcnYbk=,U524dTDyDOiUf0bwTUKNxVc5+TE=
-18,-125,UaflGOoD69mZGobJzf9aOZcnYbk=,U524dTDyDOiUf0bwTUKNxVc5+TE=
-20,-123,UaflGOoD69mZGobJzf9aOZcnYbk=,U524dTDyDOiUf0bwTUKNxVc5+TE=
-21,-123,UaflGOoD69mZGobJzf9aOZcnYbk=,U524dTDyDOiUf0bwTUKNxVc5+TE=
-19,-123,UaflGOoD69mZGobJzf9aOZcnYbk=,U524dTDyDOiUf0bwTUKNxVc5+TE=
-20,-124,UaflGOoD69mZGobJzf9aOZcnYbk=,U524dTDyDOiUf0bwTUKNxVc5+TE=
-20,-126,UaflGOoD69mZGobJzf9aOZcnYbk=,U524dTDyDOiUf0bwTUKNxVc5+TE=
-19,-125,UaflGOoD69mZGobJzf9aOZcnYbk=,U524dTDyDOiUf0bwTUKNxVc5+TE=
-18,-124,UaflGOoD69mZGobJzf9aOZcnYbk=,U524dTDyDOiUf0bwTUKNxVc5+TE=
-19,-124,UaflGOoD69mZGobJzf9aOZcnYbk=,U524dTDyDOiUf0bwTUKNxVc5+TE=
-20,-125,UaflGOoD69mZGobJzf9aOZcnYbk=,U524dTDyDOiUf0bwTUKNxVc5+TE=
>>>>>>> daba9c7d1495d0b0a5c4105c329aa9467c1bda7f
