66,88,FXD3MADodC92sRQZODocxi6oa8E=,XFm50Uadd4WX72M2zoD+gmIVwK8=
71,92,FXD3MADodC92sRQZODocxi6oa8E=,XFm50Uadd4WX72M2zoD+gmIVwK8=
71,91,FXD3MADodC92sRQZODocxi6oa8E=,XFm50Uadd4WX72M2zoD+gmIVwK8=
71,90,FXD3MADodC92sRQZODocxi6oa8E=,XFm50Uadd4WX72M2zoD+gmIVwK8=
70,90,FXD3MADodC92sRQZODocxi6oa8E=,XFm50Uadd4WX72M2zoD+gmIVwK8=
70,91,FXD3MADodC92sRQZODocxi6oa8E=,XFm50Uadd4WX72M2zoD+gmIVwK8=
69,91,FXD3MADodC92sRQZODocxi6oa8E=,XFm50Uadd4WX72M2zoD+gmIVwK8=
70,92,FXD3MADodC92sRQZODocxi6oa8E=,XFm50Uadd4WX72M2zoD+gmIVwK8=
69,92,FXD3MADodC92sRQZODocxi6oa8E=,XFm50Uadd4WX72M2zoD+gmIVwK8=
71,88,FXD3MADodC92sRQZODocxi6oa8E=,XFm50Uadd4WX72M2zoD+gmIVwK8=
69,88,FXD3MADodC92sRQZODocxi6oa8E=,XFm50Uadd4WX72M2zoD+gmIVwK8=
69,90,FXD3MADodC92sRQZODocxi6oa8E=,XFm50Uadd4WX72M2zoD+gmIVwK8=
68,91,FXD3MADodC92sRQZODocxi6oa8E=,XFm50Uadd4WX72M2zoD+gmIVwK8=
71,89,FXD3MADodC92sRQZODocxi6oa8E=,XFm50Uadd4WX72M2zoD+gmIVwK8=
71,95,FXD3MADodC92sRQZODocxi6oa8E=,XFm50Uadd4WX72M2zoD+gmIVwK8=
70,89,FXD3MADodC92sRQZODocxi6oa8E=,XFm50Uadd4WX72M2zoD+gmIVwK8=
69,89,FXD3MADodC92sRQZODocxi6oa8E=,XFm50Uadd4WX72M2zoD+gmIVwK8=
70,95,FXD3MADodC92sRQZODocxi6oa8E=,XFm50Uadd4WX72M2zoD+gmIVwK8=
69,95,FXD3MADodC92sRQZODocxi6oa8E=,XFm50Uadd4WX72M2zoD+gmIVwK8=
68,95,FXD3MADodC92sRQZODocxi6oa8E=,XFm50Uadd4WX72M2zoD+gmIVwK8=
67,95,FXD3MADodC92sRQZODocxi6oa8E=,XFm50Uadd4WX72M2zoD+gmIVwK8=
67,88,FXD3MADodC92sRQZODocxi6oa8E=,XFm50Uadd4WX72M2zoD+gmIVwK8=
68,89,FXD3MADodC92sRQZODocxi6oa8E=,XFm50Uadd4WX72M2zoD+gmIVwK8=
68,92,FXD3MADodC92sRQZODocxi6oa8E=,XFm50Uadd4WX72M2zoD+gmIVwK8=
68,88,FXD3MADodC92sRQZODocxi6oa8E=,XFm50Uadd4WX72M2zoD+gmIVwK8=
66,95,FXD3MADodC92sRQZODocxi6oa8E=,XFm50Uadd4WX72M2zoD+gmIVwK8=
65,92,FXD3MADodC92sRQZODocxi6oa8E=,XFm50Uadd4WX72M2zoD+gmIVwK8=
66,92,FXD3MADodC92sRQZODocxi6oa8E=,XFm50Uadd4WX72M2zoD+gmIVwK8=
65,95,FXD3MADodC92sRQZODocxi6oa8E=,XFm50Uadd4WX72M2zoD+gmIVwK8=
66,91,FXD3MADodC92sRQZODocxi6oa8E=,XFm50Uadd4WX72M2zoD+gmIVwK8=
64,95,FXD3MADodC92sRQZODocxi6oa8E=,XFm50Uadd4WX72M2zoD+gmIVwK8=
67,92,FXD3MADodC92sRQZODocxi6oa8E=,XFm50Uadd4WX72M2zoD+gmIVwK8=
65,91,FXD3MADodC92sRQZODocxi6oa8E=,XFm50Uadd4WX72M2zoD+gmIVwK8=
67,91,FXD3MADodC92sRQZODocxi6oa8E=,XFm50Uadd4WX72M2zoD+gmIVwK8=
64,91,FXD3MADodC92sRQZODocxi6oa8E=,XFm50Uadd4WX72M2zoD+gmIVwK8=
64,92,FXD3MADodC92sRQZODocxi6oa8E=,XFm50Uadd4WX72M2zoD+gmIVwK8=
71,94,FXD3MADodC92sRQZODocxi6oa8E=,XFm50Uadd4WX72M2zoD+gmIVwK8=
69,94,FXD3MADodC92sRQZODocxi6oa8E=,XFm50Uadd4WX72M2zoD+gmIVwK8=
68,94,FXD3MADodC92sRQZODocxi6oa8E=,XFm50Uadd4WX72M2zoD+gmIVwK8=
70,94,FXD3MADodC92sRQZODocxi6oa8E=,XFm50Uadd4WX72M2zoD+gmIVwK8=
67,89,FXD3MADodC92sRQZODocxi6oa8E=,XFm50Uadd4WX72M2zoD+gmIVwK8=
68,90,FXD3MADodC92sRQZODocxi6oa8E=,XFm50Uadd4WX72M2zoD+gmIVwK8=
70,88,FXD3MADodC92sRQZODocxi6oa8E=,XFm50Uadd4WX72M2zoD+gmIVwK8=
67,94,FXD3MADodC92sRQZODocxi6oa8E=,XFm50Uadd4WX72M2zoD+gmIVwK8=
66,89,FXD3MADodC92sRQZODocxi6oa8E=,XFm50Uadd4WX72M2zoD+gmIVwK8=
65,88,FXD3MADodC92sRQZODocxi6oa8E=,XFm50Uadd4WX72M2zoD+gmIVwK8=
71,93,FXD3MADodC92sRQZODocxi6oa8E=,XFm50Uadd4WX72M2zoD+gmIVwK8=
65,89,FXD3MADodC92sRQZODocxi6oa8E=,XFm50Uadd4WX72M2zoD+gmIVwK8=
70,93,FXD3MADodC92sRQZODocxi6oa8E=,XFm50Uadd4WX72M2zoD+gmIVwK8=
69,93,FXD3MADodC92sRQZODocxi6oa8E=,XFm50Uadd4WX72M2zoD+gmIVwK8=
68,93,FXD3MADodC92sRQZODocxi6oa8E=,XFm50Uadd4WX72M2zoD+gmIVwK8=
64,89,FXD3MADodC92sRQZODocxi6oa8E=,XFm50Uadd4WX72M2zoD+gmIVwK8=
66,90,FXD3MADodC92sRQZODocxi6oa8E=,XFm50Uadd4WX72M2zoD+gmIVwK8=
65,90,FXD3MADodC92sRQZODocxi6oa8E=,XFm50Uadd4WX72M2zoD+gmIVwK8=
64,90,FXD3MADodC92sRQZODocxi6oa8E=,XFm50Uadd4WX72M2zoD+gmIVwK8=
64,94,FXD3MADodC92sRQZODocxi6oa8E=,XFm50Uadd4WX72M2zoD+gmIVwK8=
64,88,FXD3MADodC92sRQZODocxi6oa8E=,XFm50Uadd4WX72M2zoD+gmIVwK8=
66,93,FXD3MADodC92sRQZODocxi6oa8E=,XFm50Uadd4WX72M2zoD+gmIVwK8=
65,93,FXD3MADodC92sRQZODocxi6oa8E=,XFm50Uadd4WX72M2zoD+gmIVwK8=
66,94,FXD3MADodC92sRQZODocxi6oa8E=,XFm50Uadd4WX72M2zoD+gmIVwK8=
65,94,FXD3MADodC92sRQZODocxi6oa8E=,XFm50Uadd4WX72M2zoD+gmIVwK8=
67,93,FXD3MADodC92sRQZODocxi6oa8E=,XFm50Uadd4WX72M2zoD+gmIVwK8=
64,93,FXD3MADodC92sRQZODocxi6oa8E=,XFm50Uadd4WX72M2zoD+gmIVwK8=
67,90,FXD3MADodC92sRQZODocxi6oa8E=,XFm50Uadd4WX72M2zoD+gmIVwK8=
73,90,FXD3MADodC92sRQZODocxi6oa8E=,eb1Xizrx+GKVEfS3OYMFcNW57Tw=
74,90,FXD3MADodC92sRQZODocxi6oa8E=,eb1Xizrx+GKVEfS3OYMFcNW57Tw=
77,89,FXD3MADodC92sRQZODocxi6oa8E=,eb1Xizrx+GKVEfS3OYMFcNW57Tw=
76,89,FXD3MADodC92sRQZODocxi6oa8E=,eb1Xizrx+GKVEfS3OYMFcNW57Tw=
75,89,FXD3MADodC92sRQZODocxi6oa8E=,eb1Xizrx+GKVEfS3OYMFcNW57Tw=
74,89,FXD3MADodC92sRQZODocxi6oa8E=,eb1Xizrx+GKVEfS3OYMFcNW57Tw=
73,89,FXD3MADodC92sRQZODocxi6oa8E=,eb1Xizrx+GKVEfS3OYMFcNW57Tw=
78,89,FXD3MADodC92sRQZODocxi6oa8E=,eb1Xizrx+GKVEfS3OYMFcNW57Tw=
78,88,FXD3MADodC92sRQZODocxi6oa8E=,eb1Xizrx+GKVEfS3OYMFcNW57Tw=
77,88,FXD3MADodC92sRQZODocxi6oa8E=,eb1Xizrx+GKVEfS3OYMFcNW57Tw=
76,88,FXD3MADodC92sRQZODocxi6oa8E=,eb1Xizrx+GKVEfS3OYMFcNW57Tw=
75,88,FXD3MADodC92sRQZODocxi6oa8E=,eb1Xizrx+GKVEfS3OYMFcNW57Tw=
74,88,FXD3MADodC92sRQZODocxi6oa8E=,eb1Xizrx+GKVEfS3OYMFcNW57Tw=
73,88,FXD3MADodC92sRQZODocxi6oa8E=,eb1Xizrx+GKVEfS3OYMFcNW57Tw=
78,94,FXD3MADodC92sRQZODocxi6oa8E=,eb1Xizrx+GKVEfS3OYMFcNW57Tw=
77,94,FXD3MADodC92sRQZODocxi6oa8E=,eb1Xizrx+GKVEfS3OYMFcNW57Tw=
76,94,FXD3MADodC92sRQZODocxi6oa8E=,eb1Xizrx+GKVEfS3OYMFcNW57Tw=
75,94,FXD3MADodC92sRQZODocxi6oa8E=,eb1Xizrx+GKVEfS3OYMFcNW57Tw=
74,94,FXD3MADodC92sRQZODocxi6oa8E=,eb1Xizrx+GKVEfS3OYMFcNW57Tw=
73,94,FXD3MADodC92sRQZODocxi6oa8E=,eb1Xizrx+GKVEfS3OYMFcNW57Tw=
78,93,FXD3MADodC92sRQZODocxi6oa8E=,eb1Xizrx+GKVEfS3OYMFcNW57Tw=
77,93,FXD3MADodC92sRQZODocxi6oa8E=,eb1Xizrx+GKVEfS3OYMFcNW57Tw=
76,93,FXD3MADodC92sRQZODocxi6oa8E=,eb1Xizrx+GKVEfS3OYMFcNW57Tw=
75,93,FXD3MADodC92sRQZODocxi6oa8E=,eb1Xizrx+GKVEfS3OYMFcNW57Tw=
74,93,FXD3MADodC92sRQZODocxi6oa8E=,eb1Xizrx+GKVEfS3OYMFcNW57Tw=
73,93,FXD3MADodC92sRQZODocxi6oa8E=,eb1Xizrx+GKVEfS3OYMFcNW57Tw=
78,92,FXD3MADodC92sRQZODocxi6oa8E=,eb1Xizrx+GKVEfS3OYMFcNW57Tw=
77,92,FXD3MADodC92sRQZODocxi6oa8E=,eb1Xizrx+GKVEfS3OYMFcNW57Tw=
76,92,FXD3MADodC92sRQZODocxi6oa8E=,eb1Xizrx+GKVEfS3OYMFcNW57Tw=
75,92,FXD3MADodC92sRQZODocxi6oa8E=,eb1Xizrx+GKVEfS3OYMFcNW57Tw=
74,92,FXD3MADodC92sRQZODocxi6oa8E=,eb1Xizrx+GKVEfS3OYMFcNW57Tw=
73,92,FXD3MADodC92sRQZODocxi6oa8E=,eb1Xizrx+GKVEfS3OYMFcNW57Tw=
78,91,FXD3MADodC92sRQZODocxi6oa8E=,eb1Xizrx+GKVEfS3OYMFcNW57Tw=
77,91,FXD3MADodC92sRQZODocxi6oa8E=,eb1Xizrx+GKVEfS3OYMFcNW57Tw=
76,91,FXD3MADodC92sRQZODocxi6oa8E=,eb1Xizrx+GKVEfS3OYMFcNW57Tw=
75,91,FXD3MADodC92sRQZODocxi6oa8E=,eb1Xizrx+GKVEfS3OYMFcNW57Tw=
74,91,FXD3MADodC92sRQZODocxi6oa8E=,eb1Xizrx+GKVEfS3OYMFcNW57Tw=
73,91,FXD3MADodC92sRQZODocxi6oa8E=,eb1Xizrx+GKVEfS3OYMFcNW57Tw=
78,90,FXD3MADodC92sRQZODocxi6oa8E=,eb1Xizrx+GKVEfS3OYMFcNW57Tw=
77,90,FXD3MADodC92sRQZODocxi6oa8E=,eb1Xizrx+GKVEfS3OYMFcNW57Tw=
76,90,FXD3MADodC92sRQZODocxi6oa8E=,eb1Xizrx+GKVEfS3OYMFcNW57Tw=
75,90,FXD3MADodC92sRQZODocxi6oa8E=,eb1Xizrx+GKVEfS3OYMFcNW57Tw=
79,90,FXD3MADodC92sRQZODocxi6oa8E=,eb1Xizrx+GKVEfS3OYMFcNW57Tw=
79,94,FXD3MADodC92sRQZODocxi6oa8E=,eb1Xizrx+GKVEfS3OYMFcNW57Tw=
79,93,FXD3MADodC92sRQZODocxi6oa8E=,eb1Xizrx+GKVEfS3OYMFcNW57Tw=
79,92,FXD3MADodC92sRQZODocxi6oa8E=,eb1Xizrx+GKVEfS3OYMFcNW57Tw=
79,91,FXD3MADodC92sRQZODocxi6oa8E=,eb1Xizrx+GKVEfS3OYMFcNW57Tw=
79,88,FXD3MADodC92sRQZODocxi6oa8E=,eb1Xizrx+GKVEfS3OYMFcNW57Tw=
79,89,FXD3MADodC92sRQZODocxi6oa8E=,eb1Xizrx+GKVEfS3OYMFcNW57Tw=
72,90,FXD3MADodC92sRQZODocxi6oa8E=,eb1Xizrx+GKVEfS3OYMFcNW57Tw=
72,91,FXD3MADodC92sRQZODocxi6oa8E=,eb1Xizrx+GKVEfS3OYMFcNW57Tw=
72,92,FXD3MADodC92sRQZODocxi6oa8E=,eb1Xizrx+GKVEfS3OYMFcNW57Tw=
72,93,FXD3MADodC92sRQZODocxi6oa8E=,eb1Xizrx+GKVEfS3OYMFcNW57Tw=
72,94,FXD3MADodC92sRQZODocxi6oa8E=,eb1Xizrx+GKVEfS3OYMFcNW57Tw=
72,88,FXD3MADodC92sRQZODocxi6oa8E=,eb1Xizrx+GKVEfS3OYMFcNW57Tw=
72,89,FXD3MADodC92sRQZODocxi6oa8E=,eb1Xizrx+GKVEfS3OYMFcNW57Tw=
72,95,FXD3MADodC92sRQZODocxi6oa8E=,eb1Xizrx+GKVEfS3OYMFcNW57Tw=
73,95,FXD3MADodC92sRQZODocxi6oa8E=,eb1Xizrx+GKVEfS3OYMFcNW57Tw=
74,95,FXD3MADodC92sRQZODocxi6oa8E=,eb1Xizrx+GKVEfS3OYMFcNW57Tw=
78,95,FXD3MADodC92sRQZODocxi6oa8E=,eb1Xizrx+GKVEfS3OYMFcNW57Tw=
79,95,FXD3MADodC92sRQZODocxi6oa8E=,eb1Xizrx+GKVEfS3OYMFcNW57Tw=
77,95,FXD3MADodC92sRQZODocxi6oa8E=,eb1Xizrx+GKVEfS3OYMFcNW57Tw=
75,95,FXD3MADodC92sRQZODocxi6oa8E=,eb1Xizrx+GKVEfS3OYMFcNW57Tw=
76,95,FXD3MADodC92sRQZODocxi6oa8E=,eb1Xizrx+GKVEfS3OYMFcNW57Tw=
83,93,jkPfUjnnRaWx0aIMemiXhOtA8Nc=,e3c76hHsxR/u8C20aEniMp96IDE=
80,91,jkPfUjnnRaWx0aIMemiXhOtA8Nc=,e3c76hHsxR/u8C20aEniMp96IDE=
80,88,jkPfUjnnRaWx0aIMemiXhOtA8Nc=,e3c76hHsxR/u8C20aEniMp96IDE=
81,91,jkPfUjnnRaWx0aIMemiXhOtA8Nc=,e3c76hHsxR/u8C20aEniMp96IDE=
84,88,jkPfUjnnRaWx0aIMemiXhOtA8Nc=,e3c76hHsxR/u8C20aEniMp96IDE=
82,92,jkPfUjnnRaWx0aIMemiXhOtA8Nc=,e3c76hHsxR/u8C20aEniMp96IDE=
82,91,jkPfUjnnRaWx0aIMemiXhOtA8Nc=,e3c76hHsxR/u8C20aEniMp96IDE=
85,88,jkPfUjnnRaWx0aIMemiXhOtA8Nc=,e3c76hHsxR/u8C20aEniMp96IDE=
86,89,jkPfUjnnRaWx0aIMemiXhOtA8Nc=,e3c76hHsxR/u8C20aEniMp96IDE=
80,90,jkPfUjnnRaWx0aIMemiXhOtA8Nc=,e3c76hHsxR/u8C20aEniMp96IDE=
81,90,jkPfUjnnRaWx0aIMemiXhOtA8Nc=,e3c76hHsxR/u8C20aEniMp96IDE=
83,92,jkPfUjnnRaWx0aIMemiXhOtA8Nc=,e3c76hHsxR/u8C20aEniMp96IDE=
84,89,jkPfUjnnRaWx0aIMemiXhOtA8Nc=,e3c76hHsxR/u8C20aEniMp96IDE=
83,91,jkPfUjnnRaWx0aIMemiXhOtA8Nc=,e3c76hHsxR/u8C20aEniMp96IDE=
86,88,jkPfUjnnRaWx0aIMemiXhOtA8Nc=,e3c76hHsxR/u8C20aEniMp96IDE=
82,90,jkPfUjnnRaWx0aIMemiXhOtA8Nc=,e3c76hHsxR/u8C20aEniMp96IDE=
83,90,jkPfUjnnRaWx0aIMemiXhOtA8Nc=,e3c76hHsxR/u8C20aEniMp96IDE=
84,91,jkPfUjnnRaWx0aIMemiXhOtA8Nc=,e3c76hHsxR/u8C20aEniMp96IDE=
81,88,jkPfUjnnRaWx0aIMemiXhOtA8Nc=,e3c76hHsxR/u8C20aEniMp96IDE=
84,90,jkPfUjnnRaWx0aIMemiXhOtA8Nc=,e3c76hHsxR/u8C20aEniMp96IDE=
80,94,jkPfUjnnRaWx0aIMemiXhOtA8Nc=,e3c76hHsxR/u8C20aEniMp96IDE=
80,89,jkPfUjnnRaWx0aIMemiXhOtA8Nc=,e3c76hHsxR/u8C20aEniMp96IDE=
85,91,jkPfUjnnRaWx0aIMemiXhOtA8Nc=,e3c76hHsxR/u8C20aEniMp96IDE=
85,90,jkPfUjnnRaWx0aIMemiXhOtA8Nc=,e3c76hHsxR/u8C20aEniMp96IDE=
82,88,jkPfUjnnRaWx0aIMemiXhOtA8Nc=,e3c76hHsxR/u8C20aEniMp96IDE=
86,90,jkPfUjnnRaWx0aIMemiXhOtA8Nc=,e3c76hHsxR/u8C20aEniMp96IDE=
81,89,jkPfUjnnRaWx0aIMemiXhOtA8Nc=,e3c76hHsxR/u8C20aEniMp96IDE=
84,92,jkPfUjnnRaWx0aIMemiXhOtA8Nc=,e3c76hHsxR/u8C20aEniMp96IDE=
86,91,jkPfUjnnRaWx0aIMemiXhOtA8Nc=,e3c76hHsxR/u8C20aEniMp96IDE=
80,93,jkPfUjnnRaWx0aIMemiXhOtA8Nc=,e3c76hHsxR/u8C20aEniMp96IDE=
81,93,jkPfUjnnRaWx0aIMemiXhOtA8Nc=,e3c76hHsxR/u8C20aEniMp96IDE=
82,93,jkPfUjnnRaWx0aIMemiXhOtA8Nc=,e3c76hHsxR/u8C20aEniMp96IDE=
85,89,jkPfUjnnRaWx0aIMemiXhOtA8Nc=,e3c76hHsxR/u8C20aEniMp96IDE=
83,88,jkPfUjnnRaWx0aIMemiXhOtA8Nc=,e3c76hHsxR/u8C20aEniMp96IDE=
82,89,jkPfUjnnRaWx0aIMemiXhOtA8Nc=,e3c76hHsxR/u8C20aEniMp96IDE=
83,89,jkPfUjnnRaWx0aIMemiXhOtA8Nc=,e3c76hHsxR/u8C20aEniMp96IDE=
80,92,jkPfUjnnRaWx0aIMemiXhOtA8Nc=,e3c76hHsxR/u8C20aEniMp96IDE=
81,92,jkPfUjnnRaWx0aIMemiXhOtA8Nc=,e3c76hHsxR/u8C20aEniMp96IDE=
81,94,jkPfUjnnRaWx0aIMemiXhOtA8Nc=,e3c76hHsxR/u8C20aEniMp96IDE=
82,94,jkPfUjnnRaWx0aIMemiXhOtA8Nc=,e3c76hHsxR/u8C20aEniMp96IDE=
88,88,jkPfUjnnRaWx0aIMemiXhOtA8Nc=,kpniLBxFvW/zTS+7YRjT7+H2IbU=
89,88,jkPfUjnnRaWx0aIMemiXhOtA8Nc=,kpniLBxFvW/zTS+7YRjT7+H2IbU=
87,88,jkPfUjnnRaWx0aIMemiXhOtA8Nc=,e3c76hHsxR/u8C20aEniMp96IDE=
90,88,jkPfUjnnRaWx0aIMemiXhOtA8Nc=,kpniLBxFvW/zTS+7YRjT7+H2IbU=
91,88,jkPfUjnnRaWx0aIMemiXhOtA8Nc=,kpniLBxFvW/zTS+7YRjT7+H2IbU=
92,88,jkPfUjnnRaWx0aIMemiXhOtA8Nc=,kpniLBxFvW/zTS+7YRjT7+H2IbU=
93,88,jkPfUjnnRaWx0aIMemiXhOtA8Nc=,kpniLBxFvW/zTS+7YRjT7+H2IbU=
94,88,jkPfUjnnRaWx0aIMemiXhOtA8Nc=,kpniLBxFvW/zTS+7YRjT7+H2IbU=
95,94,jkPfUjnnRaWx0aIMemiXhOtA8Nc=,kpniLBxFvW/zTS+7YRjT7+H2IbU=
95,88,jkPfUjnnRaWx0aIMemiXhOtA8Nc=,kpniLBxFvW/zTS+7YRjT7+H2IbU=
89,95,jkPfUjnnRaWx0aIMemiXhOtA8Nc=,kpniLBxFvW/zTS+7YRjT7+H2IbU=
90,95,jkPfUjnnRaWx0aIMemiXhOtA8Nc=,kpniLBxFvW/zTS+7YRjT7+H2IbU=
88,89,jkPfUjnnRaWx0aIMemiXhOtA8Nc=,kpniLBxFvW/zTS+7YRjT7+H2IbU=
91,95,jkPfUjnnRaWx0aIMemiXhOtA8Nc=,kpniLBxFvW/zTS+7YRjT7+H2IbU=
89,89,jkPfUjnnRaWx0aIMemiXhOtA8Nc=,kpniLBxFvW/zTS+7YRjT7+H2IbU=
90,89,jkPfUjnnRaWx0aIMemiXhOtA8Nc=,kpniLBxFvW/zTS+7YRjT7+H2IbU=
91,89,jkPfUjnnRaWx0aIMemiXhOtA8Nc=,kpniLBxFvW/zTS+7YRjT7+H2IbU=
92,95,jkPfUjnnRaWx0aIMemiXhOtA8Nc=,kpniLBxFvW/zTS+7YRjT7+H2IbU=
92,89,jkPfUjnnRaWx0aIMemiXhOtA8Nc=,kpniLBxFvW/zTS+7YRjT7+H2IbU=
93,95,jkPfUjnnRaWx0aIMemiXhOtA8Nc=,kpniLBxFvW/zTS+7YRjT7+H2IbU=
94,95,jkPfUjnnRaWx0aIMemiXhOtA8Nc=,kpniLBxFvW/zTS+7YRjT7+H2IbU=
95,95,jkPfUjnnRaWx0aIMemiXhOtA8Nc=,kpniLBxFvW/zTS+7YRjT7+H2IbU=
93,89,jkPfUjnnRaWx0aIMemiXhOtA8Nc=,kpniLBxFvW/zTS+7YRjT7+H2IbU=
94,89,jkPfUjnnRaWx0aIMemiXhOtA8Nc=,kpniLBxFvW/zTS+7YRjT7+H2IbU=
88,90,jkPfUjnnRaWx0aIMemiXhOtA8Nc=,kpniLBxFvW/zTS+7YRjT7+H2IbU=
87,89,jkPfUjnnRaWx0aIMemiXhOtA8Nc=,e3c76hHsxR/u8C20aEniMp96IDE=
89,90,jkPfUjnnRaWx0aIMemiXhOtA8Nc=,kpniLBxFvW/zTS+7YRjT7+H2IbU=
83,94,jkPfUjnnRaWx0aIMemiXhOtA8Nc=,e3c76hHsxR/u8C20aEniMp96IDE=
87,90,jkPfUjnnRaWx0aIMemiXhOtA8Nc=,e3c76hHsxR/u8C20aEniMp96IDE=
87,91,jkPfUjnnRaWx0aIMemiXhOtA8Nc=,e3c76hHsxR/u8C20aEniMp96IDE=
92,90,jkPfUjnnRaWx0aIMemiXhOtA8Nc=,kpniLBxFvW/zTS+7YRjT7+H2IbU=
93,90,jkPfUjnnRaWx0aIMemiXhOtA8Nc=,kpniLBxFvW/zTS+7YRjT7+H2IbU=
81,95,jkPfUjnnRaWx0aIMemiXhOtA8Nc=,e3c76hHsxR/u8C20aEniMp96IDE=
94,90,jkPfUjnnRaWx0aIMemiXhOtA8Nc=,kpniLBxFvW/zTS+7YRjT7+H2IbU=
91,90,jkPfUjnnRaWx0aIMemiXhOtA8Nc=,kpniLBxFvW/zTS+7YRjT7+H2IbU=
94,94,jkPfUjnnRaWx0aIMemiXhOtA8Nc=,kpniLBxFvW/zTS+7YRjT7+H2IbU=
95,89,jkPfUjnnRaWx0aIMemiXhOtA8Nc=,kpniLBxFvW/zTS+7YRjT7+H2IbU=
91,93,ONwUK9WM7M5S4SozuGgBbz3ryDs=,kpniLBxFvW/zTS+7YRjT7+H2IbU=
89,93,jkPfUjnnRaWx0aIMemiXhOtA8Nc=,kpniLBxFvW/zTS+7YRjT7+H2IbU=
90,90,jkPfUjnnRaWx0aIMemiXhOtA8Nc=,kpniLBxFvW/zTS+7YRjT7+H2IbU=
91,94,jkPfUjnnRaWx0aIMemiXhOtA8Nc=,kpniLBxFvW/zTS+7YRjT7+H2IbU=
95,92,ONwUK9WM7M5S4SozuGgBbz3ryDs=,kpniLBxFvW/zTS+7YRjT7+H2IbU=
94,93,ONwUK9WM7M5S4SozuGgBbz3ryDs=,kpniLBxFvW/zTS+7YRjT7+H2IbU=
95,90,jkPfUjnnRaWx0aIMemiXhOtA8Nc=,kpniLBxFvW/zTS+7YRjT7+H2IbU=
92,93,jkPfUjnnRaWx0aIMemiXhOtA8Nc=,kpniLBxFvW/zTS+7YRjT7+H2IbU=
94,92,ONwUK9WM7M5S4SozuGgBbz3ryDs=,kpniLBxFvW/zTS+7YRjT7+H2IbU=
83,95,jkPfUjnnRaWx0aIMemiXhOtA8Nc=,e3c76hHsxR/u8C20aEniMp96IDE=
88,95,jkPfUjnnRaWx0aIMemiXhOtA8Nc=,kpniLBxFvW/zTS+7YRjT7+H2IbU=
90,93,jkPfUjnnRaWx0aIMemiXhOtA8Nc=,kpniLBxFvW/zTS+7YRjT7+H2IbU=
93,92,ONwUK9WM7M5S4SozuGgBbz3ryDs=,kpniLBxFvW/zTS+7YRjT7+H2IbU=
92,92,ONwUK9WM7M5S4SozuGgBbz3ryDs=,kpniLBxFvW/zTS+7YRjT7+H2IbU=
89,94,jkPfUjnnRaWx0aIMemiXhOtA8Nc=,kpniLBxFvW/zTS+7YRjT7+H2IbU=
88,91,jkPfUjnnRaWx0aIMemiXhOtA8Nc=,kpniLBxFvW/zTS+7YRjT7+H2IbU=
92,91,jkPfUjnnRaWx0aIMemiXhOtA8Nc=,kpniLBxFvW/zTS+7YRjT7+H2IbU=
93,94,jkPfUjnnRaWx0aIMemiXhOtA8Nc=,kpniLBxFvW/zTS+7YRjT7+H2IbU=
94,91,jkPfUjnnRaWx0aIMemiXhOtA8Nc=,kpniLBxFvW/zTS+7YRjT7+H2IbU=
95,91,jkPfUjnnRaWx0aIMemiXhOtA8Nc=,kpniLBxFvW/zTS+7YRjT7+H2IbU=
91,91,jkPfUjnnRaWx0aIMemiXhOtA8Nc=,kpniLBxFvW/zTS+7YRjT7+H2IbU=
90,92,ONwUK9WM7M5S4SozuGgBbz3ryDs=,kpniLBxFvW/zTS+7YRjT7+H2IbU=
89,92,ONwUK9WM7M5S4SozuGgBbz3ryDs=,kpniLBxFvW/zTS+7YRjT7+H2IbU=
88,94,jkPfUjnnRaWx0aIMemiXhOtA8Nc=,kpniLBxFvW/zTS+7YRjT7+H2IbU=
85,93,jkPfUjnnRaWx0aIMemiXhOtA8Nc=,e3c76hHsxR/u8C20aEniMp96IDE=
84,94,jkPfUjnnRaWx0aIMemiXhOtA8Nc=,e3c76hHsxR/u8C20aEniMp96IDE=
93,91,jkPfUjnnRaWx0aIMemiXhOtA8Nc=,kpniLBxFvW/zTS+7YRjT7+H2IbU=
85,92,jkPfUjnnRaWx0aIMemiXhOtA8Nc=,e3c76hHsxR/u8C20aEniMp96IDE=
88,92,ONwUK9WM7M5S4SozuGgBbz3ryDs=,kpniLBxFvW/zTS+7YRjT7+H2IbU=
91,92,ONwUK9WM7M5S4SozuGgBbz3ryDs=,kpniLBxFvW/zTS+7YRjT7+H2IbU=
85,95,jkPfUjnnRaWx0aIMemiXhOtA8Nc=,e3c76hHsxR/u8C20aEniMp96IDE=
86,92,jkPfUjnnRaWx0aIMemiXhOtA8Nc=,e3c76hHsxR/u8C20aEniMp96IDE=
90,91,jkPfUjnnRaWx0aIMemiXhOtA8Nc=,kpniLBxFvW/zTS+7YRjT7+H2IbU=
86,94,jkPfUjnnRaWx0aIMemiXhOtA8Nc=,e3c76hHsxR/u8C20aEniMp96IDE=
92,94,jkPfUjnnRaWx0aIMemiXhOtA8Nc=,kpniLBxFvW/zTS+7YRjT7+H2IbU=
89,91,jkPfUjnnRaWx0aIMemiXhOtA8Nc=,kpniLBxFvW/zTS+7YRjT7+H2IbU=
86,95,jkPfUjnnRaWx0aIMemiXhOtA8Nc=,e3c76hHsxR/u8C20aEniMp96IDE=
95,93,jkPfUjnnRaWx0aIMemiXhOtA8Nc=,kpniLBxFvW/zTS+7YRjT7+H2IbU=
80,95,jkPfUjnnRaWx0aIMemiXhOtA8Nc=,e3c76hHsxR/u8C20aEniMp96IDE=
86,93,jkPfUjnnRaWx0aIMemiXhOtA8Nc=,e3c76hHsxR/u8C20aEniMp96IDE=
87,95,ONwUK9WM7M5S4SozuGgBbz3ryDs=,e3c76hHsxR/u8C20aEniMp96IDE=
93,93,jkPfUjnnRaWx0aIMemiXhOtA8Nc=,kpniLBxFvW/zTS+7YRjT7+H2IbU=
82,95,jkPfUjnnRaWx0aIMemiXhOtA8Nc=,e3c76hHsxR/u8C20aEniMp96IDE=
85,94,jkPfUjnnRaWx0aIMemiXhOtA8Nc=,e3c76hHsxR/u8C20aEniMp96IDE=
87,92,ONwUK9WM7M5S4SozuGgBbz3ryDs=,e3c76hHsxR/u8C20aEniMp96IDE=
88,93,jkPfUjnnRaWx0aIMemiXhOtA8Nc=,kpniLBxFvW/zTS+7YRjT7+H2IbU=
87,94,ONwUK9WM7M5S4SozuGgBbz3ryDs=,e3c76hHsxR/u8C20aEniMp96IDE=
84,93,jkPfUjnnRaWx0aIMemiXhOtA8Nc=,e3c76hHsxR/u8C20aEniMp96IDE=
87,93,jkPfUjnnRaWx0aIMemiXhOtA8Nc=,e3c76hHsxR/u8C20aEniMp96IDE=
90,94,jkPfUjnnRaWx0aIMemiXhOtA8Nc=,kpniLBxFvW/zTS+7YRjT7+H2IbU=
84,95,jkPfUjnnRaWx0aIMemiXhOtA8Nc=,e3c76hHsxR/u8C20aEniMp96IDE=
