-4,-110,/M6M8YB+u374sNHioOVe6fOkyD8=,/SfzreH6at1+z6l8j36ZAG/urmc=
-3,-110,/M6M8YB+u374sNHioOVe6fOkyD8=,/SfzreH6at1+z6l8j36ZAG/urmc=
-1,-112,/M6M8YB+u374sNHioOVe6fOkyD8=,/SfzreH6at1+z6l8j36ZAG/urmc=
-2,-110,/M6M8YB+u374sNHioOVe6fOkyD8=,/SfzreH6at1+z6l8j36ZAG/urmc=
-7,-105,/M6M8YB+u374sNHioOVe6fOkyD8=,/SfzreH6at1+z6l8j36ZAG/urmc=
-6,-105,/M6M8YB+u374sNHioOVe6fOkyD8=,/SfzreH6at1+z6l8j36ZAG/urmc=
-6,-108,/M6M8YB+u374sNHioOVe6fOkyD8=,/SfzreH6at1+z6l8j36ZAG/urmc=
-1,-110,/M6M8YB+u374sNHioOVe6fOkyD8=,/SfzreH6at1+z6l8j36ZAG/urmc=
-8,-105,/M6M8YB+u374sNHioOVe6fOkyD8=,/SfzreH6at1+z6l8j36ZAG/urmc=
-2,-112,/M6M8YB+u374sNHioOVe6fOkyD8=,/SfzreH6at1+z6l8j36ZAG/urmc=
-3,-112,/M6M8YB+u374sNHioOVe6fOkyD8=,/SfzreH6at1+z6l8j36ZAG/urmc=
-4,-108,/M6M8YB+u374sNHioOVe6fOkyD8=,/SfzreH6at1+z6l8j36ZAG/urmc=
-1,-108,/M6M8YB+u374sNHioOVe6fOkyD8=,/SfzreH6at1+z6l8j36ZAG/urmc=
-8,-107,/M6M8YB+u374sNHioOVe6fOkyD8=,/SfzreH6at1+z6l8j36ZAG/urmc=
-7,-108,/M6M8YB+u374sNHioOVe6fOkyD8=,/SfzreH6at1+z6l8j36ZAG/urmc=
-5,-110,/M6M8YB+u374sNHioOVe6fOkyD8=,/SfzreH6at1+z6l8j36ZAG/urmc=
-8,-109,/M6M8YB+u374sNHioOVe6fOkyD8=,/SfzreH6at1+z6l8j36ZAG/urmc=
-1,-111,/M6M8YB+u374sNHioOVe6fOkyD8=,/SfzreH6at1+z6l8j36ZAG/urmc=
-7,-107,/M6M8YB+u374sNHioOVe6fOkyD8=,/SfzreH6at1+z6l8j36ZAG/urmc=
-2,-108,/M6M8YB+u374sNHioOVe6fOkyD8=,/SfzreH6at1+z6l8j36ZAG/urmc=
-3,-108,/M6M8YB+u374sNHioOVe6fOkyD8=,/SfzreH6at1+z6l8j36ZAG/urmc=
-2,-111,/M6M8YB+u374sNHioOVe6fOkyD8=,/SfzreH6at1+z6l8j36ZAG/urmc=
-6,-110,/M6M8YB+u374sNHioOVe6fOkyD8=,/SfzreH6at1+z6l8j36ZAG/urmc=
-2,-106,/M6M8YB+u374sNHioOVe6fOkyD8=,/SfzreH6at1+z6l8j36ZAG/urmc=
-7,-109,/M6M8YB+u374sNHioOVe6fOkyD8=,/SfzreH6at1+z6l8j36ZAG/urmc=
-2,-107,/M6M8YB+u374sNHioOVe6fOkyD8=,/SfzreH6at1+z6l8j36ZAG/urmc=
-6,-106,/M6M8YB+u374sNHioOVe6fOkyD8=,/SfzreH6at1+z6l8j36ZAG/urmc=
-7,-106,/M6M8YB+u374sNHioOVe6fOkyD8=,/SfzreH6at1+z6l8j36ZAG/urmc=
-1,-106,/M6M8YB+u374sNHioOVe6fOkyD8=,/SfzreH6at1+z6l8j36ZAG/urmc=
-8,-112,/M6M8YB+u374sNHioOVe6fOkyD8=,/SfzreH6at1+z6l8j36ZAG/urmc=
-3,-111,/M6M8YB+u374sNHioOVe6fOkyD8=,/SfzreH6at1+z6l8j36ZAG/urmc=
-5,-112,/M6M8YB+u374sNHioOVe6fOkyD8=,/SfzreH6at1+z6l8j36ZAG/urmc=
-6,-112,/M6M8YB+u374sNHioOVe6fOkyD8=,/SfzreH6at1+z6l8j36ZAG/urmc=
-8,-108,/M6M8YB+u374sNHioOVe6fOkyD8=,/SfzreH6at1+z6l8j36ZAG/urmc=
-7,-112,/M6M8YB+u374sNHioOVe6fOkyD8=,/SfzreH6at1+z6l8j36ZAG/urmc=
-3,-105,/M6M8YB+u374sNHioOVe6fOkyD8=,/SfzreH6at1+z6l8j36ZAG/urmc=
-1,-109,/M6M8YB+u374sNHioOVe6fOkyD8=,/SfzreH6at1+z6l8j36ZAG/urmc=
-2,-109,/M6M8YB+u374sNHioOVe6fOkyD8=,/SfzreH6at1+z6l8j36ZAG/urmc=
-8,-111,/M6M8YB+u374sNHioOVe6fOkyD8=,/SfzreH6at1+z6l8j36ZAG/urmc=
-4,-109,/M6M8YB+u374sNHioOVe6fOkyD8=,/SfzreH6at1+z6l8j36ZAG/urmc=
-3,-106,/M6M8YB+u374sNHioOVe6fOkyD8=,/SfzreH6at1+z6l8j36ZAG/urmc=
-1,-107,/M6M8YB+u374sNHioOVe6fOkyD8=,/SfzreH6at1+z6l8j36ZAG/urmc=
-4,-111,/M6M8YB+u374sNHioOVe6fOkyD8=,/SfzreH6at1+z6l8j36ZAG/urmc=
-6,-109,/M6M8YB+u374sNHioOVe6fOkyD8=,/SfzreH6at1+z6l8j36ZAG/urmc=
-7,-110,/M6M8YB+u374sNHioOVe6fOkyD8=,/SfzreH6at1+z6l8j36ZAG/urmc=
-6,-111,/M6M8YB+u374sNHioOVe6fOkyD8=,/SfzreH6at1+z6l8j36ZAG/urmc=
-5,-108,/M6M8YB+u374sNHioOVe6fOkyD8=,/SfzreH6at1+z6l8j36ZAG/urmc=
-4,-106,/M6M8YB+u374sNHioOVe6fOkyD8=,/SfzreH6at1+z6l8j36ZAG/urmc=
-4,-105,/M6M8YB+u374sNHioOVe6fOkyD8=,/SfzreH6at1+z6l8j36ZAG/urmc=
-8,-110,/M6M8YB+u374sNHioOVe6fOkyD8=,/SfzreH6at1+z6l8j36ZAG/urmc=
-5,-105,/M6M8YB+u374sNHioOVe6fOkyD8=,/SfzreH6at1+z6l8j36ZAG/urmc=
-4,-112,/M6M8YB+u374sNHioOVe6fOkyD8=,/SfzreH6at1+z6l8j36ZAG/urmc=
-5,-106,/M6M8YB+u374sNHioOVe6fOkyD8=,/SfzreH6at1+z6l8j36ZAG/urmc=
-3,-107,/M6M8YB+u374sNHioOVe6fOkyD8=,/SfzreH6at1+z6l8j36ZAG/urmc=
-1,-105,/M6M8YB+u374sNHioOVe6fOkyD8=,/SfzreH6at1+z6l8j36ZAG/urmc=
-6,-107,/M6M8YB+u374sNHioOVe6fOkyD8=,/SfzreH6at1+z6l8j36ZAG/urmc=
-5,-109,/M6M8YB+u374sNHioOVe6fOkyD8=,/SfzreH6at1+z6l8j36ZAG/urmc=
-7,-111,/M6M8YB+u374sNHioOVe6fOkyD8=,/SfzreH6at1+z6l8j36ZAG/urmc=
-4,-107,/M6M8YB+u374sNHioOVe6fOkyD8=,/SfzreH6at1+z6l8j36ZAG/urmc=
-5,-107,/M6M8YB+u374sNHioOVe6fOkyD8=,/SfzreH6at1+z6l8j36ZAG/urmc=
-3,-109,/M6M8YB+u374sNHioOVe6fOkyD8=,/SfzreH6at1+z6l8j36ZAG/urmc=
-5,-111,/M6M8YB+u374sNHioOVe6fOkyD8=,/SfzreH6at1+z6l8j36ZAG/urmc=
-8,-106,/M6M8YB+u374sNHioOVe6fOkyD8=,/SfzreH6at1+z6l8j36ZAG/urmc=
-2,-105,/M6M8YB+u374sNHioOVe6fOkyD8=,/SfzreH6at1+z6l8j36ZAG/urmc=
-23,-125,X8gmmVmhfmyxVMB+4F5HcDrX1y0=,/SfzreH6at1+z6l8j36ZAG/urmc=
-23,-126,X8gmmVmhfmyxVMB+4F5HcDrX1y0=,/SfzreH6at1+z6l8j36ZAG/urmc=
-21,-128,X8gmmVmhfmyxVMB+4F5HcDrX1y0=,/SfzreH6at1+z6l8j36ZAG/urmc=
-22,-127,X8gmmVmhfmyxVMB+4F5HcDrX1y0=,/SfzreH6at1+z6l8j36ZAG/urmc=
-19,-121,X8gmmVmhfmyxVMB+4F5HcDrX1y0=,/SfzreH6at1+z6l8j36ZAG/urmc=
-22,-125,X8gmmVmhfmyxVMB+4F5HcDrX1y0=,/SfzreH6at1+z6l8j36ZAG/urmc=
-20,-122,X8gmmVmhfmyxVMB+4F5HcDrX1y0=,/SfzreH6at1+z6l8j36ZAG/urmc=
-23,-127,X8gmmVmhfmyxVMB+4F5HcDrX1y0=,/SfzreH6at1+z6l8j36ZAG/urmc=
-24,-125,X8gmmVmhfmyxVMB+4F5HcDrX1y0=,/SfzreH6at1+z6l8j36ZAG/urmc=
-21,-127,X8gmmVmhfmyxVMB+4F5HcDrX1y0=,/SfzreH6at1+z6l8j36ZAG/urmc=
-21,-121,X8gmmVmhfmyxVMB+4F5HcDrX1y0=,/SfzreH6at1+z6l8j36ZAG/urmc=
-22,-121,X8gmmVmhfmyxVMB+4F5HcDrX1y0=,/SfzreH6at1+z6l8j36ZAG/urmc=
-20,-121,X8gmmVmhfmyxVMB+4F5HcDrX1y0=,/SfzreH6at1+z6l8j36ZAG/urmc=
-19,-122,X8gmmVmhfmyxVMB+4F5HcDrX1y0=,/SfzreH6at1+z6l8j36ZAG/urmc=
-17,-126,X8gmmVmhfmyxVMB+4F5HcDrX1y0=,/SfzreH6at1+z6l8j36ZAG/urmc=
-23,-121,X8gmmVmhfmyxVMB+4F5HcDrX1y0=,/SfzreH6at1+z6l8j36ZAG/urmc=
-21,-122,X8gmmVmhfmyxVMB+4F5HcDrX1y0=,/SfzreH6at1+z6l8j36ZAG/urmc=
-22,-122,X8gmmVmhfmyxVMB+4F5HcDrX1y0=,/SfzreH6at1+z6l8j36ZAG/urmc=
-17,-127,X8gmmVmhfmyxVMB+4F5HcDrX1y0=,/SfzreH6at1+z6l8j36ZAG/urmc=
-22,-123,X8gmmVmhfmyxVMB+4F5HcDrX1y0=,/SfzreH6at1+z6l8j36ZAG/urmc=
-18,-121,X8gmmVmhfmyxVMB+4F5HcDrX1y0=,/SfzreH6at1+z6l8j36ZAG/urmc=
-23,-122,X8gmmVmhfmyxVMB+4F5HcDrX1y0=,/SfzreH6at1+z6l8j36ZAG/urmc=
-21,-123,X8gmmVmhfmyxVMB+4F5HcDrX1y0=,/SfzreH6at1+z6l8j36ZAG/urmc=
-24,-127,X8gmmVmhfmyxVMB+4F5HcDrX1y0=,/SfzreH6at1+z6l8j36ZAG/urmc=
-24,-121,X8gmmVmhfmyxVMB+4F5HcDrX1y0=,/SfzreH6at1+z6l8j36ZAG/urmc=
-21,-125,X8gmmVmhfmyxVMB+4F5HcDrX1y0=,/SfzreH6at1+z6l8j36ZAG/urmc=
-22,-124,X8gmmVmhfmyxVMB+4F5HcDrX1y0=,/SfzreH6at1+z6l8j36ZAG/urmc=
-18,-126,X8gmmVmhfmyxVMB+4F5HcDrX1y0=,/SfzreH6at1+z6l8j36ZAG/urmc=
-20,-128,X8gmmVmhfmyxVMB+4F5HcDrX1y0=,/SfzreH6at1+z6l8j36ZAG/urmc=
-19,-126,X8gmmVmhfmyxVMB+4F5HcDrX1y0=,/SfzreH6at1+z6l8j36ZAG/urmc=
-17,-121,X8gmmVmhfmyxVMB+4F5HcDrX1y0=,/SfzreH6at1+z6l8j36ZAG/urmc=
-24,-123,X8gmmVmhfmyxVMB+4F5HcDrX1y0=,/SfzreH6at1+z6l8j36ZAG/urmc=
-20,-126,X8gmmVmhfmyxVMB+4F5HcDrX1y0=,/SfzreH6at1+z6l8j36ZAG/urmc=
-20,-127,X8gmmVmhfmyxVMB+4F5HcDrX1y0=,/SfzreH6at1+z6l8j36ZAG/urmc=
-23,-124,X8gmmVmhfmyxVMB+4F5HcDrX1y0=,/SfzreH6at1+z6l8j36ZAG/urmc=
-24,-124,X8gmmVmhfmyxVMB+4F5HcDrX1y0=,/SfzreH6at1+z6l8j36ZAG/urmc=
-20,-123,X8gmmVmhfmyxVMB+4F5HcDrX1y0=,/SfzreH6at1+z6l8j36ZAG/urmc=
-17,-124,X8gmmVmhfmyxVMB+4F5HcDrX1y0=,/SfzreH6at1+z6l8j36ZAG/urmc=
-19,-123,X8gmmVmhfmyxVMB+4F5HcDrX1y0=,/SfzreH6at1+z6l8j36ZAG/urmc=
-24,-126,X8gmmVmhfmyxVMB+4F5HcDrX1y0=,/SfzreH6at1+z6l8j36ZAG/urmc=
-21,-124,X8gmmVmhfmyxVMB+4F5HcDrX1y0=,/SfzreH6at1+z6l8j36ZAG/urmc=
-22,-128,X8gmmVmhfmyxVMB+4F5HcDrX1y0=,/SfzreH6at1+z6l8j36ZAG/urmc=
-22,-126,X8gmmVmhfmyxVMB+4F5HcDrX1y0=,/SfzreH6at1+z6l8j36ZAG/urmc=
-17,-125,X8gmmVmhfmyxVMB+4F5HcDrX1y0=,/SfzreH6at1+z6l8j36ZAG/urmc=
-24,-122,X8gmmVmhfmyxVMB+4F5HcDrX1y0=,/SfzreH6at1+z6l8j36ZAG/urmc=
-17,-123,X8gmmVmhfmyxVMB+4F5HcDrX1y0=,/SfzreH6at1+z6l8j36ZAG/urmc=
-18,-127,X8gmmVmhfmyxVMB+4F5HcDrX1y0=,/SfzreH6at1+z6l8j36ZAG/urmc=
-18,-123,X8gmmVmhfmyxVMB+4F5HcDrX1y0=,/SfzreH6at1+z6l8j36ZAG/urmc=
-18,-122,X8gmmVmhfmyxVMB+4F5HcDrX1y0=,/SfzreH6at1+z6l8j36ZAG/urmc=
-21,-126,X8gmmVmhfmyxVMB+4F5HcDrX1y0=,/SfzreH6at1+z6l8j36ZAG/urmc=
-19,-125,X8gmmVmhfmyxVMB+4F5HcDrX1y0=,/SfzreH6at1+z6l8j36ZAG/urmc=
-17,-128,X8gmmVmhfmyxVMB+4F5HcDrX1y0=,/SfzreH6at1+z6l8j36ZAG/urmc=
-18,-124,X8gmmVmhfmyxVMB+4F5HcDrX1y0=,/SfzreH6at1+z6l8j36ZAG/urmc=
-19,-128,X8gmmVmhfmyxVMB+4F5HcDrX1y0=,/SfzreH6at1+z6l8j36ZAG/urmc=
-23,-128,X8gmmVmhfmyxVMB+4F5HcDrX1y0=,/SfzreH6at1+z6l8j36ZAG/urmc=
-20,-125,X8gmmVmhfmyxVMB+4F5HcDrX1y0=,/SfzreH6at1+z6l8j36ZAG/urmc=
-24,-128,X8gmmVmhfmyxVMB+4F5HcDrX1y0=,/SfzreH6at1+z6l8j36ZAG/urmc=
-23,-123,X8gmmVmhfmyxVMB+4F5HcDrX1y0=,/SfzreH6at1+z6l8j36ZAG/urmc=
-17,-122,X8gmmVmhfmyxVMB+4F5HcDrX1y0=,/SfzreH6at1+z6l8j36ZAG/urmc=
-19,-127,X8gmmVmhfmyxVMB+4F5HcDrX1y0=,/SfzreH6at1+z6l8j36ZAG/urmc=
-20,-124,X8gmmVmhfmyxVMB+4F5HcDrX1y0=,/SfzreH6at1+z6l8j36ZAG/urmc=
-19,-124,X8gmmVmhfmyxVMB+4F5HcDrX1y0=,/SfzreH6at1+z6l8j36ZAG/urmc=
-18,-128,X8gmmVmhfmyxVMB+4F5HcDrX1y0=,/SfzreH6at1+z6l8j36ZAG/urmc=
-18,-125,X8gmmVmhfmyxVMB+4F5HcDrX1y0=,/SfzreH6at1+z6l8j36ZAG/urmc=
