18,-7,WP3tK3Pjmk2GBE/xwZo/aWVJRjk=,/SfzreH6at1+z6l8j36ZAG/urmc=
19,-7,WP3tK3Pjmk2GBE/xwZo/aWVJRjk=,/SfzreH6at1+z6l8j36ZAG/urmc=
20,-7,WP3tK3Pjmk2GBE/xwZo/aWVJRjk=,/SfzreH6at1+z6l8j36ZAG/urmc=
21,-7,WP3tK3Pjmk2GBE/xwZo/aWVJRjk=,/SfzreH6at1+z6l8j36ZAG/urmc=
22,-7,WP3tK3Pjmk2GBE/xwZo/aWVJRjk=,/SfzreH6at1+z6l8j36ZAG/urmc=
23,-7,WP3tK3Pjmk2GBE/xwZo/aWVJRjk=,/SfzreH6at1+z6l8j36ZAG/urmc=
18,-6,WP3tK3Pjmk2GBE/xwZo/aWVJRjk=,/SfzreH6at1+z6l8j36ZAG/urmc=
19,-6,WP3tK3Pjmk2GBE/xwZo/aWVJRjk=,/SfzreH6at1+z6l8j36ZAG/urmc=
21,-2,WP3tK3Pjmk2GBE/xwZo/aWVJRjk=,/SfzreH6at1+z6l8j36ZAG/urmc=
23,-2,WP3tK3Pjmk2GBE/xwZo/aWVJRjk=,/SfzreH6at1+z6l8j36ZAG/urmc=
20,-2,WP3tK3Pjmk2GBE/xwZo/aWVJRjk=,/SfzreH6at1+z6l8j36ZAG/urmc=
18,-2,WP3tK3Pjmk2GBE/xwZo/aWVJRjk=,/SfzreH6at1+z6l8j36ZAG/urmc=
19,-2,WP3tK3Pjmk2GBE/xwZo/aWVJRjk=,/SfzreH6at1+z6l8j36ZAG/urmc=
22,-2,WP3tK3Pjmk2GBE/xwZo/aWVJRjk=,/SfzreH6at1+z6l8j36ZAG/urmc=
23,-3,WP3tK3Pjmk2GBE/xwZo/aWVJRjk=,/SfzreH6at1+z6l8j36ZAG/urmc=
22,-3,WP3tK3Pjmk2GBE/xwZo/aWVJRjk=,/SfzreH6at1+z6l8j36ZAG/urmc=
21,-3,WP3tK3Pjmk2GBE/xwZo/aWVJRjk=,/SfzreH6at1+z6l8j36ZAG/urmc=
20,-6,WP3tK3Pjmk2GBE/xwZo/aWVJRjk=,/SfzreH6at1+z6l8j36ZAG/urmc=
20,-3,WP3tK3Pjmk2GBE/xwZo/aWVJRjk=,/SfzreH6at1+z6l8j36ZAG/urmc=
19,-3,WP3tK3Pjmk2GBE/xwZo/aWVJRjk=,/SfzreH6at1+z6l8j36ZAG/urmc=
21,-6,WP3tK3Pjmk2GBE/xwZo/aWVJRjk=,/SfzreH6at1+z6l8j36ZAG/urmc=
23,-4,WP3tK3Pjmk2GBE/xwZo/aWVJRjk=,/SfzreH6at1+z6l8j36ZAG/urmc=
22,-6,WP3tK3Pjmk2GBE/xwZo/aWVJRjk=,/SfzreH6at1+z6l8j36ZAG/urmc=
18,-3,WP3tK3Pjmk2GBE/xwZo/aWVJRjk=,/SfzreH6at1+z6l8j36ZAG/urmc=
23,-6,WP3tK3Pjmk2GBE/xwZo/aWVJRjk=,/SfzreH6at1+z6l8j36ZAG/urmc=
22,-4,WP3tK3Pjmk2GBE/xwZo/aWVJRjk=,/SfzreH6at1+z6l8j36ZAG/urmc=
21,-4,WP3tK3Pjmk2GBE/xwZo/aWVJRjk=,/SfzreH6at1+z6l8j36ZAG/urmc=
18,-5,WP3tK3Pjmk2GBE/xwZo/aWVJRjk=,/SfzreH6at1+z6l8j36ZAG/urmc=
20,-4,WP3tK3Pjmk2GBE/xwZo/aWVJRjk=,/SfzreH6at1+z6l8j36ZAG/urmc=
19,-5,WP3tK3Pjmk2GBE/xwZo/aWVJRjk=,/SfzreH6at1+z6l8j36ZAG/urmc=
18,-4,WP3tK3Pjmk2GBE/xwZo/aWVJRjk=,/SfzreH6at1+z6l8j36ZAG/urmc=
19,-4,WP3tK3Pjmk2GBE/xwZo/aWVJRjk=,/SfzreH6at1+z6l8j36ZAG/urmc=
20,-5,WP3tK3Pjmk2GBE/xwZo/aWVJRjk=,/SfzreH6at1+z6l8j36ZAG/urmc=
21,-5,WP3tK3Pjmk2GBE/xwZo/aWVJRjk=,/SfzreH6at1+z6l8j36ZAG/urmc=
23,-5,WP3tK3Pjmk2GBE/xwZo/aWVJRjk=,/SfzreH6at1+z6l8j36ZAG/urmc=
22,-5,WP3tK3Pjmk2GBE/xwZo/aWVJRjk=,/SfzreH6at1+z6l8j36ZAG/urmc=
22,-1,r5xF6vs943vzyzQfSBzvRAkWEgw=,/SfzreH6at1+z6l8j36ZAG/urmc=
18,-1,r5xF6vs943vzyzQfSBzvRAkWEgw=,/SfzreH6at1+z6l8j36ZAG/urmc=
23,-1,r5xF6vs943vzyzQfSBzvRAkWEgw=,/SfzreH6at1+z6l8j36ZAG/urmc=
19,-1,r5xF6vs943vzyzQfSBzvRAkWEgw=,/SfzreH6at1+z6l8j36ZAG/urmc=
21,-1,r5xF6vs943vzyzQfSBzvRAkWEgw=,/SfzreH6at1+z6l8j36ZAG/urmc=
20,-1,r5xF6vs943vzyzQfSBzvRAkWEgw=,/SfzreH6at1+z6l8j36ZAG/urmc=
23,-8,r5xF6vs943vzyzQfSBzvRAkWEgw=,/SfzreH6at1+z6l8j36ZAG/urmc=
22,-9,r5xF6vs943vzyzQfSBzvRAkWEgw=,/SfzreH6at1+z6l8j36ZAG/urmc=
23,-10,r5xF6vs943vzyzQfSBzvRAkWEgw=,/SfzreH6at1+z6l8j36ZAG/urmc=
19,-8,r5xF6vs943vzyzQfSBzvRAkWEgw=,/SfzreH6at1+z6l8j36ZAG/urmc=
21,-9,r5xF6vs943vzyzQfSBzvRAkWEgw=,/SfzreH6at1+z6l8j36ZAG/urmc=
23,-9,r5xF6vs943vzyzQfSBzvRAkWEgw=,/SfzreH6at1+z6l8j36ZAG/urmc=
23,-14,r5xF6vs943vzyzQfSBzvRAkWEgw=,/SfzreH6at1+z6l8j36ZAG/urmc=
20,-8,r5xF6vs943vzyzQfSBzvRAkWEgw=,/SfzreH6at1+z6l8j36ZAG/urmc=
20,-9,r5xF6vs943vzyzQfSBzvRAkWEgw=,/SfzreH6at1+z6l8j36ZAG/urmc=
22,-10,r5xF6vs943vzyzQfSBzvRAkWEgw=,/SfzreH6at1+z6l8j36ZAG/urmc=
21,-10,r5xF6vs943vzyzQfSBzvRAkWEgw=,/SfzreH6at1+z6l8j36ZAG/urmc=
19,-9,r5xF6vs943vzyzQfSBzvRAkWEgw=,/SfzreH6at1+z6l8j36ZAG/urmc=
21,-8,r5xF6vs943vzyzQfSBzvRAkWEgw=,/SfzreH6at1+z6l8j36ZAG/urmc=
22,-14,r5xF6vs943vzyzQfSBzvRAkWEgw=,/SfzreH6at1+z6l8j36ZAG/urmc=
17,-6,r5xF6vs943vzyzQfSBzvRAkWEgw=,/SfzreH6at1+z6l8j36ZAG/urmc=
18,-8,r5xF6vs943vzyzQfSBzvRAkWEgw=,/SfzreH6at1+z6l8j36ZAG/urmc=
20,-10,r5xF6vs943vzyzQfSBzvRAkWEgw=,/SfzreH6at1+z6l8j36ZAG/urmc=
21,-15,r5xF6vs943vzyzQfSBzvRAkWEgw=,/SfzreH6at1+z6l8j36ZAG/urmc=
22,-11,r5xF6vs943vzyzQfSBzvRAkWEgw=,/SfzreH6at1+z6l8j36ZAG/urmc=
16,-7,r5xF6vs943vzyzQfSBzvRAkWEgw=,/SfzreH6at1+z6l8j36ZAG/urmc=
18,-13,r5xF6vs943vzyzQfSBzvRAkWEgw=,/SfzreH6at1+z6l8j36ZAG/urmc=
17,-7,r5xF6vs943vzyzQfSBzvRAkWEgw=,/SfzreH6at1+z6l8j36ZAG/urmc=
16,-5,r5xF6vs943vzyzQfSBzvRAkWEgw=,/SfzreH6at1+z6l8j36ZAG/urmc=
16,-6,r5xF6vs943vzyzQfSBzvRAkWEgw=,/SfzreH6at1+z6l8j36ZAG/urmc=
20,-15,r5xF6vs943vzyzQfSBzvRAkWEgw=,/SfzreH6at1+z6l8j36ZAG/urmc=
19,-12,r5xF6vs943vzyzQfSBzvRAkWEgw=,/SfzreH6at1+z6l8j36ZAG/urmc=
17,-5,r5xF6vs943vzyzQfSBzvRAkWEgw=,/SfzreH6at1+z6l8j36ZAG/urmc=
20,-14,r5xF6vs943vzyzQfSBzvRAkWEgw=,/SfzreH6at1+z6l8j36ZAG/urmc=
22,-8,r5xF6vs943vzyzQfSBzvRAkWEgw=,/SfzreH6at1+z6l8j36ZAG/urmc=
16,-8,r5xF6vs943vzyzQfSBzvRAkWEgw=,/SfzreH6at1+z6l8j36ZAG/urmc=
17,-1,r5xF6vs943vzyzQfSBzvRAkWEgw=,/SfzreH6at1+z6l8j36ZAG/urmc=
17,-13,r5xF6vs943vzyzQfSBzvRAkWEgw=,/SfzreH6at1+z6l8j36ZAG/urmc=
19,-10,r5xF6vs943vzyzQfSBzvRAkWEgw=,/SfzreH6at1+z6l8j36ZAG/urmc=
19,-14,r5xF6vs943vzyzQfSBzvRAkWEgw=,/SfzreH6at1+z6l8j36ZAG/urmc=
23,-12,r5xF6vs943vzyzQfSBzvRAkWEgw=,/SfzreH6at1+z6l8j36ZAG/urmc=
16,-13,r5xF6vs943vzyzQfSBzvRAkWEgw=,/SfzreH6at1+z6l8j36ZAG/urmc=
22,-12,r5xF6vs943vzyzQfSBzvRAkWEgw=,/SfzreH6at1+z6l8j36ZAG/urmc=
18,-16,r5xF6vs943vzyzQfSBzvRAkWEgw=,/SfzreH6at1+z6l8j36ZAG/urmc=
21,-14,r5xF6vs943vzyzQfSBzvRAkWEgw=,/SfzreH6at1+z6l8j36ZAG/urmc=
22,-15,r5xF6vs943vzyzQfSBzvRAkWEgw=,/SfzreH6at1+z6l8j36ZAG/urmc=
18,-9,r5xF6vs943vzyzQfSBzvRAkWEgw=,/SfzreH6at1+z6l8j36ZAG/urmc=
19,-15,r5xF6vs943vzyzQfSBzvRAkWEgw=,/SfzreH6at1+z6l8j36ZAG/urmc=
17,-11,r5xF6vs943vzyzQfSBzvRAkWEgw=,/SfzreH6at1+z6l8j36ZAG/urmc=
17,-8,r5xF6vs943vzyzQfSBzvRAkWEgw=,/SfzreH6at1+z6l8j36ZAG/urmc=
18,-11,r5xF6vs943vzyzQfSBzvRAkWEgw=,/SfzreH6at1+z6l8j36ZAG/urmc=
17,-4,r5xF6vs943vzyzQfSBzvRAkWEgw=,/SfzreH6at1+z6l8j36ZAG/urmc=
16,-11,r5xF6vs943vzyzQfSBzvRAkWEgw=,/SfzreH6at1+z6l8j36ZAG/urmc=
17,-12,r5xF6vs943vzyzQfSBzvRAkWEgw=,/SfzreH6at1+z6l8j36ZAG/urmc=
18,-12,r5xF6vs943vzyzQfSBzvRAkWEgw=,/SfzreH6at1+z6l8j36ZAG/urmc=
19,-11,r5xF6vs943vzyzQfSBzvRAkWEgw=,/SfzreH6at1+z6l8j36ZAG/urmc=
17,-2,r5xF6vs943vzyzQfSBzvRAkWEgw=,/SfzreH6at1+z6l8j36ZAG/urmc=
17,-3,r5xF6vs943vzyzQfSBzvRAkWEgw=,/SfzreH6at1+z6l8j36ZAG/urmc=
19,-13,r5xF6vs943vzyzQfSBzvRAkWEgw=,/SfzreH6at1+z6l8j36ZAG/urmc=
20,-11,r5xF6vs943vzyzQfSBzvRAkWEgw=,/SfzreH6at1+z6l8j36ZAG/urmc=
18,-10,r5xF6vs943vzyzQfSBzvRAkWEgw=,/SfzreH6at1+z6l8j36ZAG/urmc=
18,-15,r5xF6vs943vzyzQfSBzvRAkWEgw=,/SfzreH6at1+z6l8j36ZAG/urmc=
16,-1,r5xF6vs943vzyzQfSBzvRAkWEgw=,/SfzreH6at1+z6l8j36ZAG/urmc=
17,-9,r5xF6vs943vzyzQfSBzvRAkWEgw=,/SfzreH6at1+z6l8j36ZAG/urmc=
20,-13,r5xF6vs943vzyzQfSBzvRAkWEgw=,/SfzreH6at1+z6l8j36ZAG/urmc=
21,-11,r5xF6vs943vzyzQfSBzvRAkWEgw=,/SfzreH6at1+z6l8j36ZAG/urmc=
16,-9,r5xF6vs943vzyzQfSBzvRAkWEgw=,/SfzreH6at1+z6l8j36ZAG/urmc=
21,-12,r5xF6vs943vzyzQfSBzvRAkWEgw=,/SfzreH6at1+z6l8j36ZAG/urmc=
16,-4,r5xF6vs943vzyzQfSBzvRAkWEgw=,/SfzreH6at1+z6l8j36ZAG/urmc=
21,-13,r5xF6vs943vzyzQfSBzvRAkWEgw=,/SfzreH6at1+z6l8j36ZAG/urmc=
17,-10,r5xF6vs943vzyzQfSBzvRAkWEgw=,/SfzreH6at1+z6l8j36ZAG/urmc=
16,-3,r5xF6vs943vzyzQfSBzvRAkWEgw=,/SfzreH6at1+z6l8j36ZAG/urmc=
22,-13,r5xF6vs943vzyzQfSBzvRAkWEgw=,/SfzreH6at1+z6l8j36ZAG/urmc=
23,-13,r5xF6vs943vzyzQfSBzvRAkWEgw=,/SfzreH6at1+z6l8j36ZAG/urmc=
20,-12,r5xF6vs943vzyzQfSBzvRAkWEgw=,/SfzreH6at1+z6l8j36ZAG/urmc=
17,-15,r5xF6vs943vzyzQfSBzvRAkWEgw=,/SfzreH6at1+z6l8j36ZAG/urmc=
23,-16,r5xF6vs943vzyzQfSBzvRAkWEgw=,/SfzreH6at1+z6l8j36ZAG/urmc=
22,-16,r5xF6vs943vzyzQfSBzvRAkWEgw=,/SfzreH6at1+z6l8j36ZAG/urmc=
16,-2,r5xF6vs943vzyzQfSBzvRAkWEgw=,/SfzreH6at1+z6l8j36ZAG/urmc=
18,-14,r5xF6vs943vzyzQfSBzvRAkWEgw=,/SfzreH6at1+z6l8j36ZAG/urmc=
23,-11,r5xF6vs943vzyzQfSBzvRAkWEgw=,/SfzreH6at1+z6l8j36ZAG/urmc=
16,-10,r5xF6vs943vzyzQfSBzvRAkWEgw=,/SfzreH6at1+z6l8j36ZAG/urmc=
16,-16,r5xF6vs943vzyzQfSBzvRAkWEgw=,/SfzreH6at1+z6l8j36ZAG/urmc=
21,-16,r5xF6vs943vzyzQfSBzvRAkWEgw=,/SfzreH6at1+z6l8j36ZAG/urmc=
23,-15,r5xF6vs943vzyzQfSBzvRAkWEgw=,/SfzreH6at1+z6l8j36ZAG/urmc=
17,-16,r5xF6vs943vzyzQfSBzvRAkWEgw=,/SfzreH6at1+z6l8j36ZAG/urmc=
16,-14,r5xF6vs943vzyzQfSBzvRAkWEgw=,/SfzreH6at1+z6l8j36ZAG/urmc=
17,-14,r5xF6vs943vzyzQfSBzvRAkWEgw=,/SfzreH6at1+z6l8j36ZAG/urmc=
16,-12,r5xF6vs943vzyzQfSBzvRAkWEgw=,/SfzreH6at1+z6l8j36ZAG/urmc=
16,-15,r5xF6vs943vzyzQfSBzvRAkWEgw=,/SfzreH6at1+z6l8j36ZAG/urmc=
19,-16,r5xF6vs943vzyzQfSBzvRAkWEgw=,/SfzreH6at1+z6l8j36ZAG/urmc=
20,-16,r5xF6vs943vzyzQfSBzvRAkWEgw=,/SfzreH6at1+z6l8j36ZAG/urmc=
21,-18,T5hYVk4UgYkKNzZ+qn8WJzZuPz8=,/SfzreH6at1+z6l8j36ZAG/urmc=
23,-18,T5hYVk4UgYkKNzZ+qn8WJzZuPz8=,/SfzreH6at1+z6l8j36ZAG/urmc=
17,-24,T5hYVk4UgYkKNzZ+qn8WJzZuPz8=,/SfzreH6at1+z6l8j36ZAG/urmc=
21,-17,T5hYVk4UgYkKNzZ+qn8WJzZuPz8=,/SfzreH6at1+z6l8j36ZAG/urmc=
22,-18,T5hYVk4UgYkKNzZ+qn8WJzZuPz8=,/SfzreH6at1+z6l8j36ZAG/urmc=
19,-24,T5hYVk4UgYkKNzZ+qn8WJzZuPz8=,/SfzreH6at1+z6l8j36ZAG/urmc=
23,-21,T5hYVk4UgYkKNzZ+qn8WJzZuPz8=,/SfzreH6at1+z6l8j36ZAG/urmc=
21,-22,T5hYVk4UgYkKNzZ+qn8WJzZuPz8=,/SfzreH6at1+z6l8j36ZAG/urmc=
20,-24,T5hYVk4UgYkKNzZ+qn8WJzZuPz8=,/SfzreH6at1+z6l8j36ZAG/urmc=
17,-21,T5hYVk4UgYkKNzZ+qn8WJzZuPz8=,/SfzreH6at1+z6l8j36ZAG/urmc=
18,-20,T5hYVk4UgYkKNzZ+qn8WJzZuPz8=,/SfzreH6at1+z6l8j36ZAG/urmc=
22,-21,T5hYVk4UgYkKNzZ+qn8WJzZuPz8=,/SfzreH6at1+z6l8j36ZAG/urmc=
22,-17,T5hYVk4UgYkKNzZ+qn8WJzZuPz8=,/SfzreH6at1+z6l8j36ZAG/urmc=
17,-20,T5hYVk4UgYkKNzZ+qn8WJzZuPz8=,/SfzreH6at1+z6l8j36ZAG/urmc=
21,-24,T5hYVk4UgYkKNzZ+qn8WJzZuPz8=,/SfzreH6at1+z6l8j36ZAG/urmc=
21,-21,T5hYVk4UgYkKNzZ+qn8WJzZuPz8=,/SfzreH6at1+z6l8j36ZAG/urmc=
20,-17,T5hYVk4UgYkKNzZ+qn8WJzZuPz8=,/SfzreH6at1+z6l8j36ZAG/urmc=
19,-17,T5hYVk4UgYkKNzZ+qn8WJzZuPz8=,/SfzreH6at1+z6l8j36ZAG/urmc=
22,-24,T5hYVk4UgYkKNzZ+qn8WJzZuPz8=,/SfzreH6at1+z6l8j36ZAG/urmc=
21,-19,T5hYVk4UgYkKNzZ+qn8WJzZuPz8=,/SfzreH6at1+z6l8j36ZAG/urmc=
19,-22,T5hYVk4UgYkKNzZ+qn8WJzZuPz8=,/SfzreH6at1+z6l8j36ZAG/urmc=
18,-17,T5hYVk4UgYkKNzZ+qn8WJzZuPz8=,/SfzreH6at1+z6l8j36ZAG/urmc=
20,-23,T5hYVk4UgYkKNzZ+qn8WJzZuPz8=,/SfzreH6at1+z6l8j36ZAG/urmc=
16,-21,T5hYVk4UgYkKNzZ+qn8WJzZuPz8=,/SfzreH6at1+z6l8j36ZAG/urmc=
16,-20,T5hYVk4UgYkKNzZ+qn8WJzZuPz8=,/SfzreH6at1+z6l8j36ZAG/urmc=
20,-18,T5hYVk4UgYkKNzZ+qn8WJzZuPz8=,/SfzreH6at1+z6l8j36ZAG/urmc=
21,-23,T5hYVk4UgYkKNzZ+qn8WJzZuPz8=,/SfzreH6at1+z6l8j36ZAG/urmc=
19,-20,T5hYVk4UgYkKNzZ+qn8WJzZuPz8=,/SfzreH6at1+z6l8j36ZAG/urmc=
19,-21,T5hYVk4UgYkKNzZ+qn8WJzZuPz8=,/SfzreH6at1+z6l8j36ZAG/urmc=
20,-21,T5hYVk4UgYkKNzZ+qn8WJzZuPz8=,/SfzreH6at1+z6l8j36ZAG/urmc=
18,-21,T5hYVk4UgYkKNzZ+qn8WJzZuPz8=,/SfzreH6at1+z6l8j36ZAG/urmc=
18,-22,T5hYVk4UgYkKNzZ+qn8WJzZuPz8=,/SfzreH6at1+z6l8j36ZAG/urmc=
17,-19,T5hYVk4UgYkKNzZ+qn8WJzZuPz8=,/SfzreH6at1+z6l8j36ZAG/urmc=
23,-22,T5hYVk4UgYkKNzZ+qn8WJzZuPz8=,/SfzreH6at1+z6l8j36ZAG/urmc=
18,-24,T5hYVk4UgYkKNzZ+qn8WJzZuPz8=,/SfzreH6at1+z6l8j36ZAG/urmc=
16,-22,T5hYVk4UgYkKNzZ+qn8WJzZuPz8=,/SfzreH6at1+z6l8j36ZAG/urmc=
19,-23,T5hYVk4UgYkKNzZ+qn8WJzZuPz8=,/SfzreH6at1+z6l8j36ZAG/urmc=
22,-22,T5hYVk4UgYkKNzZ+qn8WJzZuPz8=,/SfzreH6at1+z6l8j36ZAG/urmc=
23,-20,T5hYVk4UgYkKNzZ+qn8WJzZuPz8=,/SfzreH6at1+z6l8j36ZAG/urmc=
17,-22,T5hYVk4UgYkKNzZ+qn8WJzZuPz8=,/SfzreH6at1+z6l8j36ZAG/urmc=
19,-19,T5hYVk4UgYkKNzZ+qn8WJzZuPz8=,/SfzreH6at1+z6l8j36ZAG/urmc=
22,-23,T5hYVk4UgYkKNzZ+qn8WJzZuPz8=,/SfzreH6at1+z6l8j36ZAG/urmc=
22,-20,T5hYVk4UgYkKNzZ+qn8WJzZuPz8=,/SfzreH6at1+z6l8j36ZAG/urmc=
23,-17,T5hYVk4UgYkKNzZ+qn8WJzZuPz8=,/SfzreH6at1+z6l8j36ZAG/urmc=
16,-17,T5hYVk4UgYkKNzZ+qn8WJzZuPz8=,/SfzreH6at1+z6l8j36ZAG/urmc=
23,-24,T5hYVk4UgYkKNzZ+qn8WJzZuPz8=,/SfzreH6at1+z6l8j36ZAG/urmc=
23,-23,T5hYVk4UgYkKNzZ+qn8WJzZuPz8=,/SfzreH6at1+z6l8j36ZAG/urmc=
16,-23,T5hYVk4UgYkKNzZ+qn8WJzZuPz8=,/SfzreH6at1+z6l8j36ZAG/urmc=
16,-24,T5hYVk4UgYkKNzZ+qn8WJzZuPz8=,/SfzreH6at1+z6l8j36ZAG/urmc=
17,-23,T5hYVk4UgYkKNzZ+qn8WJzZuPz8=,/SfzreH6at1+z6l8j36ZAG/urmc=
23,-19,T5hYVk4UgYkKNzZ+qn8WJzZuPz8=,/SfzreH6at1+z6l8j36ZAG/urmc=
20,-19,T5hYVk4UgYkKNzZ+qn8WJzZuPz8=,/SfzreH6at1+z6l8j36ZAG/urmc=
22,-19,T5hYVk4UgYkKNzZ+qn8WJzZuPz8=,/SfzreH6at1+z6l8j36ZAG/urmc=
20,-22,T5hYVk4UgYkKNzZ+qn8WJzZuPz8=,/SfzreH6at1+z6l8j36ZAG/urmc=
16,-19,T5hYVk4UgYkKNzZ+qn8WJzZuPz8=,/SfzreH6at1+z6l8j36ZAG/urmc=
18,-23,T5hYVk4UgYkKNzZ+qn8WJzZuPz8=,/SfzreH6at1+z6l8j36ZAG/urmc=
20,-20,T5hYVk4UgYkKNzZ+qn8WJzZuPz8=,/SfzreH6at1+z6l8j36ZAG/urmc=
17,-18,T5hYVk4UgYkKNzZ+qn8WJzZuPz8=,/SfzreH6at1+z6l8j36ZAG/urmc=
16,-18,T5hYVk4UgYkKNzZ+qn8WJzZuPz8=,/SfzreH6at1+z6l8j36ZAG/urmc=
19,-18,T5hYVk4UgYkKNzZ+qn8WJzZuPz8=,/SfzreH6at1+z6l8j36ZAG/urmc=
18,-19,T5hYVk4UgYkKNzZ+qn8WJzZuPz8=,/SfzreH6at1+z6l8j36ZAG/urmc=
21,-20,T5hYVk4UgYkKNzZ+qn8WJzZuPz8=,/SfzreH6at1+z6l8j36ZAG/urmc=
18,-18,T5hYVk4UgYkKNzZ+qn8WJzZuPz8=,/SfzreH6at1+z6l8j36ZAG/urmc=
17,-17,T5hYVk4UgYkKNzZ+qn8WJzZuPz8=,/SfzreH6at1+z6l8j36ZAG/urmc=
11,-27,/4wcZ96jWT2de0wckXY9h9HAzlU=,/SfzreH6at1+z6l8j36ZAG/urmc=
10,-27,/4wcZ96jWT2de0wckXY9h9HAzlU=,/SfzreH6at1+z6l8j36ZAG/urmc=
9,-28,/4wcZ96jWT2de0wckXY9h9HAzlU=,/SfzreH6at1+z6l8j36ZAG/urmc=
14,-29,/4wcZ96jWT2de0wckXY9h9HAzlU=,/SfzreH6at1+z6l8j36ZAG/urmc=
14,-28,/4wcZ96jWT2de0wckXY9h9HAzlU=,/SfzreH6at1+z6l8j36ZAG/urmc=
13,-29,/4wcZ96jWT2de0wckXY9h9HAzlU=,/SfzreH6at1+z6l8j36ZAG/urmc=
9,-27,/4wcZ96jWT2de0wckXY9h9HAzlU=,/SfzreH6at1+z6l8j36ZAG/urmc=
13,-28,/4wcZ96jWT2de0wckXY9h9HAzlU=,/SfzreH6at1+z6l8j36ZAG/urmc=
10,-29,/4wcZ96jWT2de0wckXY9h9HAzlU=,/SfzreH6at1+z6l8j36ZAG/urmc=
12,-29,/4wcZ96jWT2de0wckXY9h9HAzlU=,/SfzreH6at1+z6l8j36ZAG/urmc=
11,-29,/4wcZ96jWT2de0wckXY9h9HAzlU=,/SfzreH6at1+z6l8j36ZAG/urmc=
12,-28,/4wcZ96jWT2de0wckXY9h9HAzlU=,/SfzreH6at1+z6l8j36ZAG/urmc=
14,-30,/4wcZ96jWT2de0wckXY9h9HAzlU=,/SfzreH6at1+z6l8j36ZAG/urmc=
12,-30,/4wcZ96jWT2de0wckXY9h9HAzlU=,/SfzreH6at1+z6l8j36ZAG/urmc=
9,-29,/4wcZ96jWT2de0wckXY9h9HAzlU=,/SfzreH6at1+z6l8j36ZAG/urmc=
13,-30,/4wcZ96jWT2de0wckXY9h9HAzlU=,/SfzreH6at1+z6l8j36ZAG/urmc=
11,-28,/4wcZ96jWT2de0wckXY9h9HAzlU=,/SfzreH6at1+z6l8j36ZAG/urmc=
11,-30,/4wcZ96jWT2de0wckXY9h9HAzlU=,/SfzreH6at1+z6l8j36ZAG/urmc=
10,-30,/4wcZ96jWT2de0wckXY9h9HAzlU=,/SfzreH6at1+z6l8j36ZAG/urmc=
9,-30,/4wcZ96jWT2de0wckXY9h9HAzlU=,/SfzreH6at1+z6l8j36ZAG/urmc=
10,-28,/4wcZ96jWT2de0wckXY9h9HAzlU=,/SfzreH6at1+z6l8j36ZAG/urmc=
14,-31,/4wcZ96jWT2de0wckXY9h9HAzlU=,/SfzreH6at1+z6l8j36ZAG/urmc=
12,-31,/4wcZ96jWT2de0wckXY9h9HAzlU=,/SfzreH6at1+z6l8j36ZAG/urmc=
13,-31,/4wcZ96jWT2de0wckXY9h9HAzlU=,/SfzreH6at1+z6l8j36ZAG/urmc=
9,-31,/4wcZ96jWT2de0wckXY9h9HAzlU=,/SfzreH6at1+z6l8j36ZAG/urmc=
11,-26,/4wcZ96jWT2de0wckXY9h9HAzlU=,/SfzreH6at1+z6l8j36ZAG/urmc=
10,-26,/4wcZ96jWT2de0wckXY9h9HAzlU=,/SfzreH6at1+z6l8j36ZAG/urmc=
10,-31,/4wcZ96jWT2de0wckXY9h9HAzlU=,/SfzreH6at1+z6l8j36ZAG/urmc=
9,-26,/4wcZ96jWT2de0wckXY9h9HAzlU=,/SfzreH6at1+z6l8j36ZAG/urmc=
12,-27,/4wcZ96jWT2de0wckXY9h9HAzlU=,/SfzreH6at1+z6l8j36ZAG/urmc=
13,-27,/4wcZ96jWT2de0wckXY9h9HAzlU=,/SfzreH6at1+z6l8j36ZAG/urmc=
14,-27,/4wcZ96jWT2de0wckXY9h9HAzlU=,/SfzreH6at1+z6l8j36ZAG/urmc=
3,-29,/4wcZ96jWT2de0wckXY9h9HAzlU=,/SfzreH6at1+z6l8j36ZAG/urmc=
5,-30,/4wcZ96jWT2de0wckXY9h9HAzlU=,/SfzreH6at1+z6l8j36ZAG/urmc=
3,-30,/4wcZ96jWT2de0wckXY9h9HAzlU=,/SfzreH6at1+z6l8j36ZAG/urmc=
8,-26,/4wcZ96jWT2de0wckXY9h9HAzlU=,/SfzreH6at1+z6l8j36ZAG/urmc=
2,-30,/4wcZ96jWT2de0wckXY9h9HAzlU=,/SfzreH6at1+z6l8j36ZAG/urmc=
4,-30,/4wcZ96jWT2de0wckXY9h9HAzlU=,/SfzreH6at1+z6l8j36ZAG/urmc=
11,-31,/4wcZ96jWT2de0wckXY9h9HAzlU=,/SfzreH6at1+z6l8j36ZAG/urmc=
1,-30,/4wcZ96jWT2de0wckXY9h9HAzlU=,/SfzreH6at1+z6l8j36ZAG/urmc=
4,-29,/4wcZ96jWT2de0wckXY9h9HAzlU=,/SfzreH6at1+z6l8j36ZAG/urmc=
6,-31,/4wcZ96jWT2de0wckXY9h9HAzlU=,/SfzreH6at1+z6l8j36ZAG/urmc=
2,-29,/4wcZ96jWT2de0wckXY9h9HAzlU=,/SfzreH6at1+z6l8j36ZAG/urmc=
7,-31,/4wcZ96jWT2de0wckXY9h9HAzlU=,/SfzreH6at1+z6l8j36ZAG/urmc=
5,-31,/4wcZ96jWT2de0wckXY9h9HAzlU=,/SfzreH6at1+z6l8j36ZAG/urmc=
1,-29,/4wcZ96jWT2de0wckXY9h9HAzlU=,/SfzreH6at1+z6l8j36ZAG/urmc=
4,-31,/4wcZ96jWT2de0wckXY9h9HAzlU=,/SfzreH6at1+z6l8j36ZAG/urmc=
2,-31,/4wcZ96jWT2de0wckXY9h9HAzlU=,/SfzreH6at1+z6l8j36ZAG/urmc=
3,-31,/4wcZ96jWT2de0wckXY9h9HAzlU=,/SfzreH6at1+z6l8j36ZAG/urmc=
1,-31,/4wcZ96jWT2de0wckXY9h9HAzlU=,/SfzreH6at1+z6l8j36ZAG/urmc=
8,-28,/4wcZ96jWT2de0wckXY9h9HAzlU=,/SfzreH6at1+z6l8j36ZAG/urmc=
8,-29,/4wcZ96jWT2de0wckXY9h9HAzlU=,/SfzreH6at1+z6l8j36ZAG/urmc=
8,-27,/4wcZ96jWT2de0wckXY9h9HAzlU=,/SfzreH6at1+z6l8j36ZAG/urmc=
7,-26,/4wcZ96jWT2de0wckXY9h9HAzlU=,/SfzreH6at1+z6l8j36ZAG/urmc=
5,-26,/4wcZ96jWT2de0wckXY9h9HAzlU=,/SfzreH6at1+z6l8j36ZAG/urmc=
6,-26,/4wcZ96jWT2de0wckXY9h9HAzlU=,/SfzreH6at1+z6l8j36ZAG/urmc=
3,-26,/4wcZ96jWT2de0wckXY9h9HAzlU=,/SfzreH6at1+z6l8j36ZAG/urmc=
4,-26,/4wcZ96jWT2de0wckXY9h9HAzlU=,/SfzreH6at1+z6l8j36ZAG/urmc=
6,-27,/4wcZ96jWT2de0wckXY9h9HAzlU=,/SfzreH6at1+z6l8j36ZAG/urmc=
5,-27,/4wcZ96jWT2de0wckXY9h9HAzlU=,/SfzreH6at1+z6l8j36ZAG/urmc=
4,-27,/4wcZ96jWT2de0wckXY9h9HAzlU=,/SfzreH6at1+z6l8j36ZAG/urmc=
3,-27,/4wcZ96jWT2de0wckXY9h9HAzlU=,/SfzreH6at1+z6l8j36ZAG/urmc=
7,-27,/4wcZ96jWT2de0wckXY9h9HAzlU=,/SfzreH6at1+z6l8j36ZAG/urmc=
7,-28,/4wcZ96jWT2de0wckXY9h9HAzlU=,/SfzreH6at1+z6l8j36ZAG/urmc=
6,-28,/4wcZ96jWT2de0wckXY9h9HAzlU=,/SfzreH6at1+z6l8j36ZAG/urmc=
5,-28,/4wcZ96jWT2de0wckXY9h9HAzlU=,/SfzreH6at1+z6l8j36ZAG/urmc=
2,-27,/4wcZ96jWT2de0wckXY9h9HAzlU=,/SfzreH6at1+z6l8j36ZAG/urmc=
4,-28,/4wcZ96jWT2de0wckXY9h9HAzlU=,/SfzreH6at1+z6l8j36ZAG/urmc=
1,-28,/4wcZ96jWT2de0wckXY9h9HAzlU=,/SfzreH6at1+z6l8j36ZAG/urmc=
2,-28,/4wcZ96jWT2de0wckXY9h9HAzlU=,/SfzreH6at1+z6l8j36ZAG/urmc=
1,-27,/4wcZ96jWT2de0wckXY9h9HAzlU=,/SfzreH6at1+z6l8j36ZAG/urmc=
3,-28,/4wcZ96jWT2de0wckXY9h9HAzlU=,/SfzreH6at1+z6l8j36ZAG/urmc=
0,-28,lSOdPCPKRzXJtagMzZeixuaHDQo=,/SfzreH6at1+z6l8j36ZAG/urmc=
0,-31,lSOdPCPKRzXJtagMzZeixuaHDQo=,/SfzreH6at1+z6l8j36ZAG/urmc=
0,-30,lSOdPCPKRzXJtagMzZeixuaHDQo=,/SfzreH6at1+z6l8j36ZAG/urmc=
0,-29,lSOdPCPKRzXJtagMzZeixuaHDQo=,/SfzreH6at1+z6l8j36ZAG/urmc=
15,-29,lSOdPCPKRzXJtagMzZeixuaHDQo=,/SfzreH6at1+z6l8j36ZAG/urmc=
15,-28,lSOdPCPKRzXJtagMzZeixuaHDQo=,/SfzreH6at1+z6l8j36ZAG/urmc=
15,-30,lSOdPCPKRzXJtagMzZeixuaHDQo=,/SfzreH6at1+z6l8j36ZAG/urmc=
15,-27,lSOdPCPKRzXJtagMzZeixuaHDQo=,/SfzreH6at1+z6l8j36ZAG/urmc=
15,-31,lSOdPCPKRzXJtagMzZeixuaHDQo=,/SfzreH6at1+z6l8j36ZAG/urmc=
13,-26,yy13l4/W1+GNgaV1rmKqtWIRDTc=,/SfzreH6at1+z6l8j36ZAG/urmc=
14,-26,yy13l4/W1+GNgaV1rmKqtWIRDTc=,/SfzreH6at1+z6l8j36ZAG/urmc=
12,-25,yy13l4/W1+GNgaV1rmKqtWIRDTc=,/SfzreH6at1+z6l8j36ZAG/urmc=
15,-26,yy13l4/W1+GNgaV1rmKqtWIRDTc=,/SfzreH6at1+z6l8j36ZAG/urmc=
12,-26,yy13l4/W1+GNgaV1rmKqtWIRDTc=,/SfzreH6at1+z6l8j36ZAG/urmc=
13,-25,yy13l4/W1+GNgaV1rmKqtWIRDTc=,/SfzreH6at1+z6l8j36ZAG/urmc=
10,-25,yy13l4/W1+GNgaV1rmKqtWIRDTc=,/SfzreH6at1+z6l8j36ZAG/urmc=
15,-23,yy13l4/W1+GNgaV1rmKqtWIRDTc=,/SfzreH6at1+z6l8j36ZAG/urmc=
12,-21,yy13l4/W1+GNgaV1rmKqtWIRDTc=,/SfzreH6at1+z6l8j36ZAG/urmc=
13,-22,yy13l4/W1+GNgaV1rmKqtWIRDTc=,/SfzreH6at1+z6l8j36ZAG/urmc=
12,-22,yy13l4/W1+GNgaV1rmKqtWIRDTc=,/SfzreH6at1+z6l8j36ZAG/urmc=
12,-24,yy13l4/W1+GNgaV1rmKqtWIRDTc=,/SfzreH6at1+z6l8j36ZAG/urmc=
13,-23,yy13l4/W1+GNgaV1rmKqtWIRDTc=,/SfzreH6at1+z6l8j36ZAG/urmc=
12,-23,yy13l4/W1+GNgaV1rmKqtWIRDTc=,/SfzreH6at1+z6l8j36ZAG/urmc=
15,-22,yy13l4/W1+GNgaV1rmKqtWIRDTc=,/SfzreH6at1+z6l8j36ZAG/urmc=
14,-25,yy13l4/W1+GNgaV1rmKqtWIRDTc=,/SfzreH6at1+z6l8j36ZAG/urmc=
14,-22,yy13l4/W1+GNgaV1rmKqtWIRDTc=,/SfzreH6at1+z6l8j36ZAG/urmc=
14,-21,yy13l4/W1+GNgaV1rmKqtWIRDTc=,/SfzreH6at1+z6l8j36ZAG/urmc=
14,-23,yy13l4/W1+GNgaV1rmKqtWIRDTc=,/SfzreH6at1+z6l8j36ZAG/urmc=
13,-21,yy13l4/W1+GNgaV1rmKqtWIRDTc=,/SfzreH6at1+z6l8j36ZAG/urmc=
8,-25,yy13l4/W1+GNgaV1rmKqtWIRDTc=,/SfzreH6at1+z6l8j36ZAG/urmc=
14,-24,yy13l4/W1+GNgaV1rmKqtWIRDTc=,/SfzreH6at1+z6l8j36ZAG/urmc=
1,-32,yy13l4/W1+GNgaV1rmKqtWIRDTc=,/SfzreH6at1+z6l8j36ZAG/urmc=
15,-25,yy13l4/W1+GNgaV1rmKqtWIRDTc=,/SfzreH6at1+z6l8j36ZAG/urmc=
7,-25,yy13l4/W1+GNgaV1rmKqtWIRDTc=,/SfzreH6at1+z6l8j36ZAG/urmc=
15,-24,yy13l4/W1+GNgaV1rmKqtWIRDTc=,/SfzreH6at1+z6l8j36ZAG/urmc=
2,-32,yy13l4/W1+GNgaV1rmKqtWIRDTc=,/SfzreH6at1+z6l8j36ZAG/urmc=
13,-24,yy13l4/W1+GNgaV1rmKqtWIRDTc=,/SfzreH6at1+z6l8j36ZAG/urmc=
6,-25,yy13l4/W1+GNgaV1rmKqtWIRDTc=,/SfzreH6at1+z6l8j36ZAG/urmc=
11,-25,yy13l4/W1+GNgaV1rmKqtWIRDTc=,/SfzreH6at1+z6l8j36ZAG/urmc=
5,-25,yy13l4/W1+GNgaV1rmKqtWIRDTc=,/SfzreH6at1+z6l8j36ZAG/urmc=
9,-25,yy13l4/W1+GNgaV1rmKqtWIRDTc=,/SfzreH6at1+z6l8j36ZAG/urmc=
15,-21,yy13l4/W1+GNgaV1rmKqtWIRDTc=,/SfzreH6at1+z6l8j36ZAG/urmc=
2,-26,yy13l4/W1+GNgaV1rmKqtWIRDTc=,/SfzreH6at1+z6l8j36ZAG/urmc=
3,-32,yy13l4/W1+GNgaV1rmKqtWIRDTc=,/SfzreH6at1+z6l8j36ZAG/urmc=
4,-25,yy13l4/W1+GNgaV1rmKqtWIRDTc=,/SfzreH6at1+z6l8j36ZAG/urmc=
4,-32,yy13l4/W1+GNgaV1rmKqtWIRDTc=,/SfzreH6at1+z6l8j36ZAG/urmc=
6,-32,yy13l4/W1+GNgaV1rmKqtWIRDTc=,/SfzreH6at1+z6l8j36ZAG/urmc=
5,-32,yy13l4/W1+GNgaV1rmKqtWIRDTc=,/SfzreH6at1+z6l8j36ZAG/urmc=
0,-32,yy13l4/W1+GNgaV1rmKqtWIRDTc=,/SfzreH6at1+z6l8j36ZAG/urmc=
1,-26,yy13l4/W1+GNgaV1rmKqtWIRDTc=,/SfzreH6at1+z6l8j36ZAG/urmc=
7,-32,yy13l4/W1+GNgaV1rmKqtWIRDTc=,/SfzreH6at1+z6l8j36ZAG/urmc=
0,-26,yy13l4/W1+GNgaV1rmKqtWIRDTc=,/SfzreH6at1+z6l8j36ZAG/urmc=
8,-32,yy13l4/W1+GNgaV1rmKqtWIRDTc=,/SfzreH6at1+z6l8j36ZAG/urmc=
9,-32,yy13l4/W1+GNgaV1rmKqtWIRDTc=,/SfzreH6at1+z6l8j36ZAG/urmc=
10,-32,yy13l4/W1+GNgaV1rmKqtWIRDTc=,/SfzreH6at1+z6l8j36ZAG/urmc=
11,-32,yy13l4/W1+GNgaV1rmKqtWIRDTc=,/SfzreH6at1+z6l8j36ZAG/urmc=
12,-32,yy13l4/W1+GNgaV1rmKqtWIRDTc=,/SfzreH6at1+z6l8j36ZAG/urmc=
0,-27,yy13l4/W1+GNgaV1rmKqtWIRDTc=,/SfzreH6at1+z6l8j36ZAG/urmc=
13,-32,yy13l4/W1+GNgaV1rmKqtWIRDTc=,/SfzreH6at1+z6l8j36ZAG/urmc=
14,-32,yy13l4/W1+GNgaV1rmKqtWIRDTc=,/SfzreH6at1+z6l8j36ZAG/urmc=
7,-23,yy13l4/W1+GNgaV1rmKqtWIRDTc=,/SfzreH6at1+z6l8j36ZAG/urmc=
8,-31,yy13l4/W1+GNgaV1rmKqtWIRDTc=,/SfzreH6at1+z6l8j36ZAG/urmc=
8,-30,yy13l4/W1+GNgaV1rmKqtWIRDTc=,/SfzreH6at1+z6l8j36ZAG/urmc=
7,-30,yy13l4/W1+GNgaV1rmKqtWIRDTc=,/SfzreH6at1+z6l8j36ZAG/urmc=
7,-29,yy13l4/W1+GNgaV1rmKqtWIRDTc=,/SfzreH6at1+z6l8j36ZAG/urmc=
15,-32,yy13l4/W1+GNgaV1rmKqtWIRDTc=,/SfzreH6at1+z6l8j36ZAG/urmc=
6,-30,yy13l4/W1+GNgaV1rmKqtWIRDTc=,/SfzreH6at1+z6l8j36ZAG/urmc=
2,-25,yy13l4/W1+GNgaV1rmKqtWIRDTc=,/SfzreH6at1+z6l8j36ZAG/urmc=
6,-29,yy13l4/W1+GNgaV1rmKqtWIRDTc=,/SfzreH6at1+z6l8j36ZAG/urmc=
3,-25,yy13l4/W1+GNgaV1rmKqtWIRDTc=,/SfzreH6at1+z6l8j36ZAG/urmc=
5,-29,yy13l4/W1+GNgaV1rmKqtWIRDTc=,/SfzreH6at1+z6l8j36ZAG/urmc=
1,-19,yy13l4/W1+GNgaV1rmKqtWIRDTc=,/SfzreH6at1+z6l8j36ZAG/urmc=
2,-19,yy13l4/W1+GNgaV1rmKqtWIRDTc=,/SfzreH6at1+z6l8j36ZAG/urmc=
6,-23,yy13l4/W1+GNgaV1rmKqtWIRDTc=,/SfzreH6at1+z6l8j36ZAG/urmc=
1,-25,yy13l4/W1+GNgaV1rmKqtWIRDTc=,/SfzreH6at1+z6l8j36ZAG/urmc=
0,-19,yy13l4/W1+GNgaV1rmKqtWIRDTc=,/SfzreH6at1+z6l8j36ZAG/urmc=
0,-25,yy13l4/W1+GNgaV1rmKqtWIRDTc=,/SfzreH6at1+z6l8j36ZAG/urmc=
3,-19,yy13l4/W1+GNgaV1rmKqtWIRDTc=,/SfzreH6at1+z6l8j36ZAG/urmc=
3,-20,yy13l4/W1+GNgaV1rmKqtWIRDTc=,/SfzreH6at1+z6l8j36ZAG/urmc=
2,-20,yy13l4/W1+GNgaV1rmKqtWIRDTc=,/SfzreH6at1+z6l8j36ZAG/urmc=
3,-18,yy13l4/W1+GNgaV1rmKqtWIRDTc=,/SfzreH6at1+z6l8j36ZAG/urmc=
8,-21,yy13l4/W1+GNgaV1rmKqtWIRDTc=,/SfzreH6at1+z6l8j36ZAG/urmc=
5,-23,yy13l4/W1+GNgaV1rmKqtWIRDTc=,/SfzreH6at1+z6l8j36ZAG/urmc=
0,-17,yy13l4/W1+GNgaV1rmKqtWIRDTc=,/SfzreH6at1+z6l8j36ZAG/urmc=
1,-18,yy13l4/W1+GNgaV1rmKqtWIRDTc=,/SfzreH6at1+z6l8j36ZAG/urmc=
0,-18,yy13l4/W1+GNgaV1rmKqtWIRDTc=,/SfzreH6at1+z6l8j36ZAG/urmc=
2,-18,yy13l4/W1+GNgaV1rmKqtWIRDTc=,/SfzreH6at1+z6l8j36ZAG/urmc=
4,-23,yy13l4/W1+GNgaV1rmKqtWIRDTc=,/SfzreH6at1+z6l8j36ZAG/urmc=
8,-24,yy13l4/W1+GNgaV1rmKqtWIRDTc=,/SfzreH6at1+z6l8j36ZAG/urmc=
3,-17,yy13l4/W1+GNgaV1rmKqtWIRDTc=,/SfzreH6at1+z6l8j36ZAG/urmc=
2,-17,yy13l4/W1+GNgaV1rmKqtWIRDTc=,/SfzreH6at1+z6l8j36ZAG/urmc=
3,-23,yy13l4/W1+GNgaV1rmKqtWIRDTc=,/SfzreH6at1+z6l8j36ZAG/urmc=
7,-24,yy13l4/W1+GNgaV1rmKqtWIRDTc=,/SfzreH6at1+z6l8j36ZAG/urmc=
1,-17,yy13l4/W1+GNgaV1rmKqtWIRDTc=,/SfzreH6at1+z6l8j36ZAG/urmc=
4,-24,yy13l4/W1+GNgaV1rmKqtWIRDTc=,/SfzreH6at1+z6l8j36ZAG/urmc=
2,-23,yy13l4/W1+GNgaV1rmKqtWIRDTc=,/SfzreH6at1+z6l8j36ZAG/urmc=
6,-24,yy13l4/W1+GNgaV1rmKqtWIRDTc=,/SfzreH6at1+z6l8j36ZAG/urmc=
2,-24,yy13l4/W1+GNgaV1rmKqtWIRDTc=,/SfzreH6at1+z6l8j36ZAG/urmc=
5,-24,yy13l4/W1+GNgaV1rmKqtWIRDTc=,/SfzreH6at1+z6l8j36ZAG/urmc=
3,-24,yy13l4/W1+GNgaV1rmKqtWIRDTc=,/SfzreH6at1+z6l8j36ZAG/urmc=
1,-24,yy13l4/W1+GNgaV1rmKqtWIRDTc=,/SfzreH6at1+z6l8j36ZAG/urmc=
1,-23,yy13l4/W1+GNgaV1rmKqtWIRDTc=,/SfzreH6at1+z6l8j36ZAG/urmc=
0,-23,yy13l4/W1+GNgaV1rmKqtWIRDTc=,/SfzreH6at1+z6l8j36ZAG/urmc=
10,-22,yy13l4/W1+GNgaV1rmKqtWIRDTc=,/SfzreH6at1+z6l8j36ZAG/urmc=
11,-22,yy13l4/W1+GNgaV1rmKqtWIRDTc=,/SfzreH6at1+z6l8j36ZAG/urmc=
9,-22,yy13l4/W1+GNgaV1rmKqtWIRDTc=,/SfzreH6at1+z6l8j36ZAG/urmc=
10,-23,yy13l4/W1+GNgaV1rmKqtWIRDTc=,/SfzreH6at1+z6l8j36ZAG/urmc=
10,-21,yy13l4/W1+GNgaV1rmKqtWIRDTc=,/SfzreH6at1+z6l8j36ZAG/urmc=
11,-21,yy13l4/W1+GNgaV1rmKqtWIRDTc=,/SfzreH6at1+z6l8j36ZAG/urmc=
11,-24,yy13l4/W1+GNgaV1rmKqtWIRDTc=,/SfzreH6at1+z6l8j36ZAG/urmc=
11,-23,yy13l4/W1+GNgaV1rmKqtWIRDTc=,/SfzreH6at1+z6l8j36ZAG/urmc=
0,-24,yy13l4/W1+GNgaV1rmKqtWIRDTc=,/SfzreH6at1+z6l8j36ZAG/urmc=
8,-22,yy13l4/W1+GNgaV1rmKqtWIRDTc=,/SfzreH6at1+z6l8j36ZAG/urmc=
9,-24,yy13l4/W1+GNgaV1rmKqtWIRDTc=,/SfzreH6at1+z6l8j36ZAG/urmc=
10,-24,yy13l4/W1+GNgaV1rmKqtWIRDTc=,/SfzreH6at1+z6l8j36ZAG/urmc=
9,-23,yy13l4/W1+GNgaV1rmKqtWIRDTc=,/SfzreH6at1+z6l8j36ZAG/urmc=
6,-22,yy13l4/W1+GNgaV1rmKqtWIRDTc=,/SfzreH6at1+z6l8j36ZAG/urmc=
7,-22,yy13l4/W1+GNgaV1rmKqtWIRDTc=,/SfzreH6at1+z6l8j36ZAG/urmc=
9,-21,yy13l4/W1+GNgaV1rmKqtWIRDTc=,/SfzreH6at1+z6l8j36ZAG/urmc=
5,-22,yy13l4/W1+GNgaV1rmKqtWIRDTc=,/SfzreH6at1+z6l8j36ZAG/urmc=
2,-22,yy13l4/W1+GNgaV1rmKqtWIRDTc=,/SfzreH6at1+z6l8j36ZAG/urmc=
0,-22,yy13l4/W1+GNgaV1rmKqtWIRDTc=,/SfzreH6at1+z6l8j36ZAG/urmc=
4,-21,yy13l4/W1+GNgaV1rmKqtWIRDTc=,/SfzreH6at1+z6l8j36ZAG/urmc=
4,-22,yy13l4/W1+GNgaV1rmKqtWIRDTc=,/SfzreH6at1+z6l8j36ZAG/urmc=
1,-22,yy13l4/W1+GNgaV1rmKqtWIRDTc=,/SfzreH6at1+z6l8j36ZAG/urmc=
3,-22,yy13l4/W1+GNgaV1rmKqtWIRDTc=,/SfzreH6at1+z6l8j36ZAG/urmc=
2,-21,yy13l4/W1+GNgaV1rmKqtWIRDTc=,/SfzreH6at1+z6l8j36ZAG/urmc=
5,-21,yy13l4/W1+GNgaV1rmKqtWIRDTc=,/SfzreH6at1+z6l8j36ZAG/urmc=
1,-21,yy13l4/W1+GNgaV1rmKqtWIRDTc=,/SfzreH6at1+z6l8j36ZAG/urmc=
6,-21,yy13l4/W1+GNgaV1rmKqtWIRDTc=,/SfzreH6at1+z6l8j36ZAG/urmc=
8,-23,yy13l4/W1+GNgaV1rmKqtWIRDTc=,/SfzreH6at1+z6l8j36ZAG/urmc=
7,-21,yy13l4/W1+GNgaV1rmKqtWIRDTc=,/SfzreH6at1+z6l8j36ZAG/urmc=
0,-21,yy13l4/W1+GNgaV1rmKqtWIRDTc=,/SfzreH6at1+z6l8j36ZAG/urmc=
3,-21,yy13l4/W1+GNgaV1rmKqtWIRDTc=,/SfzreH6at1+z6l8j36ZAG/urmc=
0,-20,yy13l4/W1+GNgaV1rmKqtWIRDTc=,/SfzreH6at1+z6l8j36ZAG/urmc=
1,-20,yy13l4/W1+GNgaV1rmKqtWIRDTc=,/SfzreH6at1+z6l8j36ZAG/urmc=
7,-17,yy13l4/W1+GNgaV1rmKqtWIRDTc=,/SfzreH6at1+z6l8j36ZAG/urmc=
15,-17,yy13l4/W1+GNgaV1rmKqtWIRDTc=,/SfzreH6at1+z6l8j36ZAG/urmc=
12,-19,yy13l4/W1+GNgaV1rmKqtWIRDTc=,/SfzreH6at1+z6l8j36ZAG/urmc=
13,-19,yy13l4/W1+GNgaV1rmKqtWIRDTc=,/SfzreH6at1+z6l8j36ZAG/urmc=
6,-18,yy13l4/W1+GNgaV1rmKqtWIRDTc=,/SfzreH6at1+z6l8j36ZAG/urmc=
14,-19,yy13l4/W1+GNgaV1rmKqtWIRDTc=,/SfzreH6at1+z6l8j36ZAG/urmc=
4,-18,yy13l4/W1+GNgaV1rmKqtWIRDTc=,/SfzreH6at1+z6l8j36ZAG/urmc=
5,-18,yy13l4/W1+GNgaV1rmKqtWIRDTc=,/SfzreH6at1+z6l8j36ZAG/urmc=
7,-18,yy13l4/W1+GNgaV1rmKqtWIRDTc=,/SfzreH6at1+z6l8j36ZAG/urmc=
14,-17,yy13l4/W1+GNgaV1rmKqtWIRDTc=,/SfzreH6at1+z6l8j36ZAG/urmc=
4,-17,yy13l4/W1+GNgaV1rmKqtWIRDTc=,/SfzreH6at1+z6l8j36ZAG/urmc=
7,-19,yy13l4/W1+GNgaV1rmKqtWIRDTc=,/SfzreH6at1+z6l8j36ZAG/urmc=
15,-19,yy13l4/W1+GNgaV1rmKqtWIRDTc=,/SfzreH6at1+z6l8j36ZAG/urmc=
9,-18,yy13l4/W1+GNgaV1rmKqtWIRDTc=,/SfzreH6at1+z6l8j36ZAG/urmc=
5,-17,yy13l4/W1+GNgaV1rmKqtWIRDTc=,/SfzreH6at1+z6l8j36ZAG/urmc=
13,-17,yy13l4/W1+GNgaV1rmKqtWIRDTc=,/SfzreH6at1+z6l8j36ZAG/urmc=
6,-17,yy13l4/W1+GNgaV1rmKqtWIRDTc=,/SfzreH6at1+z6l8j36ZAG/urmc=
6,-20,yy13l4/W1+GNgaV1rmKqtWIRDTc=,/SfzreH6at1+z6l8j36ZAG/urmc=
10,-18,yy13l4/W1+GNgaV1rmKqtWIRDTc=,/SfzreH6at1+z6l8j36ZAG/urmc=
11,-18,yy13l4/W1+GNgaV1rmKqtWIRDTc=,/SfzreH6at1+z6l8j36ZAG/urmc=
5,-20,yy13l4/W1+GNgaV1rmKqtWIRDTc=,/SfzreH6at1+z6l8j36ZAG/urmc=
12,-18,yy13l4/W1+GNgaV1rmKqtWIRDTc=,/SfzreH6at1+z6l8j36ZAG/urmc=
4,-20,yy13l4/W1+GNgaV1rmKqtWIRDTc=,/SfzreH6at1+z6l8j36ZAG/urmc=
15,-18,yy13l4/W1+GNgaV1rmKqtWIRDTc=,/SfzreH6at1+z6l8j36ZAG/urmc=
14,-18,yy13l4/W1+GNgaV1rmKqtWIRDTc=,/SfzreH6at1+z6l8j36ZAG/urmc=
13,-20,yy13l4/W1+GNgaV1rmKqtWIRDTc=,/SfzreH6at1+z6l8j36ZAG/urmc=
12,-20,yy13l4/W1+GNgaV1rmKqtWIRDTc=,/SfzreH6at1+z6l8j36ZAG/urmc=
6,-19,yy13l4/W1+GNgaV1rmKqtWIRDTc=,/SfzreH6at1+z6l8j36ZAG/urmc=
14,-20,yy13l4/W1+GNgaV1rmKqtWIRDTc=,/SfzreH6at1+z6l8j36ZAG/urmc=
10,-20,yy13l4/W1+GNgaV1rmKqtWIRDTc=,/SfzreH6at1+z6l8j36ZAG/urmc=
11,-20,yy13l4/W1+GNgaV1rmKqtWIRDTc=,/SfzreH6at1+z6l8j36ZAG/urmc=
10,-19,yy13l4/W1+GNgaV1rmKqtWIRDTc=,/SfzreH6at1+z6l8j36ZAG/urmc=
5,-19,yy13l4/W1+GNgaV1rmKqtWIRDTc=,/SfzreH6at1+z6l8j36ZAG/urmc=
8,-18,yy13l4/W1+GNgaV1rmKqtWIRDTc=,/SfzreH6at1+z6l8j36ZAG/urmc=
8,-20,yy13l4/W1+GNgaV1rmKqtWIRDTc=,/SfzreH6at1+z6l8j36ZAG/urmc=
7,-20,yy13l4/W1+GNgaV1rmKqtWIRDTc=,/SfzreH6at1+z6l8j36ZAG/urmc=
4,-19,yy13l4/W1+GNgaV1rmKqtWIRDTc=,/SfzreH6at1+z6l8j36ZAG/urmc=
9,-20,yy13l4/W1+GNgaV1rmKqtWIRDTc=,/SfzreH6at1+z6l8j36ZAG/urmc=
15,-20,yy13l4/W1+GNgaV1rmKqtWIRDTc=,/SfzreH6at1+z6l8j36ZAG/urmc=
9,-19,yy13l4/W1+GNgaV1rmKqtWIRDTc=,/SfzreH6at1+z6l8j36ZAG/urmc=
12,-17,yy13l4/W1+GNgaV1rmKqtWIRDTc=,/SfzreH6at1+z6l8j36ZAG/urmc=
13,-18,yy13l4/W1+GNgaV1rmKqtWIRDTc=,/SfzreH6at1+z6l8j36ZAG/urmc=
8,-19,yy13l4/W1+GNgaV1rmKqtWIRDTc=,/SfzreH6at1+z6l8j36ZAG/urmc=
11,-17,yy13l4/W1+GNgaV1rmKqtWIRDTc=,/SfzreH6at1+z6l8j36ZAG/urmc=
11,-19,yy13l4/W1+GNgaV1rmKqtWIRDTc=,/SfzreH6at1+z6l8j36ZAG/urmc=
10,-17,yy13l4/W1+GNgaV1rmKqtWIRDTc=,/SfzreH6at1+z6l8j36ZAG/urmc=
9,-17,yy13l4/W1+GNgaV1rmKqtWIRDTc=,/SfzreH6at1+z6l8j36ZAG/urmc=
8,-17,yy13l4/W1+GNgaV1rmKqtWIRDTc=,/SfzreH6at1+z6l8j36ZAG/urmc=
13,-6,a8Clle5oMI11zPLFXvXHxVHAoBY=,/SfzreH6at1+z6l8j36ZAG/urmc=
12,-4,a8Clle5oMI11zPLFXvXHxVHAoBY=,/SfzreH6at1+z6l8j36ZAG/urmc=
13,-4,a8Clle5oMI11zPLFXvXHxVHAoBY=,/SfzreH6at1+z6l8j36ZAG/urmc=
13,-7,a8Clle5oMI11zPLFXvXHxVHAoBY=,/SfzreH6at1+z6l8j36ZAG/urmc=
11,-7,a8Clle5oMI11zPLFXvXHxVHAoBY=,/SfzreH6at1+z6l8j36ZAG/urmc=
12,-6,a8Clle5oMI11zPLFXvXHxVHAoBY=,/SfzreH6at1+z6l8j36ZAG/urmc=
11,-6,a8Clle5oMI11zPLFXvXHxVHAoBY=,/SfzreH6at1+z6l8j36ZAG/urmc=
13,-3,a8Clle5oMI11zPLFXvXHxVHAoBY=,/SfzreH6at1+z6l8j36ZAG/urmc=
12,-3,a8Clle5oMI11zPLFXvXHxVHAoBY=,/SfzreH6at1+z6l8j36ZAG/urmc=
13,-5,a8Clle5oMI11zPLFXvXHxVHAoBY=,/SfzreH6at1+z6l8j36ZAG/urmc=
12,-7,a8Clle5oMI11zPLFXvXHxVHAoBY=,/SfzreH6at1+z6l8j36ZAG/urmc=
12,-5,a8Clle5oMI11zPLFXvXHxVHAoBY=,/SfzreH6at1+z6l8j36ZAG/urmc=
8,-12,a8Clle5oMI11zPLFXvXHxVHAoBY=,/SfzreH6at1+z6l8j36ZAG/urmc=
6,-8,a8Clle5oMI11zPLFXvXHxVHAoBY=,/SfzreH6at1+z6l8j36ZAG/urmc=
9,-12,a8Clle5oMI11zPLFXvXHxVHAoBY=,/SfzreH6at1+z6l8j36ZAG/urmc=
8,-9,M5CocRrEw+AflNFKgHlzgwSkczs=,/SfzreH6at1+z6l8j36ZAG/urmc=
10,-12,M5CocRrEw+AflNFKgHlzgwSkczs=,/SfzreH6at1+z6l8j36ZAG/urmc=
8,-8,M5CocRrEw+AflNFKgHlzgwSkczs=,/SfzreH6at1+z6l8j36ZAG/urmc=
11,-12,M5CocRrEw+AflNFKgHlzgwSkczs=,/SfzreH6at1+z6l8j36ZAG/urmc=
7,-8,M5CocRrEw+AflNFKgHlzgwSkczs=,/SfzreH6at1+z6l8j36ZAG/urmc=
11,-11,M5CocRrEw+AflNFKgHlzgwSkczs=,/SfzreH6at1+z6l8j36ZAG/urmc=
10,-11,M5CocRrEw+AflNFKgHlzgwSkczs=,/SfzreH6at1+z6l8j36ZAG/urmc=
9,-10,M5CocRrEw+AflNFKgHlzgwSkczs=,/SfzreH6at1+z6l8j36ZAG/urmc=
9,-11,M5CocRrEw+AflNFKgHlzgwSkczs=,/SfzreH6at1+z6l8j36ZAG/urmc=
11,-10,M5CocRrEw+AflNFKgHlzgwSkczs=,/SfzreH6at1+z6l8j36ZAG/urmc=
10,-5,M5CocRrEw+AflNFKgHlzgwSkczs=,/SfzreH6at1+z6l8j36ZAG/urmc=
9,-5,M5CocRrEw+AflNFKgHlzgwSkczs=,/SfzreH6at1+z6l8j36ZAG/urmc=
10,-10,M5CocRrEw+AflNFKgHlzgwSkczs=,/SfzreH6at1+z6l8j36ZAG/urmc=
11,-5,M5CocRrEw+AflNFKgHlzgwSkczs=,/SfzreH6at1+z6l8j36ZAG/urmc=
5,-8,M5CocRrEw+AflNFKgHlzgwSkczs=,/SfzreH6at1+z6l8j36ZAG/urmc=
9,-8,M5CocRrEw+AflNFKgHlzgwSkczs=,/SfzreH6at1+z6l8j36ZAG/urmc=
10,-8,M5CocRrEw+AflNFKgHlzgwSkczs=,/SfzreH6at1+z6l8j36ZAG/urmc=
11,-8,M5CocRrEw+AflNFKgHlzgwSkczs=,/SfzreH6at1+z6l8j36ZAG/urmc=
10,-7,M5CocRrEw+AflNFKgHlzgwSkczs=,/SfzreH6at1+z6l8j36ZAG/urmc=
10,-6,M5CocRrEw+AflNFKgHlzgwSkczs=,/SfzreH6at1+z6l8j36ZAG/urmc=
9,-6,M5CocRrEw+AflNFKgHlzgwSkczs=,/SfzreH6at1+z6l8j36ZAG/urmc=
9,-7,M5CocRrEw+AflNFKgHlzgwSkczs=,/SfzreH6at1+z6l8j36ZAG/urmc=
8,-11,M5CocRrEw+AflNFKgHlzgwSkczs=,/SfzreH6at1+z6l8j36ZAG/urmc=
5,-7,M5CocRrEw+AflNFKgHlzgwSkczs=,/SfzreH6at1+z6l8j36ZAG/urmc=
4,-7,M5CocRrEw+AflNFKgHlzgwSkczs=,/SfzreH6at1+z6l8j36ZAG/urmc=
8,-5,M5CocRrEw+AflNFKgHlzgwSkczs=,/SfzreH6at1+z6l8j36ZAG/urmc=
8,-10,M5CocRrEw+AflNFKgHlzgwSkczs=,/SfzreH6at1+z6l8j36ZAG/urmc=
6,-7,M5CocRrEw+AflNFKgHlzgwSkczs=,/SfzreH6at1+z6l8j36ZAG/urmc=
5,-6,M5CocRrEw+AflNFKgHlzgwSkczs=,/SfzreH6at1+z6l8j36ZAG/urmc=
4,-6,M5CocRrEw+AflNFKgHlzgwSkczs=,/SfzreH6at1+z6l8j36ZAG/urmc=
7,-6,M5CocRrEw+AflNFKgHlzgwSkczs=,/SfzreH6at1+z6l8j36ZAG/urmc=
7,-7,M5CocRrEw+AflNFKgHlzgwSkczs=,/SfzreH6at1+z6l8j36ZAG/urmc=
4,-12,M5CocRrEw+AflNFKgHlzgwSkczs=,/SfzreH6at1+z6l8j36ZAG/urmc=
6,-6,M5CocRrEw+AflNFKgHlzgwSkczs=,/SfzreH6at1+z6l8j36ZAG/urmc=
8,-6,M5CocRrEw+AflNFKgHlzgwSkczs=,/SfzreH6at1+z6l8j36ZAG/urmc=
8,-16,M5CocRrEw+AflNFKgHlzgwSkczs=,/SfzreH6at1+z6l8j36ZAG/urmc=
4,-15,M5CocRrEw+AflNFKgHlzgwSkczs=,/SfzreH6at1+z6l8j36ZAG/urmc=
4,-16,M5CocRrEw+AflNFKgHlzgwSkczs=,/SfzreH6at1+z6l8j36ZAG/urmc=
5,-12,M5CocRrEw+AflNFKgHlzgwSkczs=,/SfzreH6at1+z6l8j36ZAG/urmc=
11,-16,M5CocRrEw+AflNFKgHlzgwSkczs=,/SfzreH6at1+z6l8j36ZAG/urmc=
5,-16,M5CocRrEw+AflNFKgHlzgwSkczs=,/SfzreH6at1+z6l8j36ZAG/urmc=
4,-5,M5CocRrEw+AflNFKgHlzgwSkczs=,/SfzreH6at1+z6l8j36ZAG/urmc=
10,-16,M5CocRrEw+AflNFKgHlzgwSkczs=,/SfzreH6at1+z6l8j36ZAG/urmc=
5,-15,M5CocRrEw+AflNFKgHlzgwSkczs=,/SfzreH6at1+z6l8j36ZAG/urmc=
5,-5,M5CocRrEw+AflNFKgHlzgwSkczs=,/SfzreH6at1+z6l8j36ZAG/urmc=
6,-16,M5CocRrEw+AflNFKgHlzgwSkczs=,/SfzreH6at1+z6l8j36ZAG/urmc=
9,-16,M5CocRrEw+AflNFKgHlzgwSkczs=,/SfzreH6at1+z6l8j36ZAG/urmc=
7,-16,M5CocRrEw+AflNFKgHlzgwSkczs=,/SfzreH6at1+z6l8j36ZAG/urmc=
6,-15,M5CocRrEw+AflNFKgHlzgwSkczs=,/SfzreH6at1+z6l8j36ZAG/urmc=
8,-13,M5CocRrEw+AflNFKgHlzgwSkczs=,/SfzreH6at1+z6l8j36ZAG/urmc=
7,-15,M5CocRrEw+AflNFKgHlzgwSkczs=,/SfzreH6at1+z6l8j36ZAG/urmc=
4,-8,M5CocRrEw+AflNFKgHlzgwSkczs=,/SfzreH6at1+z6l8j36ZAG/urmc=
8,-7,M5CocRrEw+AflNFKgHlzgwSkczs=,/SfzreH6at1+z6l8j36ZAG/urmc=
5,-14,M5CocRrEw+AflNFKgHlzgwSkczs=,/SfzreH6at1+z6l8j36ZAG/urmc=
6,-5,M5CocRrEw+AflNFKgHlzgwSkczs=,/SfzreH6at1+z6l8j36ZAG/urmc=
6,-13,M5CocRrEw+AflNFKgHlzgwSkczs=,/SfzreH6at1+z6l8j36ZAG/urmc=
5,-13,M5CocRrEw+AflNFKgHlzgwSkczs=,/SfzreH6at1+z6l8j36ZAG/urmc=
11,-9,M5CocRrEw+AflNFKgHlzgwSkczs=,/SfzreH6at1+z6l8j36ZAG/urmc=
7,-5,M5CocRrEw+AflNFKgHlzgwSkczs=,/SfzreH6at1+z6l8j36ZAG/urmc=
4,-13,M5CocRrEw+AflNFKgHlzgwSkczs=,/SfzreH6at1+z6l8j36ZAG/urmc=
7,-13,M5CocRrEw+AflNFKgHlzgwSkczs=,/SfzreH6at1+z6l8j36ZAG/urmc=
8,-14,M5CocRrEw+AflNFKgHlzgwSkczs=,/SfzreH6at1+z6l8j36ZAG/urmc=
6,-14,M5CocRrEw+AflNFKgHlzgwSkczs=,/SfzreH6at1+z6l8j36ZAG/urmc=
9,-9,M5CocRrEw+AflNFKgHlzgwSkczs=,/SfzreH6at1+z6l8j36ZAG/urmc=
10,-9,M5CocRrEw+AflNFKgHlzgwSkczs=,/SfzreH6at1+z6l8j36ZAG/urmc=
6,-12,M5CocRrEw+AflNFKgHlzgwSkczs=,/SfzreH6at1+z6l8j36ZAG/urmc=
7,-9,M5CocRrEw+AflNFKgHlzgwSkczs=,/SfzreH6at1+z6l8j36ZAG/urmc=
4,-14,M5CocRrEw+AflNFKgHlzgwSkczs=,/SfzreH6at1+z6l8j36ZAG/urmc=
7,-14,M5CocRrEw+AflNFKgHlzgwSkczs=,/SfzreH6at1+z6l8j36ZAG/urmc=
8,-15,M5CocRrEw+AflNFKgHlzgwSkczs=,/SfzreH6at1+z6l8j36ZAG/urmc=
6,-9,M5CocRrEw+AflNFKgHlzgwSkczs=,/SfzreH6at1+z6l8j36ZAG/urmc=
11,-13,M5CocRrEw+AflNFKgHlzgwSkczs=,/SfzreH6at1+z6l8j36ZAG/urmc=
10,-13,pZ9LR4EEVEhSlvwt4uAOXcG/buw=,/SfzreH6at1+z6l8j36ZAG/urmc=
1,-16,pZ9LR4EEVEhSlvwt4uAOXcG/buw=,/SfzreH6at1+z6l8j36ZAG/urmc=
5,-9,pZ9LR4EEVEhSlvwt4uAOXcG/buw=,/SfzreH6at1+z6l8j36ZAG/urmc=
7,-12,pZ9LR4EEVEhSlvwt4uAOXcG/buw=,/SfzreH6at1+z6l8j36ZAG/urmc=
9,-13,pZ9LR4EEVEhSlvwt4uAOXcG/buw=,/SfzreH6at1+z6l8j36ZAG/urmc=
11,-14,pZ9LR4EEVEhSlvwt4uAOXcG/buw=,/SfzreH6at1+z6l8j36ZAG/urmc=
7,-10,pZ9LR4EEVEhSlvwt4uAOXcG/buw=,/SfzreH6at1+z6l8j36ZAG/urmc=
10,-15,pZ9LR4EEVEhSlvwt4uAOXcG/buw=,/SfzreH6at1+z6l8j36ZAG/urmc=
2,-16,pZ9LR4EEVEhSlvwt4uAOXcG/buw=,/SfzreH6at1+z6l8j36ZAG/urmc=
9,-15,pZ9LR4EEVEhSlvwt4uAOXcG/buw=,/SfzreH6at1+z6l8j36ZAG/urmc=
10,-14,pZ9LR4EEVEhSlvwt4uAOXcG/buw=,/SfzreH6at1+z6l8j36ZAG/urmc=
11,-15,pZ9LR4EEVEhSlvwt4uAOXcG/buw=,/SfzreH6at1+z6l8j36ZAG/urmc=
9,-14,pZ9LR4EEVEhSlvwt4uAOXcG/buw=,/SfzreH6at1+z6l8j36ZAG/urmc=
3,-15,pZ9LR4EEVEhSlvwt4uAOXcG/buw=,/SfzreH6at1+z6l8j36ZAG/urmc=
0,-9,pZ9LR4EEVEhSlvwt4uAOXcG/buw=,/SfzreH6at1+z6l8j36ZAG/urmc=
4,-9,pZ9LR4EEVEhSlvwt4uAOXcG/buw=,/SfzreH6at1+z6l8j36ZAG/urmc=
1,-15,pZ9LR4EEVEhSlvwt4uAOXcG/buw=,/SfzreH6at1+z6l8j36ZAG/urmc=
5,-10,pZ9LR4EEVEhSlvwt4uAOXcG/buw=,/SfzreH6at1+z6l8j36ZAG/urmc=
1,-14,pZ9LR4EEVEhSlvwt4uAOXcG/buw=,/SfzreH6at1+z6l8j36ZAG/urmc=
15,-8,pZ9LR4EEVEhSlvwt4uAOXcG/buw=,/SfzreH6at1+z6l8j36ZAG/urmc=
3,-16,pZ9LR4EEVEhSlvwt4uAOXcG/buw=,/SfzreH6at1+z6l8j36ZAG/urmc=
0,-16,pZ9LR4EEVEhSlvwt4uAOXcG/buw=,/SfzreH6at1+z6l8j36ZAG/urmc=
2,-15,pZ9LR4EEVEhSlvwt4uAOXcG/buw=,/SfzreH6at1+z6l8j36ZAG/urmc=
4,-11,pZ9LR4EEVEhSlvwt4uAOXcG/buw=,/SfzreH6at1+z6l8j36ZAG/urmc=
15,-6,pZ9LR4EEVEhSlvwt4uAOXcG/buw=,/SfzreH6at1+z6l8j36ZAG/urmc=
15,-16,pZ9LR4EEVEhSlvwt4uAOXcG/buw=,/SfzreH6at1+z6l8j36ZAG/urmc=
15,-5,pZ9LR4EEVEhSlvwt4uAOXcG/buw=,/SfzreH6at1+z6l8j36ZAG/urmc=
15,-9,pZ9LR4EEVEhSlvwt4uAOXcG/buw=,/SfzreH6at1+z6l8j36ZAG/urmc=
0,-10,pZ9LR4EEVEhSlvwt4uAOXcG/buw=,/SfzreH6at1+z6l8j36ZAG/urmc=
0,-15,pZ9LR4EEVEhSlvwt4uAOXcG/buw=,/SfzreH6at1+z6l8j36ZAG/urmc=
15,-7,pZ9LR4EEVEhSlvwt4uAOXcG/buw=,/SfzreH6at1+z6l8j36ZAG/urmc=
6,-10,pZ9LR4EEVEhSlvwt4uAOXcG/buw=,/SfzreH6at1+z6l8j36ZAG/urmc=
14,-5,pZ9LR4EEVEhSlvwt4uAOXcG/buw=,/SfzreH6at1+z6l8j36ZAG/urmc=
14,-7,pZ9LR4EEVEhSlvwt4uAOXcG/buw=,/SfzreH6at1+z6l8j36ZAG/urmc=
15,-10,pZ9LR4EEVEhSlvwt4uAOXcG/buw=,/SfzreH6at1+z6l8j36ZAG/urmc=
14,-8,pZ9LR4EEVEhSlvwt4uAOXcG/buw=,/SfzreH6at1+z6l8j36ZAG/urmc=
0,-13,pZ9LR4EEVEhSlvwt4uAOXcG/buw=,/SfzreH6at1+z6l8j36ZAG/urmc=
1,-1,pZ9LR4EEVEhSlvwt4uAOXcG/buw=,/SfzreH6at1+z6l8j36ZAG/urmc=
13,-8,pZ9LR4EEVEhSlvwt4uAOXcG/buw=,/SfzreH6at1+z6l8j36ZAG/urmc=
4,-10,pZ9LR4EEVEhSlvwt4uAOXcG/buw=,/SfzreH6at1+z6l8j36ZAG/urmc=
0,-2,pZ9LR4EEVEhSlvwt4uAOXcG/buw=,/SfzreH6at1+z6l8j36ZAG/urmc=
5,-11,pZ9LR4EEVEhSlvwt4uAOXcG/buw=,/SfzreH6at1+z6l8j36ZAG/urmc=
15,-11,pZ9LR4EEVEhSlvwt4uAOXcG/buw=,/SfzreH6at1+z6l8j36ZAG/urmc=
7,-11,pZ9LR4EEVEhSlvwt4uAOXcG/buw=,/SfzreH6at1+z6l8j36ZAG/urmc=
3,-9,pZ9LR4EEVEhSlvwt4uAOXcG/buw=,/SfzreH6at1+z6l8j36ZAG/urmc=
12,-8,pZ9LR4EEVEhSlvwt4uAOXcG/buw=,/SfzreH6at1+z6l8j36ZAG/urmc=
15,-12,pZ9LR4EEVEhSlvwt4uAOXcG/buw=,/SfzreH6at1+z6l8j36ZAG/urmc=
0,-11,pZ9LR4EEVEhSlvwt4uAOXcG/buw=,/SfzreH6at1+z6l8j36ZAG/urmc=
14,-6,pZ9LR4EEVEhSlvwt4uAOXcG/buw=,/SfzreH6at1+z6l8j36ZAG/urmc=
15,-13,pZ9LR4EEVEhSlvwt4uAOXcG/buw=,/SfzreH6at1+z6l8j36ZAG/urmc=
0,-14,pZ9LR4EEVEhSlvwt4uAOXcG/buw=,/SfzreH6at1+z6l8j36ZAG/urmc=
15,-14,pZ9LR4EEVEhSlvwt4uAOXcG/buw=,/SfzreH6at1+z6l8j36ZAG/urmc=
2,-1,pZ9LR4EEVEhSlvwt4uAOXcG/buw=,/SfzreH6at1+z6l8j36ZAG/urmc=
15,-15,pZ9LR4EEVEhSlvwt4uAOXcG/buw=,/SfzreH6at1+z6l8j36ZAG/urmc=
14,-16,pZ9LR4EEVEhSlvwt4uAOXcG/buw=,/SfzreH6at1+z6l8j36ZAG/urmc=
12,-16,pZ9LR4EEVEhSlvwt4uAOXcG/buw=,/SfzreH6at1+z6l8j36ZAG/urmc=
3,-14,pZ9LR4EEVEhSlvwt4uAOXcG/buw=,/SfzreH6at1+z6l8j36ZAG/urmc=
12,-9,pZ9LR4EEVEhSlvwt4uAOXcG/buw=,/SfzreH6at1+z6l8j36ZAG/urmc=
6,-11,pZ9LR4EEVEhSlvwt4uAOXcG/buw=,/SfzreH6at1+z6l8j36ZAG/urmc=
13,-16,pZ9LR4EEVEhSlvwt4uAOXcG/buw=,/SfzreH6at1+z6l8j36ZAG/urmc=
14,-11,pZ9LR4EEVEhSlvwt4uAOXcG/buw=,/SfzreH6at1+z6l8j36ZAG/urmc=
13,-9,pZ9LR4EEVEhSlvwt4uAOXcG/buw=,/SfzreH6at1+z6l8j36ZAG/urmc=
12,-10,pZ9LR4EEVEhSlvwt4uAOXcG/buw=,/SfzreH6at1+z6l8j36ZAG/urmc=
1,-13,pZ9LR4EEVEhSlvwt4uAOXcG/buw=,/SfzreH6at1+z6l8j36ZAG/urmc=
13,-11,pZ9LR4EEVEhSlvwt4uAOXcG/buw=,/SfzreH6at1+z6l8j36ZAG/urmc=
0,-1,pZ9LR4EEVEhSlvwt4uAOXcG/buw=,/SfzreH6at1+z6l8j36ZAG/urmc=
13,-12,pZ9LR4EEVEhSlvwt4uAOXcG/buw=,/SfzreH6at1+z6l8j36ZAG/urmc=
14,-9,pZ9LR4EEVEhSlvwt4uAOXcG/buw=,/SfzreH6at1+z6l8j36ZAG/urmc=
12,-11,pZ9LR4EEVEhSlvwt4uAOXcG/buw=,/SfzreH6at1+z6l8j36ZAG/urmc=
14,-10,pZ9LR4EEVEhSlvwt4uAOXcG/buw=,/SfzreH6at1+z6l8j36ZAG/urmc=
14,-12,pZ9LR4EEVEhSlvwt4uAOXcG/buw=,/SfzreH6at1+z6l8j36ZAG/urmc=
13,-10,pZ9LR4EEVEhSlvwt4uAOXcG/buw=,/SfzreH6at1+z6l8j36ZAG/urmc=
0,-12,pZ9LR4EEVEhSlvwt4uAOXcG/buw=,/SfzreH6at1+z6l8j36ZAG/urmc=
13,-13,pZ9LR4EEVEhSlvwt4uAOXcG/buw=,/SfzreH6at1+z6l8j36ZAG/urmc=
12,-12,pZ9LR4EEVEhSlvwt4uAOXcG/buw=,/SfzreH6at1+z6l8j36ZAG/urmc=
14,-13,pZ9LR4EEVEhSlvwt4uAOXcG/buw=,/SfzreH6at1+z6l8j36ZAG/urmc=
2,-14,pZ9LR4EEVEhSlvwt4uAOXcG/buw=,/SfzreH6at1+z6l8j36ZAG/urmc=
14,-15,pZ9LR4EEVEhSlvwt4uAOXcG/buw=,/SfzreH6at1+z6l8j36ZAG/urmc=
13,-15,pZ9LR4EEVEhSlvwt4uAOXcG/buw=,/SfzreH6at1+z6l8j36ZAG/urmc=
14,-14,pZ9LR4EEVEhSlvwt4uAOXcG/buw=,/SfzreH6at1+z6l8j36ZAG/urmc=
13,-14,pZ9LR4EEVEhSlvwt4uAOXcG/buw=,/SfzreH6at1+z6l8j36ZAG/urmc=
12,-15,pZ9LR4EEVEhSlvwt4uAOXcG/buw=,/SfzreH6at1+z6l8j36ZAG/urmc=
12,-14,pZ9LR4EEVEhSlvwt4uAOXcG/buw=,/SfzreH6at1+z6l8j36ZAG/urmc=
12,-13,pZ9LR4EEVEhSlvwt4uAOXcG/buw=,/SfzreH6at1+z6l8j36ZAG/urmc=
2,-13,pZ9LR4EEVEhSlvwt4uAOXcG/buw=,/SfzreH6at1+z6l8j36ZAG/urmc=
3,-13,pZ9LR4EEVEhSlvwt4uAOXcG/buw=,/SfzreH6at1+z6l8j36ZAG/urmc=
0,-3,pZ9LR4EEVEhSlvwt4uAOXcG/buw=,/SfzreH6at1+z6l8j36ZAG/urmc=
9,-1,pZ9LR4EEVEhSlvwt4uAOXcG/buw=,/SfzreH6at1+z6l8j36ZAG/urmc=
1,-12,pZ9LR4EEVEhSlvwt4uAOXcG/buw=,/SfzreH6at1+z6l8j36ZAG/urmc=
3,-6,pZ9LR4EEVEhSlvwt4uAOXcG/buw=,/SfzreH6at1+z6l8j36ZAG/urmc=
3,-1,pZ9LR4EEVEhSlvwt4uAOXcG/buw=,/SfzreH6at1+z6l8j36ZAG/urmc=
1,-5,pZ9LR4EEVEhSlvwt4uAOXcG/buw=,/SfzreH6at1+z6l8j36ZAG/urmc=
2,-5,pZ9LR4EEVEhSlvwt4uAOXcG/buw=,/SfzreH6at1+z6l8j36ZAG/urmc=
1,-6,ur2Xun99rzJxGS2uqq5cpRKcXoM=,/SfzreH6at1+z6l8j36ZAG/urmc=
2,-6,ur2Xun99rzJxGS2uqq5cpRKcXoM=,/SfzreH6at1+z6l8j36ZAG/urmc=
1,-7,ur2Xun99rzJxGS2uqq5cpRKcXoM=,/SfzreH6at1+z6l8j36ZAG/urmc=
3,-7,ur2Xun99rzJxGS2uqq5cpRKcXoM=,/SfzreH6at1+z6l8j36ZAG/urmc=
2,-7,ur2Xun99rzJxGS2uqq5cpRKcXoM=,/SfzreH6at1+z6l8j36ZAG/urmc=
2,-12,ur2Xun99rzJxGS2uqq5cpRKcXoM=,/SfzreH6at1+z6l8j36ZAG/urmc=
7,-1,ur2Xun99rzJxGS2uqq5cpRKcXoM=,/SfzreH6at1+z6l8j36ZAG/urmc=
1,-9,ur2Xun99rzJxGS2uqq5cpRKcXoM=,/SfzreH6at1+z6l8j36ZAG/urmc=
2,-9,ur2Xun99rzJxGS2uqq5cpRKcXoM=,/SfzreH6at1+z6l8j36ZAG/urmc=
3,-5,ur2Xun99rzJxGS2uqq5cpRKcXoM=,/SfzreH6at1+z6l8j36ZAG/urmc=
3,-4,ur2Xun99rzJxGS2uqq5cpRKcXoM=,/SfzreH6at1+z6l8j36ZAG/urmc=
3,-10,ur2Xun99rzJxGS2uqq5cpRKcXoM=,/SfzreH6at1+z6l8j36ZAG/urmc=
0,-4,ur2Xun99rzJxGS2uqq5cpRKcXoM=,/SfzreH6at1+z6l8j36ZAG/urmc=
3,-3,ur2Xun99rzJxGS2uqq5cpRKcXoM=,/SfzreH6at1+z6l8j36ZAG/urmc=
0,-5,ur2Xun99rzJxGS2uqq5cpRKcXoM=,/SfzreH6at1+z6l8j36ZAG/urmc=
2,-10,ur2Xun99rzJxGS2uqq5cpRKcXoM=,/SfzreH6at1+z6l8j36ZAG/urmc=
1,-8,ur2Xun99rzJxGS2uqq5cpRKcXoM=,/SfzreH6at1+z6l8j36ZAG/urmc=
1,-2,ur2Xun99rzJxGS2uqq5cpRKcXoM=,/SfzreH6at1+z6l8j36ZAG/urmc=
1,-3,ur2Xun99rzJxGS2uqq5cpRKcXoM=,/SfzreH6at1+z6l8j36ZAG/urmc=
0,-7,ur2Xun99rzJxGS2uqq5cpRKcXoM=,/SfzreH6at1+z6l8j36ZAG/urmc=
2,-4,ur2Xun99rzJxGS2uqq5cpRKcXoM=,/SfzreH6at1+z6l8j36ZAG/urmc=
0,-6,ur2Xun99rzJxGS2uqq5cpRKcXoM=,/SfzreH6at1+z6l8j36ZAG/urmc=
3,-12,ur2Xun99rzJxGS2uqq5cpRKcXoM=,/SfzreH6at1+z6l8j36ZAG/urmc=
1,-4,ur2Xun99rzJxGS2uqq5cpRKcXoM=,/SfzreH6at1+z6l8j36ZAG/urmc=
7,-3,ur2Xun99rzJxGS2uqq5cpRKcXoM=,/SfzreH6at1+z6l8j36ZAG/urmc=
0,-8,ur2Xun99rzJxGS2uqq5cpRKcXoM=,/SfzreH6at1+z6l8j36ZAG/urmc=
3,-2,ur2Xun99rzJxGS2uqq5cpRKcXoM=,/SfzreH6at1+z6l8j36ZAG/urmc=
3,-11,ur2Xun99rzJxGS2uqq5cpRKcXoM=,/SfzreH6at1+z6l8j36ZAG/urmc=
1,-10,ur2Xun99rzJxGS2uqq5cpRKcXoM=,/SfzreH6at1+z6l8j36ZAG/urmc=
5,-3,ur2Xun99rzJxGS2uqq5cpRKcXoM=,/SfzreH6at1+z6l8j36ZAG/urmc=
3,-8,ur2Xun99rzJxGS2uqq5cpRKcXoM=,/SfzreH6at1+z6l8j36ZAG/urmc=
6,-1,ur2Xun99rzJxGS2uqq5cpRKcXoM=,/SfzreH6at1+z6l8j36ZAG/urmc=
2,-8,ur2Xun99rzJxGS2uqq5cpRKcXoM=,/SfzreH6at1+z6l8j36ZAG/urmc=
6,-4,ur2Xun99rzJxGS2uqq5cpRKcXoM=,/SfzreH6at1+z6l8j36ZAG/urmc=
5,-4,ur2Xun99rzJxGS2uqq5cpRKcXoM=,/SfzreH6at1+z6l8j36ZAG/urmc=
2,-11,ur2Xun99rzJxGS2uqq5cpRKcXoM=,/SfzreH6at1+z6l8j36ZAG/urmc=
1,-11,ur2Xun99rzJxGS2uqq5cpRKcXoM=,/SfzreH6at1+z6l8j36ZAG/urmc=
7,-4,ur2Xun99rzJxGS2uqq5cpRKcXoM=,/SfzreH6at1+z6l8j36ZAG/urmc=
2,-3,ur2Xun99rzJxGS2uqq5cpRKcXoM=,/SfzreH6at1+z6l8j36ZAG/urmc=
4,-4,ur2Xun99rzJxGS2uqq5cpRKcXoM=,/SfzreH6at1+z6l8j36ZAG/urmc=
10,-1,ur2Xun99rzJxGS2uqq5cpRKcXoM=,/SfzreH6at1+z6l8j36ZAG/urmc=
5,-1,ur2Xun99rzJxGS2uqq5cpRKcXoM=,/SfzreH6at1+z6l8j36ZAG/urmc=
8,-1,ur2Xun99rzJxGS2uqq5cpRKcXoM=,/SfzreH6at1+z6l8j36ZAG/urmc=
6,-2,ur2Xun99rzJxGS2uqq5cpRKcXoM=,/SfzreH6at1+z6l8j36ZAG/urmc=
2,-2,ur2Xun99rzJxGS2uqq5cpRKcXoM=,/SfzreH6at1+z6l8j36ZAG/urmc=
11,-1,ur2Xun99rzJxGS2uqq5cpRKcXoM=,/SfzreH6at1+z6l8j36ZAG/urmc=
4,-1,ur2Xun99rzJxGS2uqq5cpRKcXoM=,/SfzreH6at1+z6l8j36ZAG/urmc=
15,-1,ur2Xun99rzJxGS2uqq5cpRKcXoM=,/SfzreH6at1+z6l8j36ZAG/urmc=
14,-1,ur2Xun99rzJxGS2uqq5cpRKcXoM=,/SfzreH6at1+z6l8j36ZAG/urmc=
12,-1,ur2Xun99rzJxGS2uqq5cpRKcXoM=,/SfzreH6at1+z6l8j36ZAG/urmc=
6,-3,ur2Xun99rzJxGS2uqq5cpRKcXoM=,/SfzreH6at1+z6l8j36ZAG/urmc=
4,-3,ur2Xun99rzJxGS2uqq5cpRKcXoM=,/SfzreH6at1+z6l8j36ZAG/urmc=
15,-4,ur2Xun99rzJxGS2uqq5cpRKcXoM=,/SfzreH6at1+z6l8j36ZAG/urmc=
14,-2,ur2Xun99rzJxGS2uqq5cpRKcXoM=,/SfzreH6at1+z6l8j36ZAG/urmc=
7,-2,ur2Xun99rzJxGS2uqq5cpRKcXoM=,/SfzreH6at1+z6l8j36ZAG/urmc=
13,-1,ur2Xun99rzJxGS2uqq5cpRKcXoM=,/SfzreH6at1+z6l8j36ZAG/urmc=
11,-4,ur2Xun99rzJxGS2uqq5cpRKcXoM=,/SfzreH6at1+z6l8j36ZAG/urmc=
9,-3,ur2Xun99rzJxGS2uqq5cpRKcXoM=,/SfzreH6at1+z6l8j36ZAG/urmc=
15,-2,ur2Xun99rzJxGS2uqq5cpRKcXoM=,/SfzreH6at1+z6l8j36ZAG/urmc=
13,-2,ur2Xun99rzJxGS2uqq5cpRKcXoM=,/SfzreH6at1+z6l8j36ZAG/urmc=
14,-3,ur2Xun99rzJxGS2uqq5cpRKcXoM=,/SfzreH6at1+z6l8j36ZAG/urmc=
5,-2,ur2Xun99rzJxGS2uqq5cpRKcXoM=,/SfzreH6at1+z6l8j36ZAG/urmc=
9,-4,ur2Xun99rzJxGS2uqq5cpRKcXoM=,/SfzreH6at1+z6l8j36ZAG/urmc=
14,-4,ur2Xun99rzJxGS2uqq5cpRKcXoM=,/SfzreH6at1+z6l8j36ZAG/urmc=
4,-2,ur2Xun99rzJxGS2uqq5cpRKcXoM=,/SfzreH6at1+z6l8j36ZAG/urmc=
10,-3,ur2Xun99rzJxGS2uqq5cpRKcXoM=,/SfzreH6at1+z6l8j36ZAG/urmc=
10,-4,ur2Xun99rzJxGS2uqq5cpRKcXoM=,/SfzreH6at1+z6l8j36ZAG/urmc=
10,-2,ur2Xun99rzJxGS2uqq5cpRKcXoM=,/SfzreH6at1+z6l8j36ZAG/urmc=
12,-2,ur2Xun99rzJxGS2uqq5cpRKcXoM=,/SfzreH6at1+z6l8j36ZAG/urmc=
11,-2,ur2Xun99rzJxGS2uqq5cpRKcXoM=,/SfzreH6at1+z6l8j36ZAG/urmc=
8,-2,ur2Xun99rzJxGS2uqq5cpRKcXoM=,/SfzreH6at1+z6l8j36ZAG/urmc=
11,-3,ur2Xun99rzJxGS2uqq5cpRKcXoM=,/SfzreH6at1+z6l8j36ZAG/urmc=
8,-4,ur2Xun99rzJxGS2uqq5cpRKcXoM=,/SfzreH6at1+z6l8j36ZAG/urmc=
8,-3,ur2Xun99rzJxGS2uqq5cpRKcXoM=,/SfzreH6at1+z6l8j36ZAG/urmc=
15,-3,ur2Xun99rzJxGS2uqq5cpRKcXoM=,/SfzreH6at1+z6l8j36ZAG/urmc=
9,-2,ur2Xun99rzJxGS2uqq5cpRKcXoM=,/SfzreH6at1+z6l8j36ZAG/urmc=
