101,3,L9WuRZ+KKPGknUrjSzw6YiUHeDU=,/SfzreH6at1+z6l8j36ZAG/urmc=
101,0,L9WuRZ+KKPGknUrjSzw6YiUHeDU=,/SfzreH6at1+z6l8j36ZAG/urmc=
101,4,L9WuRZ+KKPGknUrjSzw6YiUHeDU=,/SfzreH6at1+z6l8j36ZAG/urmc=
102,4,L9WuRZ+KKPGknUrjSzw6YiUHeDU=,/SfzreH6at1+z6l8j36ZAG/urmc=
103,3,L9WuRZ+KKPGknUrjSzw6YiUHeDU=,/SfzreH6at1+z6l8j36ZAG/urmc=
102,3,L9WuRZ+KKPGknUrjSzw6YiUHeDU=,/SfzreH6at1+z6l8j36ZAG/urmc=
99,0,L9WuRZ+KKPGknUrjSzw6YiUHeDU=,/SfzreH6at1+z6l8j36ZAG/urmc=
102,2,L9WuRZ+KKPGknUrjSzw6YiUHeDU=,/SfzreH6at1+z6l8j36ZAG/urmc=
103,4,L9WuRZ+KKPGknUrjSzw6YiUHeDU=,/SfzreH6at1+z6l8j36ZAG/urmc=
110,1,L9WuRZ+KKPGknUrjSzw6YiUHeDU=,/SfzreH6at1+z6l8j36ZAG/urmc=
103,1,L9WuRZ+KKPGknUrjSzw6YiUHeDU=,/SfzreH6at1+z6l8j36ZAG/urmc=
101,2,L9WuRZ+KKPGknUrjSzw6YiUHeDU=,/SfzreH6at1+z6l8j36ZAG/urmc=
111,1,L9WuRZ+KKPGknUrjSzw6YiUHeDU=,/SfzreH6at1+z6l8j36ZAG/urmc=
104,2,L9WuRZ+KKPGknUrjSzw6YiUHeDU=,/SfzreH6at1+z6l8j36ZAG/urmc=
109,1,L9WuRZ+KKPGknUrjSzw6YiUHeDU=,/SfzreH6at1+z6l8j36ZAG/urmc=
100,4,L9WuRZ+KKPGknUrjSzw6YiUHeDU=,/SfzreH6at1+z6l8j36ZAG/urmc=
107,2,L9WuRZ+KKPGknUrjSzw6YiUHeDU=,/SfzreH6at1+z6l8j36ZAG/urmc=
108,1,L9WuRZ+KKPGknUrjSzw6YiUHeDU=,/SfzreH6at1+z6l8j36ZAG/urmc=
101,1,L9WuRZ+KKPGknUrjSzw6YiUHeDU=,/SfzreH6at1+z6l8j36ZAG/urmc=
108,2,L9WuRZ+KKPGknUrjSzw6YiUHeDU=,/SfzreH6at1+z6l8j36ZAG/urmc=
107,1,L9WuRZ+KKPGknUrjSzw6YiUHeDU=,/SfzreH6at1+z6l8j36ZAG/urmc=
106,1,L9WuRZ+KKPGknUrjSzw6YiUHeDU=,/SfzreH6at1+z6l8j36ZAG/urmc=
100,2,L9WuRZ+KKPGknUrjSzw6YiUHeDU=,/SfzreH6at1+z6l8j36ZAG/urmc=
102,7,L9WuRZ+KKPGknUrjSzw6YiUHeDU=,/SfzreH6at1+z6l8j36ZAG/urmc=
105,1,L9WuRZ+KKPGknUrjSzw6YiUHeDU=,/SfzreH6at1+z6l8j36ZAG/urmc=
99,4,L9WuRZ+KKPGknUrjSzw6YiUHeDU=,/SfzreH6at1+z6l8j36ZAG/urmc=
111,7,L9WuRZ+KKPGknUrjSzw6YiUHeDU=,/SfzreH6at1+z6l8j36ZAG/urmc=
104,1,L9WuRZ+KKPGknUrjSzw6YiUHeDU=,/SfzreH6at1+z6l8j36ZAG/urmc=
98,4,L9WuRZ+KKPGknUrjSzw6YiUHeDU=,/SfzreH6at1+z6l8j36ZAG/urmc=
97,4,L9WuRZ+KKPGknUrjSzw6YiUHeDU=,/SfzreH6at1+z6l8j36ZAG/urmc=
100,7,L9WuRZ+KKPGknUrjSzw6YiUHeDU=,/SfzreH6at1+z6l8j36ZAG/urmc=
108,7,L9WuRZ+KKPGknUrjSzw6YiUHeDU=,/SfzreH6at1+z6l8j36ZAG/urmc=
99,7,L9WuRZ+KKPGknUrjSzw6YiUHeDU=,/SfzreH6at1+z6l8j36ZAG/urmc=
107,7,L9WuRZ+KKPGknUrjSzw6YiUHeDU=,/SfzreH6at1+z6l8j36ZAG/urmc=
103,7,L9WuRZ+KKPGknUrjSzw6YiUHeDU=,/SfzreH6at1+z6l8j36ZAG/urmc=
109,2,L9WuRZ+KKPGknUrjSzw6YiUHeDU=,/SfzreH6at1+z6l8j36ZAG/urmc=
96,4,L9WuRZ+KKPGknUrjSzw6YiUHeDU=,/SfzreH6at1+z6l8j36ZAG/urmc=
105,7,L9WuRZ+KKPGknUrjSzw6YiUHeDU=,/SfzreH6at1+z6l8j36ZAG/urmc=
102,1,L9WuRZ+KKPGknUrjSzw6YiUHeDU=,/SfzreH6at1+z6l8j36ZAG/urmc=
106,7,L9WuRZ+KKPGknUrjSzw6YiUHeDU=,/SfzreH6at1+z6l8j36ZAG/urmc=
98,7,L9WuRZ+KKPGknUrjSzw6YiUHeDU=,/SfzreH6at1+z6l8j36ZAG/urmc=
104,7,L9WuRZ+KKPGknUrjSzw6YiUHeDU=,/SfzreH6at1+z6l8j36ZAG/urmc=
110,6,L9WuRZ+KKPGknUrjSzw6YiUHeDU=,/SfzreH6at1+z6l8j36ZAG/urmc=
97,7,L9WuRZ+KKPGknUrjSzw6YiUHeDU=,/SfzreH6at1+z6l8j36ZAG/urmc=
110,2,L9WuRZ+KKPGknUrjSzw6YiUHeDU=,/SfzreH6at1+z6l8j36ZAG/urmc=
109,6,L9WuRZ+KKPGknUrjSzw6YiUHeDU=,/SfzreH6at1+z6l8j36ZAG/urmc=
111,2,L9WuRZ+KKPGknUrjSzw6YiUHeDU=,/SfzreH6at1+z6l8j36ZAG/urmc=
108,6,L9WuRZ+KKPGknUrjSzw6YiUHeDU=,/SfzreH6at1+z6l8j36ZAG/urmc=
107,6,L9WuRZ+KKPGknUrjSzw6YiUHeDU=,/SfzreH6at1+z6l8j36ZAG/urmc=
106,6,L9WuRZ+KKPGknUrjSzw6YiUHeDU=,/SfzreH6at1+z6l8j36ZAG/urmc=
105,6,L9WuRZ+KKPGknUrjSzw6YiUHeDU=,/SfzreH6at1+z6l8j36ZAG/urmc=
111,6,L9WuRZ+KKPGknUrjSzw6YiUHeDU=,/SfzreH6at1+z6l8j36ZAG/urmc=
100,1,L9WuRZ+KKPGknUrjSzw6YiUHeDU=,/SfzreH6at1+z6l8j36ZAG/urmc=
104,6,L9WuRZ+KKPGknUrjSzw6YiUHeDU=,/SfzreH6at1+z6l8j36ZAG/urmc=
98,0,L9WuRZ+KKPGknUrjSzw6YiUHeDU=,/SfzreH6at1+z6l8j36ZAG/urmc=
109,7,L9WuRZ+KKPGknUrjSzw6YiUHeDU=,/SfzreH6at1+z6l8j36ZAG/urmc=
96,0,L9WuRZ+KKPGknUrjSzw6YiUHeDU=,/SfzreH6at1+z6l8j36ZAG/urmc=
110,0,L9WuRZ+KKPGknUrjSzw6YiUHeDU=,/SfzreH6at1+z6l8j36ZAG/urmc=
111,0,L9WuRZ+KKPGknUrjSzw6YiUHeDU=,/SfzreH6at1+z6l8j36ZAG/urmc=
99,1,L9WuRZ+KKPGknUrjSzw6YiUHeDU=,/SfzreH6at1+z6l8j36ZAG/urmc=
110,5,L9WuRZ+KKPGknUrjSzw6YiUHeDU=,/SfzreH6at1+z6l8j36ZAG/urmc=
106,2,L9WuRZ+KKPGknUrjSzw6YiUHeDU=,/SfzreH6at1+z6l8j36ZAG/urmc=
102,0,L9WuRZ+KKPGknUrjSzw6YiUHeDU=,/SfzreH6at1+z6l8j36ZAG/urmc=
109,5,L9WuRZ+KKPGknUrjSzw6YiUHeDU=,/SfzreH6at1+z6l8j36ZAG/urmc=
96,7,L9WuRZ+KKPGknUrjSzw6YiUHeDU=,/SfzreH6at1+z6l8j36ZAG/urmc=
105,2,L9WuRZ+KKPGknUrjSzw6YiUHeDU=,/SfzreH6at1+z6l8j36ZAG/urmc=
108,0,L9WuRZ+KKPGknUrjSzw6YiUHeDU=,/SfzreH6at1+z6l8j36ZAG/urmc=
106,0,L9WuRZ+KKPGknUrjSzw6YiUHeDU=,/SfzreH6at1+z6l8j36ZAG/urmc=
96,5,L9WuRZ+KKPGknUrjSzw6YiUHeDU=,/SfzreH6at1+z6l8j36ZAG/urmc=
107,5,L9WuRZ+KKPGknUrjSzw6YiUHeDU=,/SfzreH6at1+z6l8j36ZAG/urmc=
108,5,L9WuRZ+KKPGknUrjSzw6YiUHeDU=,/SfzreH6at1+z6l8j36ZAG/urmc=
97,5,L9WuRZ+KKPGknUrjSzw6YiUHeDU=,/SfzreH6at1+z6l8j36ZAG/urmc=
109,0,L9WuRZ+KKPGknUrjSzw6YiUHeDU=,/SfzreH6at1+z6l8j36ZAG/urmc=
104,0,L9WuRZ+KKPGknUrjSzw6YiUHeDU=,/SfzreH6at1+z6l8j36ZAG/urmc=
105,0,L9WuRZ+KKPGknUrjSzw6YiUHeDU=,/SfzreH6at1+z6l8j36ZAG/urmc=
104,3,L9WuRZ+KKPGknUrjSzw6YiUHeDU=,/SfzreH6at1+z6l8j36ZAG/urmc=
106,5,L9WuRZ+KKPGknUrjSzw6YiUHeDU=,/SfzreH6at1+z6l8j36ZAG/urmc=
105,5,L9WuRZ+KKPGknUrjSzw6YiUHeDU=,/SfzreH6at1+z6l8j36ZAG/urmc=
104,5,L9WuRZ+KKPGknUrjSzw6YiUHeDU=,/SfzreH6at1+z6l8j36ZAG/urmc=
110,7,L9WuRZ+KKPGknUrjSzw6YiUHeDU=,/SfzreH6at1+z6l8j36ZAG/urmc=
103,0,L9WuRZ+KKPGknUrjSzw6YiUHeDU=,/SfzreH6at1+z6l8j36ZAG/urmc=
111,5,L9WuRZ+KKPGknUrjSzw6YiUHeDU=,/SfzreH6at1+z6l8j36ZAG/urmc=
97,0,L9WuRZ+KKPGknUrjSzw6YiUHeDU=,/SfzreH6at1+z6l8j36ZAG/urmc=
98,5,L9WuRZ+KKPGknUrjSzw6YiUHeDU=,/SfzreH6at1+z6l8j36ZAG/urmc=
98,1,L9WuRZ+KKPGknUrjSzw6YiUHeDU=,/SfzreH6at1+z6l8j36ZAG/urmc=
111,4,L9WuRZ+KKPGknUrjSzw6YiUHeDU=,/SfzreH6at1+z6l8j36ZAG/urmc=
107,0,L9WuRZ+KKPGknUrjSzw6YiUHeDU=,/SfzreH6at1+z6l8j36ZAG/urmc=
108,4,L9WuRZ+KKPGknUrjSzw6YiUHeDU=,/SfzreH6at1+z6l8j36ZAG/urmc=
105,3,L9WuRZ+KKPGknUrjSzw6YiUHeDU=,/SfzreH6at1+z6l8j36ZAG/urmc=
103,2,L9WuRZ+KKPGknUrjSzw6YiUHeDU=,/SfzreH6at1+z6l8j36ZAG/urmc=
99,5,L9WuRZ+KKPGknUrjSzw6YiUHeDU=,/SfzreH6at1+z6l8j36ZAG/urmc=
101,7,L9WuRZ+KKPGknUrjSzw6YiUHeDU=,/SfzreH6at1+z6l8j36ZAG/urmc=
109,4,L9WuRZ+KKPGknUrjSzw6YiUHeDU=,/SfzreH6at1+z6l8j36ZAG/urmc=
99,2,L9WuRZ+KKPGknUrjSzw6YiUHeDU=,/SfzreH6at1+z6l8j36ZAG/urmc=
100,3,L9WuRZ+KKPGknUrjSzw6YiUHeDU=,/SfzreH6at1+z6l8j36ZAG/urmc=
110,4,L9WuRZ+KKPGknUrjSzw6YiUHeDU=,/SfzreH6at1+z6l8j36ZAG/urmc=
107,4,L9WuRZ+KKPGknUrjSzw6YiUHeDU=,/SfzreH6at1+z6l8j36ZAG/urmc=
99,3,L9WuRZ+KKPGknUrjSzw6YiUHeDU=,/SfzreH6at1+z6l8j36ZAG/urmc=
106,3,L9WuRZ+KKPGknUrjSzw6YiUHeDU=,/SfzreH6at1+z6l8j36ZAG/urmc=
103,6,L9WuRZ+KKPGknUrjSzw6YiUHeDU=,/SfzreH6at1+z6l8j36ZAG/urmc=
110,3,L9WuRZ+KKPGknUrjSzw6YiUHeDU=,/SfzreH6at1+z6l8j36ZAG/urmc=
107,3,L9WuRZ+KKPGknUrjSzw6YiUHeDU=,/SfzreH6at1+z6l8j36ZAG/urmc=
111,3,L9WuRZ+KKPGknUrjSzw6YiUHeDU=,/SfzreH6at1+z6l8j36ZAG/urmc=
97,3,L9WuRZ+KKPGknUrjSzw6YiUHeDU=,/SfzreH6at1+z6l8j36ZAG/urmc=
109,3,L9WuRZ+KKPGknUrjSzw6YiUHeDU=,/SfzreH6at1+z6l8j36ZAG/urmc=
100,5,L9WuRZ+KKPGknUrjSzw6YiUHeDU=,/SfzreH6at1+z6l8j36ZAG/urmc=
104,4,L9WuRZ+KKPGknUrjSzw6YiUHeDU=,/SfzreH6at1+z6l8j36ZAG/urmc=
98,3,L9WuRZ+KKPGknUrjSzw6YiUHeDU=,/SfzreH6at1+z6l8j36ZAG/urmc=
105,4,L9WuRZ+KKPGknUrjSzw6YiUHeDU=,/SfzreH6at1+z6l8j36ZAG/urmc=
106,4,L9WuRZ+KKPGknUrjSzw6YiUHeDU=,/SfzreH6at1+z6l8j36ZAG/urmc=
103,5,L9WuRZ+KKPGknUrjSzw6YiUHeDU=,/SfzreH6at1+z6l8j36ZAG/urmc=
101,5,L9WuRZ+KKPGknUrjSzw6YiUHeDU=,/SfzreH6at1+z6l8j36ZAG/urmc=
96,3,L9WuRZ+KKPGknUrjSzw6YiUHeDU=,/SfzreH6at1+z6l8j36ZAG/urmc=
108,3,L9WuRZ+KKPGknUrjSzw6YiUHeDU=,/SfzreH6at1+z6l8j36ZAG/urmc=
100,6,L9WuRZ+KKPGknUrjSzw6YiUHeDU=,/SfzreH6at1+z6l8j36ZAG/urmc=
98,2,L9WuRZ+KKPGknUrjSzw6YiUHeDU=,/SfzreH6at1+z6l8j36ZAG/urmc=
99,6,L9WuRZ+KKPGknUrjSzw6YiUHeDU=,/SfzreH6at1+z6l8j36ZAG/urmc=
100,0,L9WuRZ+KKPGknUrjSzw6YiUHeDU=,/SfzreH6at1+z6l8j36ZAG/urmc=
102,6,L9WuRZ+KKPGknUrjSzw6YiUHeDU=,/SfzreH6at1+z6l8j36ZAG/urmc=
101,6,L9WuRZ+KKPGknUrjSzw6YiUHeDU=,/SfzreH6at1+z6l8j36ZAG/urmc=
96,1,L9WuRZ+KKPGknUrjSzw6YiUHeDU=,/SfzreH6at1+z6l8j36ZAG/urmc=
97,2,L9WuRZ+KKPGknUrjSzw6YiUHeDU=,/SfzreH6at1+z6l8j36ZAG/urmc=
98,6,L9WuRZ+KKPGknUrjSzw6YiUHeDU=,/SfzreH6at1+z6l8j36ZAG/urmc=
97,1,L9WuRZ+KKPGknUrjSzw6YiUHeDU=,/SfzreH6at1+z6l8j36ZAG/urmc=
97,6,L9WuRZ+KKPGknUrjSzw6YiUHeDU=,/SfzreH6at1+z6l8j36ZAG/urmc=
96,6,L9WuRZ+KKPGknUrjSzw6YiUHeDU=,/SfzreH6at1+z6l8j36ZAG/urmc=
102,5,L9WuRZ+KKPGknUrjSzw6YiUHeDU=,/SfzreH6at1+z6l8j36ZAG/urmc=
96,2,L9WuRZ+KKPGknUrjSzw6YiUHeDU=,/SfzreH6at1+z6l8j36ZAG/urmc=
123,7,ofARfrd2/Jdry+4uDlqYjpJJEb0=,/SfzreH6at1+z6l8j36ZAG/urmc=
124,7,ofARfrd2/Jdry+4uDlqYjpJJEb0=,/SfzreH6at1+z6l8j36ZAG/urmc=
127,7,ofARfrd2/Jdry+4uDlqYjpJJEb0=,/SfzreH6at1+z6l8j36ZAG/urmc=
126,1,ofARfrd2/Jdry+4uDlqYjpJJEb0=,/SfzreH6at1+z6l8j36ZAG/urmc=
122,5,ofARfrd2/Jdry+4uDlqYjpJJEb0=,/SfzreH6at1+z6l8j36ZAG/urmc=
125,1,ofARfrd2/Jdry+4uDlqYjpJJEb0=,/SfzreH6at1+z6l8j36ZAG/urmc=
126,2,ofARfrd2/Jdry+4uDlqYjpJJEb0=,/SfzreH6at1+z6l8j36ZAG/urmc=
123,5,ofARfrd2/Jdry+4uDlqYjpJJEb0=,/SfzreH6at1+z6l8j36ZAG/urmc=
123,6,ofARfrd2/Jdry+4uDlqYjpJJEb0=,/SfzreH6at1+z6l8j36ZAG/urmc=
125,7,ofARfrd2/Jdry+4uDlqYjpJJEb0=,/SfzreH6at1+z6l8j36ZAG/urmc=
122,4,ofARfrd2/Jdry+4uDlqYjpJJEb0=,/SfzreH6at1+z6l8j36ZAG/urmc=
121,5,ofARfrd2/Jdry+4uDlqYjpJJEb0=,/SfzreH6at1+z6l8j36ZAG/urmc=
127,6,ofARfrd2/Jdry+4uDlqYjpJJEb0=,/SfzreH6at1+z6l8j36ZAG/urmc=
120,1,ofARfrd2/Jdry+4uDlqYjpJJEb0=,/SfzreH6at1+z6l8j36ZAG/urmc=
124,1,ofARfrd2/Jdry+4uDlqYjpJJEb0=,/SfzreH6at1+z6l8j36ZAG/urmc=
126,7,ofARfrd2/Jdry+4uDlqYjpJJEb0=,/SfzreH6at1+z6l8j36ZAG/urmc=
122,6,ofARfrd2/Jdry+4uDlqYjpJJEb0=,/SfzreH6at1+z6l8j36ZAG/urmc=
127,3,ofARfrd2/Jdry+4uDlqYjpJJEb0=,/SfzreH6at1+z6l8j36ZAG/urmc=
125,2,ofARfrd2/Jdry+4uDlqYjpJJEb0=,/SfzreH6at1+z6l8j36ZAG/urmc=
127,2,ofARfrd2/Jdry+4uDlqYjpJJEb0=,/SfzreH6at1+z6l8j36ZAG/urmc=
127,1,ofARfrd2/Jdry+4uDlqYjpJJEb0=,/SfzreH6at1+z6l8j36ZAG/urmc=
120,5,ofARfrd2/Jdry+4uDlqYjpJJEb0=,/SfzreH6at1+z6l8j36ZAG/urmc=
120,2,ofARfrd2/Jdry+4uDlqYjpJJEb0=,/SfzreH6at1+z6l8j36ZAG/urmc=
127,4,ofARfrd2/Jdry+4uDlqYjpJJEb0=,/SfzreH6at1+z6l8j36ZAG/urmc=
120,6,ofARfrd2/Jdry+4uDlqYjpJJEb0=,/SfzreH6at1+z6l8j36ZAG/urmc=
121,6,ofARfrd2/Jdry+4uDlqYjpJJEb0=,/SfzreH6at1+z6l8j36ZAG/urmc=
121,2,ofARfrd2/Jdry+4uDlqYjpJJEb0=,/SfzreH6at1+z6l8j36ZAG/urmc=
126,5,ofARfrd2/Jdry+4uDlqYjpJJEb0=,/SfzreH6at1+z6l8j36ZAG/urmc=
127,5,ofARfrd2/Jdry+4uDlqYjpJJEb0=,/SfzreH6at1+z6l8j36ZAG/urmc=
126,4,ofARfrd2/Jdry+4uDlqYjpJJEb0=,/SfzreH6at1+z6l8j36ZAG/urmc=
120,3,ofARfrd2/Jdry+4uDlqYjpJJEb0=,/SfzreH6at1+z6l8j36ZAG/urmc=
124,2,ofARfrd2/Jdry+4uDlqYjpJJEb0=,/SfzreH6at1+z6l8j36ZAG/urmc=
121,4,ofARfrd2/Jdry+4uDlqYjpJJEb0=,/SfzreH6at1+z6l8j36ZAG/urmc=
120,4,ofARfrd2/Jdry+4uDlqYjpJJEb0=,/SfzreH6at1+z6l8j36ZAG/urmc=
123,1,ofARfrd2/Jdry+4uDlqYjpJJEb0=,/SfzreH6at1+z6l8j36ZAG/urmc=
121,3,ofARfrd2/Jdry+4uDlqYjpJJEb0=,/SfzreH6at1+z6l8j36ZAG/urmc=
125,5,ofARfrd2/Jdry+4uDlqYjpJJEb0=,/SfzreH6at1+z6l8j36ZAG/urmc=
123,2,ofARfrd2/Jdry+4uDlqYjpJJEb0=,/SfzreH6at1+z6l8j36ZAG/urmc=
122,7,ofARfrd2/Jdry+4uDlqYjpJJEb0=,/SfzreH6at1+z6l8j36ZAG/urmc=
122,3,ofARfrd2/Jdry+4uDlqYjpJJEb0=,/SfzreH6at1+z6l8j36ZAG/urmc=
122,2,ofARfrd2/Jdry+4uDlqYjpJJEb0=,/SfzreH6at1+z6l8j36ZAG/urmc=
124,4,ofARfrd2/Jdry+4uDlqYjpJJEb0=,/SfzreH6at1+z6l8j36ZAG/urmc=
124,5,ofARfrd2/Jdry+4uDlqYjpJJEb0=,/SfzreH6at1+z6l8j36ZAG/urmc=
123,3,ofARfrd2/Jdry+4uDlqYjpJJEb0=,/SfzreH6at1+z6l8j36ZAG/urmc=
122,1,ofARfrd2/Jdry+4uDlqYjpJJEb0=,/SfzreH6at1+z6l8j36ZAG/urmc=
121,7,ofARfrd2/Jdry+4uDlqYjpJJEb0=,/SfzreH6at1+z6l8j36ZAG/urmc=
124,3,ofARfrd2/Jdry+4uDlqYjpJJEb0=,/SfzreH6at1+z6l8j36ZAG/urmc=
125,4,ofARfrd2/Jdry+4uDlqYjpJJEb0=,/SfzreH6at1+z6l8j36ZAG/urmc=
121,1,ofARfrd2/Jdry+4uDlqYjpJJEb0=,/SfzreH6at1+z6l8j36ZAG/urmc=
126,3,ofARfrd2/Jdry+4uDlqYjpJJEb0=,/SfzreH6at1+z6l8j36ZAG/urmc=
126,6,ofARfrd2/Jdry+4uDlqYjpJJEb0=,/SfzreH6at1+z6l8j36ZAG/urmc=
124,6,ofARfrd2/Jdry+4uDlqYjpJJEb0=,/SfzreH6at1+z6l8j36ZAG/urmc=
123,4,ofARfrd2/Jdry+4uDlqYjpJJEb0=,/SfzreH6at1+z6l8j36ZAG/urmc=
120,7,ofARfrd2/Jdry+4uDlqYjpJJEb0=,/SfzreH6at1+z6l8j36ZAG/urmc=
125,6,ofARfrd2/Jdry+4uDlqYjpJJEb0=,/SfzreH6at1+z6l8j36ZAG/urmc=
125,3,ofARfrd2/Jdry+4uDlqYjpJJEb0=,/SfzreH6at1+z6l8j36ZAG/urmc=
123,0,ofARfrd2/Jdry+4uDlqYjpJJEb0=,/SfzreH6at1+z6l8j36ZAG/urmc=
122,0,ofARfrd2/Jdry+4uDlqYjpJJEb0=,/SfzreH6at1+z6l8j36ZAG/urmc=
127,0,ofARfrd2/Jdry+4uDlqYjpJJEb0=,/SfzreH6at1+z6l8j36ZAG/urmc=
126,0,ofARfrd2/Jdry+4uDlqYjpJJEb0=,/SfzreH6at1+z6l8j36ZAG/urmc=
120,0,ofARfrd2/Jdry+4uDlqYjpJJEb0=,/SfzreH6at1+z6l8j36ZAG/urmc=
124,0,ofARfrd2/Jdry+4uDlqYjpJJEb0=,/SfzreH6at1+z6l8j36ZAG/urmc=
125,0,ofARfrd2/Jdry+4uDlqYjpJJEb0=,/SfzreH6at1+z6l8j36ZAG/urmc=
121,0,ofARfrd2/Jdry+4uDlqYjpJJEb0=,/SfzreH6at1+z6l8j36ZAG/urmc=
