-14,-1,2b8P3wY4PkEEj0o+PbBEG8GLvmk=,aA8eUxUWN2wXpkvyc/UVU4/Vjw0=
-1,-1,2b8P3wY4PkEEj0o+PbBEG8GLvmk=,6BTg7J1PYGYPEJLbV6SnyL2HZ8s=
-1,-2,2b8P3wY4PkEEj0o+PbBEG8GLvmk=,08z4uVKu0tyarU6fCHTpO5NWk+s=
-1,-3,2b8P3wY4PkEEj0o+PbBEG8GLvmk=,zM2jMgWHyvroNu1Ot4P10CT0Gek=
-1,-4,2b8P3wY4PkEEj0o+PbBEG8GLvmk=,zM2jMgWHyvroNu1Ot4P10CT0Gek=
-1,-6,2b8P3wY4PkEEj0o+PbBEG8GLvmk=,MU09lB31NDCIIaRjCHTjRhSd8Jw=
-1,-7,2b8P3wY4PkEEj0o+PbBEG8GLvmk=,zM2jMgWHyvroNu1Ot4P10CT0Gek=
-1,-11,2b8P3wY4PkEEj0o+PbBEG8GLvmk=,MU09lB31NDCIIaRjCHTjRhSd8Jw=
-1,-5,2b8P3wY4PkEEj0o+PbBEG8GLvmk=,D10aaT9ca9WlHnN3DUHa+Evqi/o=
-1,-9,2b8P3wY4PkEEj0o+PbBEG8GLvmk=,gqqACFg2c/lT8EzeGizJCqq9YdA=
-2,-1,2b8P3wY4PkEEj0o+PbBEG8GLvmk=,2R+GTYJJV08Uu8cwntHvz2ClVBw=
-2,-8,2b8P3wY4PkEEj0o+PbBEG8GLvmk=,D10aaT9ca9WlHnN3DUHa+Evqi/o=
-2,-10,2b8P3wY4PkEEj0o+PbBEG8GLvmk=,2R+GTYJJV08Uu8cwntHvz2ClVBw=
-2,-9,2b8P3wY4PkEEj0o+PbBEG8GLvmk=,D10aaT9ca9WlHnN3DUHa+Evqi/o=
-2,-11,2b8P3wY4PkEEj0o+PbBEG8GLvmk=,2D72LZsKb6GyJICmr9Zp1htKRhs=
-2,-12,2b8P3wY4PkEEj0o+PbBEG8GLvmk=,D10aaT9ca9WlHnN3DUHa+Evqi/o=
-3,-1,2b8P3wY4PkEEj0o+PbBEG8GLvmk=,2D72LZsKb6GyJICmr9Zp1htKRhs=
-3,-11,2b8P3wY4PkEEj0o+PbBEG8GLvmk=,2D72LZsKb6GyJICmr9Zp1htKRhs=
-3,-12,2b8P3wY4PkEEj0o+PbBEG8GLvmk=,D10aaT9ca9WlHnN3DUHa+Evqi/o=
-3,-10,2b8P3wY4PkEEj0o+PbBEG8GLvmk=,2D72LZsKb6GyJICmr9Zp1htKRhs=
-4,-1,2b8P3wY4PkEEj0o+PbBEG8GLvmk=,aA8eUxUWN2wXpkvyc/UVU4/Vjw0=
-5,-1,2b8P3wY4PkEEj0o+PbBEG8GLvmk=,aA8eUxUWN2wXpkvyc/UVU4/Vjw0=
-6,-1,2b8P3wY4PkEEj0o+PbBEG8GLvmk=,aA8eUxUWN2wXpkvyc/UVU4/Vjw0=
-7,-1,2b8P3wY4PkEEj0o+PbBEG8GLvmk=,/fzzgw6sauKLUdYw3MRJ1ndFMPA=
-8,-1,2b8P3wY4PkEEj0o+PbBEG8GLvmk=,aA8eUxUWN2wXpkvyc/UVU4/Vjw0=
-9,-1,2b8P3wY4PkEEj0o+PbBEG8GLvmk=,aA8eUxUWN2wXpkvyc/UVU4/Vjw0=
-10,-1,2b8P3wY4PkEEj0o+PbBEG8GLvmk=,aA8eUxUWN2wXpkvyc/UVU4/Vjw0=
-11,-1,2b8P3wY4PkEEj0o+PbBEG8GLvmk=,aA8eUxUWN2wXpkvyc/UVU4/Vjw0=
-12,-1,2b8P3wY4PkEEj0o+PbBEG8GLvmk=,aA8eUxUWN2wXpkvyc/UVU4/Vjw0=
-13,-1,2b8P3wY4PkEEj0o+PbBEG8GLvmk=,aA8eUxUWN2wXpkvyc/UVU4/Vjw0=
-2,-2,2b8P3wY4PkEEj0o+PbBEG8GLvmk=,gqqACFg2c/lT8EzeGizJCqq9YdA=
