-9,0,2b8P3wY4PkEEj0o+PbBEG8GLvmk=,bDBWwTteVSB8OPHQ5vnucaFsymY=
-8,0,2b8P3wY4PkEEj0o+PbBEG8GLvmk=,bDBWwTteVSB8OPHQ5vnucaFsymY=
-7,0,2b8P3wY4PkEEj0o+PbBEG8GLvmk=,jBqJt3HefCDnML/ipYGKmpgxKWM=
-6,0,2b8P3wY4PkEEj0o+PbBEG8GLvmk=,1YPTwt/1ivj75fyz2MKkSBz3YFM=
-5,0,2b8P3wY4PkEEj0o+PbBEG8GLvmk=,2R+GTYJJV08Uu8cwntHvz2ClVBw=
-4,18,2b8P3wY4PkEEj0o+PbBEG8GLvmk=,D10aaT9ca9WlHnN3DUHa+Evqi/o=
-4,19,2b8P3wY4PkEEj0o+PbBEG8GLvmk=,D10aaT9ca9WlHnN3DUHa+Evqi/o=
-4,13,2b8P3wY4PkEEj0o+PbBEG8GLvmk=,gqqACFg2c/lT8EzeGizJCqq9YdA=
-4,0,2b8P3wY4PkEEj0o+PbBEG8GLvmk=,2R+GTYJJV08Uu8cwntHvz2ClVBw=
-4,1,2b8P3wY4PkEEj0o+PbBEG8GLvmk=,gqqACFg2c/lT8EzeGizJCqq9YdA=
-3,10,2b8P3wY4PkEEj0o+PbBEG8GLvmk=,D10aaT9ca9WlHnN3DUHa+Evqi/o=
-3,1,2b8P3wY4PkEEj0o+PbBEG8GLvmk=,D10aaT9ca9WlHnN3DUHa+Evqi/o=
-3,0,2b8P3wY4PkEEj0o+PbBEG8GLvmk=,GYJGpFs8ZgspgEwU/e0hTap+2f4=
-2,28,2b8P3wY4PkEEj0o+PbBEG8GLvmk=,D10aaT9ca9WlHnN3DUHa+Evqi/o=
-3,14,2b8P3wY4PkEEj0o+PbBEG8GLvmk=,D10aaT9ca9WlHnN3DUHa+Evqi/o=
-2,26,2b8P3wY4PkEEj0o+PbBEG8GLvmk=,D10aaT9ca9WlHnN3DUHa+Evqi/o=
-3,9,2b8P3wY4PkEEj0o+PbBEG8GLvmk=,D10aaT9ca9WlHnN3DUHa+Evqi/o=
-3,8,2b8P3wY4PkEEj0o+PbBEG8GLvmk=,gqqACFg2c/lT8EzeGizJCqq9YdA=
-2,24,2b8P3wY4PkEEj0o+PbBEG8GLvmk=,D10aaT9ca9WlHnN3DUHa+Evqi/o=
-2,25,2b8P3wY4PkEEj0o+PbBEG8GLvmk=,aA8eUxUWN2wXpkvyc/UVU4/Vjw0=
-2,22,2b8P3wY4PkEEj0o+PbBEG8GLvmk=,/fzzgw6sauKLUdYw3MRJ1ndFMPA=
-3,4,2b8P3wY4PkEEj0o+PbBEG8GLvmk=,GYJGpFs8ZgspgEwU/e0hTap+2f4=
-2,23,2b8P3wY4PkEEj0o+PbBEG8GLvmk=,/fzzgw6sauKLUdYw3MRJ1ndFMPA=
-3,7,2b8P3wY4PkEEj0o+PbBEG8GLvmk=,aA8eUxUWN2wXpkvyc/UVU4/Vjw0=
-2,20,2b8P3wY4PkEEj0o+PbBEG8GLvmk=,/fzzgw6sauKLUdYw3MRJ1ndFMPA=
-3,6,2b8P3wY4PkEEj0o+PbBEG8GLvmk=,a9G+2/HqlKHzOs32eUpe/bMJb9w=
-2,14,2b8P3wY4PkEEj0o+PbBEG8GLvmk=,/fzzgw6sauKLUdYw3MRJ1ndFMPA=
-3,28,2b8P3wY4PkEEj0o+PbBEG8GLvmk=,/fzzgw6sauKLUdYw3MRJ1ndFMPA=
-3,25,2b8P3wY4PkEEj0o+PbBEG8GLvmk=,aA8eUxUWN2wXpkvyc/UVU4/Vjw0=
-2,8,2b8P3wY4PkEEj0o+PbBEG8GLvmk=,/fzzgw6sauKLUdYw3MRJ1ndFMPA=
-2,7,2b8P3wY4PkEEj0o+PbBEG8GLvmk=,aA8eUxUWN2wXpkvyc/UVU4/Vjw0=
-2,2,2b8P3wY4PkEEj0o+PbBEG8GLvmk=,ZmG1rnA8UJ3gweGoQsaH2U3XcNo=
-2,0,2b8P3wY4PkEEj0o+PbBEG8GLvmk=,bDBWwTteVSB8OPHQ5vnucaFsymY=
-3,19,2b8P3wY4PkEEj0o+PbBEG8GLvmk=,/fzzgw6sauKLUdYw3MRJ1ndFMPA=
-3,18,2b8P3wY4PkEEj0o+PbBEG8GLvmk=,/fzzgw6sauKLUdYw3MRJ1ndFMPA=
-2,1,2b8P3wY4PkEEj0o+PbBEG8GLvmk=,aA8eUxUWN2wXpkvyc/UVU4/Vjw0=
-1,2,2b8P3wY4PkEEj0o+PbBEG8GLvmk=,bDBWwTteVSB8OPHQ5vnucaFsymY=
-1,1,2b8P3wY4PkEEj0o+PbBEG8GLvmk=,bDBWwTteVSB8OPHQ5vnucaFsymY=
-1,0,2b8P3wY4PkEEj0o+PbBEG8GLvmk=,bDBWwTteVSB8OPHQ5vnucaFsymY=
-1,4,2b8P3wY4PkEEj0o+PbBEG8GLvmk=,ZmG1rnA8UJ3gweGoQsaH2U3XcNo=
-1,3,2b8P3wY4PkEEj0o+PbBEG8GLvmk=,bDBWwTteVSB8OPHQ5vnucaFsymY=
-15,0,2b8P3wY4PkEEj0o+PbBEG8GLvmk=,/fzzgw6sauKLUdYw3MRJ1ndFMPA=
-14,0,2b8P3wY4PkEEj0o+PbBEG8GLvmk=,aA8eUxUWN2wXpkvyc/UVU4/Vjw0=
-13,0,2b8P3wY4PkEEj0o+PbBEG8GLvmk=,aA8eUxUWN2wXpkvyc/UVU4/Vjw0=
-12,0,2b8P3wY4PkEEj0o+PbBEG8GLvmk=,bDBWwTteVSB8OPHQ5vnucaFsymY=
-11,0,2b8P3wY4PkEEj0o+PbBEG8GLvmk=,bDBWwTteVSB8OPHQ5vnucaFsymY=
-10,0,2b8P3wY4PkEEj0o+PbBEG8GLvmk=,ZmG1rnA8UJ3gweGoQsaH2U3XcNo=
-10,1,2b8P3wY4PkEEj0o+PbBEG8GLvmk=,/fzzgw6sauKLUdYw3MRJ1ndFMPA=
-6,6,2b8P3wY4PkEEj0o+PbBEG8GLvmk=,1YPTwt/1ivj75fyz2MKkSBz3YFM=
-6,5,2b8P3wY4PkEEj0o+PbBEG8GLvmk=,zM2jMgWHyvroNu1Ot4P10CT0Gek=
-5,6,2b8P3wY4PkEEj0o+PbBEG8GLvmk=,2D72LZsKb6GyJICmr9Zp1htKRhs=
-5,5,2b8P3wY4PkEEj0o+PbBEG8GLvmk=,2R+GTYJJV08Uu8cwntHvz2ClVBw=
-5,4,2b8P3wY4PkEEj0o+PbBEG8GLvmk=,D10aaT9ca9WlHnN3DUHa+Evqi/o=
-4,4,2b8P3wY4PkEEj0o+PbBEG8GLvmk=,2R+GTYJJV08Uu8cwntHvz2ClVBw=
-4,5,2b8P3wY4PkEEj0o+PbBEG8GLvmk=,gqqACFg2c/lT8EzeGizJCqq9YdA=
-4,6,2b8P3wY4PkEEj0o+PbBEG8GLvmk=,gqqACFg2c/lT8EzeGizJCqq9YdA=
-4,3,2b8P3wY4PkEEj0o+PbBEG8GLvmk=,gqqACFg2c/lT8EzeGizJCqq9YdA=
-3,3,2b8P3wY4PkEEj0o+PbBEG8GLvmk=,a9G+2/HqlKHzOs32eUpe/bMJb9w=
-2,6,2b8P3wY4PkEEj0o+PbBEG8GLvmk=,bDBWwTteVSB8OPHQ5vnucaFsymY=
-2,5,2b8P3wY4PkEEj0o+PbBEG8GLvmk=,bDBWwTteVSB8OPHQ5vnucaFsymY=
-2,3,2b8P3wY4PkEEj0o+PbBEG8GLvmk=,bDBWwTteVSB8OPHQ5vnucaFsymY=
-2,4,2b8P3wY4PkEEj0o+PbBEG8GLvmk=,aA8eUxUWN2wXpkvyc/UVU4/Vjw0=
