0,0,qAl9KCAq/LRcdRdpKIWYTIhpTQk=,WOlWosVJmzrnpnZ+pfYOY1WfKbA=
0,1,qAl9KCAq/LRcdRdpKIWYTIhpTQk=,qoYyjsh7/O4WkRp1pM12Qtz29e8=
0,2,qAl9KCAq/LRcdRdpKIWYTIhpTQk=,E2+Y2ZGc5qRpvR+M7nqI/L/wZDM=
0,3,qAl9KCAq/LRcdRdpKIWYTIhpTQk=,E2+Y2ZGc5qRpvR+M7nqI/L/wZDM=
0,4,qAl9KCAq/LRcdRdpKIWYTIhpTQk=,+S5Jt6YZ/ZgXUmuMOygyxLXQkuo=
0,5,qAl9KCAq/LRcdRdpKIWYTIhpTQk=,KwrZv4vEgiZrpHVIt34Vq9A2bJE=
0,7,qAl9KCAq/LRcdRdpKIWYTIhpTQk=,APw4eVifGqs5RZz9CJadLbz9yWk=
0,8,qAl9KCAq/LRcdRdpKIWYTIhpTQk=,FTCP4idWBvHnHC9jbezh0xevsiQ=
0,9,qAl9KCAq/LRcdRdpKIWYTIhpTQk=,FTCP4idWBvHnHC9jbezh0xevsiQ=
0,10,qAl9KCAq/LRcdRdpKIWYTIhpTQk=,FTCP4idWBvHnHC9jbezh0xevsiQ=
0,11,qAl9KCAq/LRcdRdpKIWYTIhpTQk=,FTCP4idWBvHnHC9jbezh0xevsiQ=
1,1,qAl9KCAq/LRcdRdpKIWYTIhpTQk=,ULZ1nN/NW3ShBW7R6F4Xf366WYE=
1,0,qAl9KCAq/LRcdRdpKIWYTIhpTQk=,Df81RV5mH17mkCItLrG/RbISpI4=
1,3,qAl9KCAq/LRcdRdpKIWYTIhpTQk=,Gm2n2jkApVU77m+yEDfTuf9xvaA=
1,2,qAl9KCAq/LRcdRdpKIWYTIhpTQk=,AJY5xvY6nUw8Fj7HsjMMZstkxHU=
1,4,qAl9KCAq/LRcdRdpKIWYTIhpTQk=,40JkFvYprTUAtDsDe20gHPyMBss=
2,2,qAl9KCAq/LRcdRdpKIWYTIhpTQk=,AJY5xvY6nUw8Fj7HsjMMZstkxHU=
2,3,qAl9KCAq/LRcdRdpKIWYTIhpTQk=,UbRQsKyz+Qh/FinUML9QcV2zNZs=
2,0,qAl9KCAq/LRcdRdpKIWYTIhpTQk=,g3fA9iYTR3F04kG7HywdjTURCgs=
2,1,qAl9KCAq/LRcdRdpKIWYTIhpTQk=,0PXb3YWuRwIq0xH4EYHD5lOLLus=
2,6,qAl9KCAq/LRcdRdpKIWYTIhpTQk=,c5aAG8aLQdNq/cpp6umx1kk7q0k=
2,4,qAl9KCAq/LRcdRdpKIWYTIhpTQk=,yfwmH96Te+Wp9U+KP6Tp8Yv+4TA=
2,5,qAl9KCAq/LRcdRdpKIWYTIhpTQk=,CM+NH4ryVuQBywmGLZEuFN2vLL0=
2,12,qAl9KCAq/LRcdRdpKIWYTIhpTQk=,EF4aw1bU5DuTNkd9YduN3Zob9jM=
2,13,qAl9KCAq/LRcdRdpKIWYTIhpTQk=,VLipUhAna0pzAzYMwfVu5/0gESY=
3,2,qAl9KCAq/LRcdRdpKIWYTIhpTQk=,EAXQ7WorHv19veL2CqUMG9pNqxg=
3,1,qAl9KCAq/LRcdRdpKIWYTIhpTQk=,5biQJQ+u/wiK0SfbESO3EbHjQmE=
3,0,/7HvpGv9iHarr0cinsgXGaI59/w=,aOzjYseylodexYcOBChfZuCFlqI=
3,7,/7HvpGv9iHarr0cinsgXGaI59/w=,PxLWKiMWOetYhUK3crK1cpptpbk=
3,6,/7HvpGv9iHarr0cinsgXGaI59/w=,xlp0zGA6PCvHxeOqri6mdBxY2JA=
3,5,/7HvpGv9iHarr0cinsgXGaI59/w=,yfwmH96Te+Wp9U+KP6Tp8Yv+4TA=
3,13,/7HvpGv9iHarr0cinsgXGaI59/w=,FTCP4idWBvHnHC9jbezh0xevsiQ=
3,12,/7HvpGv9iHarr0cinsgXGaI59/w=,NmftzV0g/t8z+gAeE3lA/g69l70=
4,4,/7HvpGv9iHarr0cinsgXGaI59/w=,yfwmH96Te+Wp9U+KP6Tp8Yv+4TA=
4,5,/7HvpGv9iHarr0cinsgXGaI59/w=,yfwmH96Te+Wp9U+KP6Tp8Yv+4TA=
4,6,/7HvpGv9iHarr0cinsgXGaI59/w=,xlp0zGA6PCvHxeOqri6mdBxY2JA=
4,7,/7HvpGv9iHarr0cinsgXGaI59/w=,+uEJ0ibq15bLTNDiP4I5PvJjwtg=
4,2,/7HvpGv9iHarr0cinsgXGaI59/w=,APw4eVifGqs5RZz9CJadLbz9yWk=
4,3,/7HvpGv9iHarr0cinsgXGaI59/w=,avlWZUE8Gz5F4zJalUG0sqgDSF8=
4,12,/7HvpGv9iHarr0cinsgXGaI59/w=,NmftzV0g/t8z+gAeE3lA/g69l70=
4,13,/7HvpGv9iHarr0cinsgXGaI59/w=,WwHkn2z7qLepSlPem/UggObcORM=
4,8,/7HvpGv9iHarr0cinsgXGaI59/w=,NmftzV0g/t8z+gAeE3lA/g69l70=
5,5,/7HvpGv9iHarr0cinsgXGaI59/w=,xsw0yunmBYRZABtUzjh+YHuC5dk=
5,4,/7HvpGv9iHarr0cinsgXGaI59/w=,bHdgTAjnfOvqmQcMl1QWp/gvc+g=
5,7,/7HvpGv9iHarr0cinsgXGaI59/w=,+uEJ0ibq15bLTNDiP4I5PvJjwtg=
5,3,/7HvpGv9iHarr0cinsgXGaI59/w=,hPS3UNCl2qUQjooPaPAkj+utzOc=
5,13,/7HvpGv9iHarr0cinsgXGaI59/w=,VbTbPmV/9LnxXyB675PvcsQRGPw=
5,12,/7HvpGv9iHarr0cinsgXGaI59/w=,zTiGAeYXMCFfBB5GUbSxj4ryadA=
5,9,/7HvpGv9iHarr0cinsgXGaI59/w=,y5jfGnCMBl15HLg2GtejzLWma5s=
5,8,/7HvpGv9iHarr0cinsgXGaI59/w=,CJr+DTWeVb9q0v4fq28ozvt6HpA=
5,11,/7HvpGv9iHarr0cinsgXGaI59/w=,eNcsn1ftzGlNeqzDKY3YwWo893M=
5,10,/7HvpGv9iHarr0cinsgXGaI59/w=,j1NTAT/uo2nnCc/OO3ZplUrnw58=
6,6,/7HvpGv9iHarr0cinsgXGaI59/w=,+uEJ0ibq15bLTNDiP4I5PvJjwtg=
6,7,/7HvpGv9iHarr0cinsgXGaI59/w=,zS3GiOnu6I2nM6G7b1iy9/R0wKw=
6,4,/7HvpGv9iHarr0cinsgXGaI59/w=,p5fFvfsKgV5Xf1fjAyhzyxm6k8o=
6,5,/7HvpGv9iHarr0cinsgXGaI59/w=,fs36tiWv6k0RTEnJlabGR6zwqpE=
6,12,/7HvpGv9iHarr0cinsgXGaI59/w=,NkNc0vmPxG0XmI3ILis3D2oUvyk=
6,13,/7HvpGv9iHarr0cinsgXGaI59/w=,x0jNqq+rUxTC4nMA5Nw9u4CMebM=
6,10,/7HvpGv9iHarr0cinsgXGaI59/w=,C8mtH9u0neHu7UW2pUCygBUwJjo=
6,11,/7HvpGv9iHarr0cinsgXGaI59/w=,VcOGWNDkOqba85RTPNopzVmKxA4=
6,8,/7HvpGv9iHarr0cinsgXGaI59/w=,2GYJ8x/+LvHIGQclkKMW0/7JtPE=
6,9,/7HvpGv9iHarr0cinsgXGaI59/w=,q0UElW33acox3TL2WwGXzUgZVUA=
7,7,/7HvpGv9iHarr0cinsgXGaI59/w=,UwoT0IrPRwT2lgm2gpmLoAAHgoY=
7,6,/7HvpGv9iHarr0cinsgXGaI59/w=,iwSlxq/OZtq8h3eqEv0kO1AN/3k=
7,5,/7HvpGv9iHarr0cinsgXGaI59/w=,y0qglQu/k8NacCNkNzQdDGE5M6s=
7,13,/7HvpGv9iHarr0cinsgXGaI59/w=,NmftzV0g/t8z+gAeE3lA/g69l70=
7,12,/7HvpGv9iHarr0cinsgXGaI59/w=,+fuSvON3wmdrIaprJQY8SlNd2UA=
7,11,/7HvpGv9iHarr0cinsgXGaI59/w=,WLBD2HXByWSXgkOxUCnSW4p1QqY=
7,10,/7HvpGv9iHarr0cinsgXGaI59/w=,NkNc0vmPxG0XmI3ILis3D2oUvyk=
7,9,/7HvpGv9iHarr0cinsgXGaI59/w=,wBkx+SH3wAhFSrIqjLtPSUWaKGg=
7,8,/7HvpGv9iHarr0cinsgXGaI59/w=,KObcdjydFFyBcpdFj/cWbue5HpQ=
8,11,/7HvpGv9iHarr0cinsgXGaI59/w=,OsXtXWN0Cx+J1JhlqBX3Pt6+iMw=
8,12,/7HvpGv9iHarr0cinsgXGaI59/w=,OsXtXWN0Cx+J1JhlqBX3Pt6+iMw=
9,11,/7HvpGv9iHarr0cinsgXGaI59/w=,OsXtXWN0Cx+J1JhlqBX3Pt6+iMw=
9,12,/7HvpGv9iHarr0cinsgXGaI59/w=,OsXtXWN0Cx+J1JhlqBX3Pt6+iMw=
10,11,/7HvpGv9iHarr0cinsgXGaI59/w=,OsXtXWN0Cx+J1JhlqBX3Pt6+iMw=
10,12,/7HvpGv9iHarr0cinsgXGaI59/w=,OsXtXWN0Cx+J1JhlqBX3Pt6+iMw=
11,11,/7HvpGv9iHarr0cinsgXGaI59/w=,OsXtXWN0Cx+J1JhlqBX3Pt6+iMw=
12,11,/7HvpGv9iHarr0cinsgXGaI59/w=,OsXtXWN0Cx+J1JhlqBX3Pt6+iMw=
12,0,/7HvpGv9iHarr0cinsgXGaI59/w=,Hf6l6TEwX/uJCVb4SFdCk0Zt17s=
13,0,/7HvpGv9iHarr0cinsgXGaI59/w=,kgdyw3KgayNH4vXEDpRWS3dzNUM=
15,0,nPW9WOhYRnT+Bf9Eb2SHaN5iHKk=,OsXtXWN0Cx+J1JhlqBX3Pt6+iMw=
16,0,nPW9WOhYRnT+Bf9Eb2SHaN5iHKk=,7sfiOcVzIiTuuUST90wNpyxUMu4=
6,2,/7HvpGv9iHarr0cinsgXGaI59/w=,heNDqelXYVj995V0ycgUXusJgag=
6,0,/7HvpGv9iHarr0cinsgXGaI59/w=,qnzK4emguL5XKr1Lok+c/ceh8YI=
6,1,/7HvpGv9iHarr0cinsgXGaI59/w=,qF82D0YFRUzS8eAuJmdX9dMl2vU=
7,3,/7HvpGv9iHarr0cinsgXGaI59/w=,qnzK4emguL5XKr1Lok+c/ceh8YI=
7,2,/7HvpGv9iHarr0cinsgXGaI59/w=,qnzK4emguL5XKr1Lok+c/ceh8YI=
7,1,/7HvpGv9iHarr0cinsgXGaI59/w=,qnzK4emguL5XKr1Lok+c/ceh8YI=
7,0,/7HvpGv9iHarr0cinsgXGaI59/w=,qnzK4emguL5XKr1Lok+c/ceh8YI=
8,0,/7HvpGv9iHarr0cinsgXGaI59/w=,u71+luUTx92D3/xG42icxhkc22o=
8,1,/7HvpGv9iHarr0cinsgXGaI59/w=,u71+luUTx92D3/xG42icxhkc22o=
8,2,/7HvpGv9iHarr0cinsgXGaI59/w=,I5ml6L1onpHgoOziY99a2nVdI6w=
