2,-1,9EIWtFTv4g1pRErZJZRhmuvABNk=,QAU+zLPYNKNDFo/IG4bMSGY+Res=
<<<<<<< HEAD
1,-1,NPZ6bsIgfrwgM3wB5S99w5jBDRg=,RW+2rX0N5PYug8zLDMvP/us1uZI=
0,-1,NPZ6bsIgfrwgM3wB5S99w5jBDRg=,GbUXZHI4gB9W6By7bPM8S84hIVY=
0,-2,NPZ6bsIgfrwgM3wB5S99w5jBDRg=,7EvbikQQ5urlUf/LcTCABMPKJEc=
0,-3,NPZ6bsIgfrwgM3wB5S99w5jBDRg=,t6/QXqzSIyF+cdJpasEmasMYjmc=
=======
1,-1,EcI9AIdTRPSQsckeyA+XFF556eo=,cj7lDi0piSMKkKiVOK5A6DPN3pg=
0,-1,EcI9AIdTRPSQsckeyA+XFF556eo=,j4RcBAzQnedt0p7pe9tRp2Q62GI=
0,-2,EcI9AIdTRPSQsckeyA+XFF556eo=,NUD2BHPTovwPqcU7OrpMVliRfqs=
0,-3,EcI9AIdTRPSQsckeyA+XFF556eo=,IU0nyjLxYwTjDK9jaOYdTOEX3Zc=
>>>>>>> daba9c7d1495d0b0a5c4105c329aa9467c1bda7f
