-28,-1,ZGoGR+h6ZkSGajvw4ioAvMcB0fE=,YWctoCwXyXrs0PPahBA/E+HXjIk=
-1,-1,AH/ZSPC645Sl18wVuKz0M2cGtWg=,kEpdUDX8ptJnOA0HMXbxCnLMdPE=
-1,-2,AH/ZSPC645Sl18wVuKz0M2cGtWg=,RyG6Z0vQM8OU82sbBbXKAPISMRM=
-1,-3,rz0B2a1HjPRlkqrDDehZEZJHj3s=,X3Z90BIrkJiHXRsGw1pruQvhuZs=
-1,-4,rz0B2a1HjPRlkqrDDehZEZJHj3s=,FiLRaT9Qg05iNFeujO8LrDNZ4Lo=
-1,-6,rz0B2a1HjPRlkqrDDehZEZJHj3s=,ULUMtThUMWYSqoiZhxBUQgiL7aU=
-1,-7,rz0B2a1HjPRlkqrDDehZEZJHj3s=,ULUMtThUMWYSqoiZhxBUQgiL7aU=
-1,-11,rz0B2a1HjPRlkqrDDehZEZJHj3s=,ULUMtThUMWYSqoiZhxBUQgiL7aU=
-1,-14,rz0B2a1HjPRlkqrDDehZEZJHj3s=,ULUMtThUMWYSqoiZhxBUQgiL7aU=
-1,-21,rz0B2a1HjPRlkqrDDehZEZJHj3s=,7EnfNu1gwLpMgBRka0OAoLDWa6Q=
-2,-2,rz0B2a1HjPRlkqrDDehZEZJHj3s=,jJ4viDwtuZ227yWqhJRxjCDKpLI=
-2,-1,rz0B2a1HjPRlkqrDDehZEZJHj3s=,X3Z90BIrkJiHXRsGw1pruQvhuZs=
-2,-4,rz0B2a1HjPRlkqrDDehZEZJHj3s=,BxOaxuVSIH8JXFyYVx7MkyBskvQ=
-2,-3,rz0B2a1HjPRlkqrDDehZEZJHj3s=,F6L6/DGMKP4+hdoUdUTyQrB92+M=
-2,-10,rz0B2a1HjPRlkqrDDehZEZJHj3s=,ULUMtThUMWYSqoiZhxBUQgiL7aU=
-2,-11,rz0B2a1HjPRlkqrDDehZEZJHj3s=,ULUMtThUMWYSqoiZhxBUQgiL7aU=
-2,-18,rz0B2a1HjPRlkqrDDehZEZJHj3s=,7EnfNu1gwLpMgBRka0OAoLDWa6Q=
-2,-17,rz0B2a1HjPRlkqrDDehZEZJHj3s=,7EnfNu1gwLpMgBRka0OAoLDWa6Q=
-2,-21,rz0B2a1HjPRlkqrDDehZEZJHj3s=,7EnfNu1gwLpMgBRka0OAoLDWa6Q=
-3,-1,rz0B2a1HjPRlkqrDDehZEZJHj3s=,Riwyi9CZaVWcEWZSPjajOJv58y0=
-3,-16,rz0B2a1HjPRlkqrDDehZEZJHj3s=,ULUMtThUMWYSqoiZhxBUQgiL7aU=
-3,-19,rz0B2a1HjPRlkqrDDehZEZJHj3s=,7EnfNu1gwLpMgBRka0OAoLDWa6Q=
-3,-20,rz0B2a1HjPRlkqrDDehZEZJHj3s=,7EnfNu1gwLpMgBRka0OAoLDWa6Q=
-3,-18,rz0B2a1HjPRlkqrDDehZEZJHj3s=,7EnfNu1gwLpMgBRka0OAoLDWa6Q=
-3,-21,rz0B2a1HjPRlkqrDDehZEZJHj3s=,7EnfNu1gwLpMgBRka0OAoLDWa6Q=
-4,-1,rz0B2a1HjPRlkqrDDehZEZJHj3s=,lguYBLhPWwJo/DlMIWfqLsM73i8=
-4,-20,rz0B2a1HjPRlkqrDDehZEZJHj3s=,7EnfNu1gwLpMgBRka0OAoLDWa6Q=
-4,-24,rz0B2a1HjPRlkqrDDehZEZJHj3s=,7EnfNu1gwLpMgBRka0OAoLDWa6Q=
-4,-22,rz0B2a1HjPRlkqrDDehZEZJHj3s=,7EnfNu1gwLpMgBRka0OAoLDWa6Q=
-4,-21,rz0B2a1HjPRlkqrDDehZEZJHj3s=,7EnfNu1gwLpMgBRka0OAoLDWa6Q=
-5,-1,rz0B2a1HjPRlkqrDDehZEZJHj3s=,TFqP7JyLicOxTuGmxmt7cZX+rw0=
-5,-21,rz0B2a1HjPRlkqrDDehZEZJHj3s=,7EnfNu1gwLpMgBRka0OAoLDWa6Q=
-5,-22,rz0B2a1HjPRlkqrDDehZEZJHj3s=,7EnfNu1gwLpMgBRka0OAoLDWa6Q=
-5,-24,rz0B2a1HjPRlkqrDDehZEZJHj3s=,7EnfNu1gwLpMgBRka0OAoLDWa6Q=
-5,-20,rz0B2a1HjPRlkqrDDehZEZJHj3s=,SiPSO52j/ds4P7UGWWO4fPJFlkc=
-6,-1,rz0B2a1HjPRlkqrDDehZEZJHj3s=,7vJvadF56wUQgSVAEKt/8V+q4ok=
-7,-1,ZGoGR+h6ZkSGajvw4ioAvMcB0fE=,ULUMtThUMWYSqoiZhxBUQgiL7aU=
-8,-1,ZGoGR+h6ZkSGajvw4ioAvMcB0fE=,ULUMtThUMWYSqoiZhxBUQgiL7aU=
-9,-1,ZGoGR+h6ZkSGajvw4ioAvMcB0fE=,RmnjIjlJlnILW6CPT8tlu2At93A=
-10,-1,ZGoGR+h6ZkSGajvw4ioAvMcB0fE=,RmnjIjlJlnILW6CPT8tlu2At93A=
-11,-1,ZGoGR+h6ZkSGajvw4ioAvMcB0fE=,RmnjIjlJlnILW6CPT8tlu2At93A=
-12,-1,ZGoGR+h6ZkSGajvw4ioAvMcB0fE=,RmnjIjlJlnILW6CPT8tlu2At93A=
-13,-1,ZGoGR+h6ZkSGajvw4ioAvMcB0fE=,RmnjIjlJlnILW6CPT8tlu2At93A=
-15,-1,ZGoGR+h6ZkSGajvw4ioAvMcB0fE=,RmnjIjlJlnILW6CPT8tlu2At93A=
-16,-1,ZGoGR+h6ZkSGajvw4ioAvMcB0fE=,RmnjIjlJlnILW6CPT8tlu2At93A=
-17,-1,ZGoGR+h6ZkSGajvw4ioAvMcB0fE=,YWctoCwXyXrs0PPahBA/E+HXjIk=
-18,-1,ZGoGR+h6ZkSGajvw4ioAvMcB0fE=,YWctoCwXyXrs0PPahBA/E+HXjIk=
-19,-1,ZGoGR+h6ZkSGajvw4ioAvMcB0fE=,YWctoCwXyXrs0PPahBA/E+HXjIk=
-20,-1,ZGoGR+h6ZkSGajvw4ioAvMcB0fE=,YWctoCwXyXrs0PPahBA/E+HXjIk=
-21,-1,ZGoGR+h6ZkSGajvw4ioAvMcB0fE=,YWctoCwXyXrs0PPahBA/E+HXjIk=
-22,-1,ZGoGR+h6ZkSGajvw4ioAvMcB0fE=,ReneEKR1ShNiiexIHDQau/iDyiY=
-23,-1,ZGoGR+h6ZkSGajvw4ioAvMcB0fE=,BIQK748is2anJhlNyyHnN9Nr93s=
-24,-1,ZGoGR+h6ZkSGajvw4ioAvMcB0fE=,YWctoCwXyXrs0PPahBA/E+HXjIk=
-25,-1,ZGoGR+h6ZkSGajvw4ioAvMcB0fE=,YWctoCwXyXrs0PPahBA/E+HXjIk=
-26,-1,ZGoGR+h6ZkSGajvw4ioAvMcB0fE=,YWctoCwXyXrs0PPahBA/E+HXjIk=
-27,-1,ZGoGR+h6ZkSGajvw4ioAvMcB0fE=,YWctoCwXyXrs0PPahBA/E+HXjIk=
-4,-19,rz0B2a1HjPRlkqrDDehZEZJHj3s=,7EnfNu1gwLpMgBRka0OAoLDWa6Q=
-5,-19,rz0B2a1HjPRlkqrDDehZEZJHj3s=,7EnfNu1gwLpMgBRka0OAoLDWa6Q=
-6,-21,rz0B2a1HjPRlkqrDDehZEZJHj3s=,7EnfNu1gwLpMgBRka0OAoLDWa6Q=
-6,-20,ZGoGR+h6ZkSGajvw4ioAvMcB0fE=,7EnfNu1gwLpMgBRka0OAoLDWa6Q=
-3,-3,rz0B2a1HjPRlkqrDDehZEZJHj3s=,2smFn4Rlj5RX3cySVOSRjQkin6Y=
-3,-2,rz0B2a1HjPRlkqrDDehZEZJHj3s=,HU5WOWkNJN1NHX9fa+EaNDPjWTg=
-4,-3,rz0B2a1HjPRlkqrDDehZEZJHj3s=,4kVzqAskxKYAmudXmdSaF0KWSz4=
-4,-2,rz0B2a1HjPRlkqrDDehZEZJHj3s=,a0Tg7xn/X0h+a2pozZWUyMTk70E=
-5,-2,rz0B2a1HjPRlkqrDDehZEZJHj3s=,MVjloHNP4HbE3M0YRLtFg9at64A=
