-5,0,k5pCMssiVM5GjinHCfC1VYrTwv8=,98Z8/J/NaXoQWNdFeRzYB+g4F14=
-4,0,k5pCMssiVM5GjinHCfC1VYrTwv8=,MCPzAQqs99gqGr2c7VFucfVjWIA=
-3,0,cR0B+8vURLDFckG+p2/XIJwm7po=,MCPzAQqs99gqGr2c7VFucfVjWIA=
-2,9,cR0B+8vURLDFckG+p2/XIJwm7po=,pP5qjOe5p6okCYcDSS4BXQVvDtY=
-2,6,cR0B+8vURLDFckG+p2/XIJwm7po=,Mvwz50KN6SperYQU/oj2DYsNAiQ=
-2,0,cR0B+8vURLDFckG+p2/XIJwm7po=,pP5qjOe5p6okCYcDSS4BXQVvDtY=
-2,5,cR0B+8vURLDFckG+p2/XIJwm7po=,Mvwz50KN6SperYQU/oj2DYsNAiQ=
-1,14,cR0B+8vURLDFckG+p2/XIJwm7po=,Mvwz50KN6SperYQU/oj2DYsNAiQ=
-2,7,cR0B+8vURLDFckG+p2/XIJwm7po=,Mvwz50KN6SperYQU/oj2DYsNAiQ=
-1,13,cR0B+8vURLDFckG+p2/XIJwm7po=,Mvwz50KN6SperYQU/oj2DYsNAiQ=
-2,4,cR0B+8vURLDFckG+p2/XIJwm7po=,MCPzAQqs99gqGr2c7VFucfVjWIA=
-1,12,cR0B+8vURLDFckG+p2/XIJwm7po=,MCPzAQqs99gqGr2c7VFucfVjWIA=
-1,11,cR0B+8vURLDFckG+p2/XIJwm7po=,MCPzAQqs99gqGr2c7VFucfVjWIA=
-2,2,cR0B+8vURLDFckG+p2/XIJwm7po=,98Z8/J/NaXoQWNdFeRzYB+g4F14=
-2,3,cR0B+8vURLDFckG+p2/XIJwm7po=,98Z8/J/NaXoQWNdFeRzYB+g4F14=
-1,10,cR0B+8vURLDFckG+p2/XIJwm7po=,Mvwz50KN6SperYQU/oj2DYsNAiQ=
-1,7,cR0B+8vURLDFckG+p2/XIJwm7po=,Mvwz50KN6SperYQU/oj2DYsNAiQ=
-2,14,cR0B+8vURLDFckG+p2/XIJwm7po=,Mvwz50KN6SperYQU/oj2DYsNAiQ=
-2,12,cR0B+8vURLDFckG+p2/XIJwm7po=,Mvwz50KN6SperYQU/oj2DYsNAiQ=
-1,4,cR0B+8vURLDFckG+p2/XIJwm7po=,Mvwz50KN6SperYQU/oj2DYsNAiQ=
-1,3,cR0B+8vURLDFckG+p2/XIJwm7po=,MCPzAQqs99gqGr2c7VFucfVjWIA=
-1,1,cR0B+8vURLDFckG+p2/XIJwm7po=,pP5qjOe5p6okCYcDSS4BXQVvDtY=
-1,0,cR0B+8vURLDFckG+p2/XIJwm7po=,pP5qjOe5p6okCYcDSS4BXQVvDtY=
-1,2,cR0B+8vURLDFckG+p2/XIJwm7po=,98Z8/J/NaXoQWNdFeRzYB+g4F14=
-8,0,cR0B+8vURLDFckG+p2/XIJwm7po=,Mvwz50KN6SperYQU/oj2DYsNAiQ=
-7,0,cR0B+8vURLDFckG+p2/XIJwm7po=,MCPzAQqs99gqGr2c7VFucfVjWIA=
-6,0,k5pCMssiVM5GjinHCfC1VYrTwv8=,MCPzAQqs99gqGr2c7VFucfVjWIA=
-3,3,cR0B+8vURLDFckG+p2/XIJwm7po=,MCPzAQqs99gqGr2c7VFucfVjWIA=
-3,2,cR0B+8vURLDFckG+p2/XIJwm7po=,98Z8/J/NaXoQWNdFeRzYB+g4F14=
-2,1,cR0B+8vURLDFckG+p2/XIJwm7po=,MCPzAQqs99gqGr2c7VFucfVjWIA=
