-57,5,6BRTiLONlXmoxd1VkbAJH6E1ET4=,OSdwy3GUP9qLCTTfxfmgo01VH6c=
-56,6,6BRTiLONlXmoxd1VkbAJH6E1ET4=,OSdwy3GUP9qLCTTfxfmgo01VH6c=
-58,5,6BRTiLONlXmoxd1VkbAJH6E1ET4=,OSdwy3GUP9qLCTTfxfmgo01VH6c=
-59,5,6BRTiLONlXmoxd1VkbAJH6E1ET4=,OSdwy3GUP9qLCTTfxfmgo01VH6c=
-58,6,6BRTiLONlXmoxd1VkbAJH6E1ET4=,OSdwy3GUP9qLCTTfxfmgo01VH6c=
-59,6,6BRTiLONlXmoxd1VkbAJH6E1ET4=,OSdwy3GUP9qLCTTfxfmgo01VH6c=
-57,6,6BRTiLONlXmoxd1VkbAJH6E1ET4=,OSdwy3GUP9qLCTTfxfmgo01VH6c=
-60,5,6BRTiLONlXmoxd1VkbAJH6E1ET4=,OSdwy3GUP9qLCTTfxfmgo01VH6c=
-61,6,6BRTiLONlXmoxd1VkbAJH6E1ET4=,OSdwy3GUP9qLCTTfxfmgo01VH6c=
-60,6,6BRTiLONlXmoxd1VkbAJH6E1ET4=,OSdwy3GUP9qLCTTfxfmgo01VH6c=
-62,6,6BRTiLONlXmoxd1VkbAJH6E1ET4=,OSdwy3GUP9qLCTTfxfmgo01VH6c=
-62,5,6BRTiLONlXmoxd1VkbAJH6E1ET4=,OSdwy3GUP9qLCTTfxfmgo01VH6c=
-63,5,6BRTiLONlXmoxd1VkbAJH6E1ET4=,OSdwy3GUP9qLCTTfxfmgo01VH6c=
-63,6,6BRTiLONlXmoxd1VkbAJH6E1ET4=,OSdwy3GUP9qLCTTfxfmgo01VH6c=
-61,5,6BRTiLONlXmoxd1VkbAJH6E1ET4=,OSdwy3GUP9qLCTTfxfmgo01VH6c=
-51,2,6BRTiLONlXmoxd1VkbAJH6E1ET4=,OSdwy3GUP9qLCTTfxfmgo01VH6c=
-51,3,6BRTiLONlXmoxd1VkbAJH6E1ET4=,OSdwy3GUP9qLCTTfxfmgo01VH6c=
-52,1,4g0KmVkKl4JPAK8iO5kxP9gh7eo=,OSdwy3GUP9qLCTTfxfmgo01VH6c=
-54,5,6BRTiLONlXmoxd1VkbAJH6E1ET4=,OSdwy3GUP9qLCTTfxfmgo01VH6c=
-51,1,4g0KmVkKl4JPAK8iO5kxP9gh7eo=,OSdwy3GUP9qLCTTfxfmgo01VH6c=
-51,4,IczC2OJ3BN5L80LcfoFf7FXddto=,OSdwy3GUP9qLCTTfxfmgo01VH6c=
-54,4,IczC2OJ3BN5L80LcfoFf7FXddto=,OSdwy3GUP9qLCTTfxfmgo01VH6c=
-53,0,4g0KmVkKl4JPAK8iO5kxP9gh7eo=,OSdwy3GUP9qLCTTfxfmgo01VH6c=
-51,5,6BRTiLONlXmoxd1VkbAJH6E1ET4=,OSdwy3GUP9qLCTTfxfmgo01VH6c=
-52,5,6BRTiLONlXmoxd1VkbAJH6E1ET4=,OSdwy3GUP9qLCTTfxfmgo01VH6c=
-51,0,4g0KmVkKl4JPAK8iO5kxP9gh7eo=,OSdwy3GUP9qLCTTfxfmgo01VH6c=
-52,4,6BRTiLONlXmoxd1VkbAJH6E1ET4=,OSdwy3GUP9qLCTTfxfmgo01VH6c=
-53,2,IczC2OJ3BN5L80LcfoFf7FXddto=,OSdwy3GUP9qLCTTfxfmgo01VH6c=
-53,5,IczC2OJ3BN5L80LcfoFf7FXddto=,OSdwy3GUP9qLCTTfxfmgo01VH6c=
-53,4,6BRTiLONlXmoxd1VkbAJH6E1ET4=,OSdwy3GUP9qLCTTfxfmgo01VH6c=
-52,3,IczC2OJ3BN5L80LcfoFf7FXddto=,OSdwy3GUP9qLCTTfxfmgo01VH6c=
-52,0,4g0KmVkKl4JPAK8iO5kxP9gh7eo=,OSdwy3GUP9qLCTTfxfmgo01VH6c=
-53,3,IczC2OJ3BN5L80LcfoFf7FXddto=,OSdwy3GUP9qLCTTfxfmgo01VH6c=
-54,3,IczC2OJ3BN5L80LcfoFf7FXddto=,OSdwy3GUP9qLCTTfxfmgo01VH6c=
-54,0,4g0KmVkKl4JPAK8iO5kxP9gh7eo=,OSdwy3GUP9qLCTTfxfmgo01VH6c=
-54,2,IczC2OJ3BN5L80LcfoFf7FXddto=,OSdwy3GUP9qLCTTfxfmgo01VH6c=
-53,1,4g0KmVkKl4JPAK8iO5kxP9gh7eo=,OSdwy3GUP9qLCTTfxfmgo01VH6c=
-54,1,4g0KmVkKl4JPAK8iO5kxP9gh7eo=,OSdwy3GUP9qLCTTfxfmgo01VH6c=
-52,2,IczC2OJ3BN5L80LcfoFf7FXddto=,OSdwy3GUP9qLCTTfxfmgo01VH6c=
-64,6,IczC2OJ3BN5L80LcfoFf7FXddto=,OSdwy3GUP9qLCTTfxfmgo01VH6c=
-64,5,IczC2OJ3BN5L80LcfoFf7FXddto=,OSdwy3GUP9qLCTTfxfmgo01VH6c=
-52,7,4g0KmVkKl4JPAK8iO5kxP9gh7eo=,OSdwy3GUP9qLCTTfxfmgo01VH6c=
-51,7,4g0KmVkKl4JPAK8iO5kxP9gh7eo=,OSdwy3GUP9qLCTTfxfmgo01VH6c=
-54,7,4g0KmVkKl4JPAK8iO5kxP9gh7eo=,OSdwy3GUP9qLCTTfxfmgo01VH6c=
-50,7,4g0KmVkKl4JPAK8iO5kxP9gh7eo=,OSdwy3GUP9qLCTTfxfmgo01VH6c=
-53,7,4g0KmVkKl4JPAK8iO5kxP9gh7eo=,OSdwy3GUP9qLCTTfxfmgo01VH6c=
-54,6,4g0KmVkKl4JPAK8iO5kxP9gh7eo=,OSdwy3GUP9qLCTTfxfmgo01VH6c=
-51,6,4g0KmVkKl4JPAK8iO5kxP9gh7eo=,OSdwy3GUP9qLCTTfxfmgo01VH6c=
-53,6,4g0KmVkKl4JPAK8iO5kxP9gh7eo=,OSdwy3GUP9qLCTTfxfmgo01VH6c=
-52,6,4g0KmVkKl4JPAK8iO5kxP9gh7eo=,OSdwy3GUP9qLCTTfxfmgo01VH6c=
-63,1,4g0KmVkKl4JPAK8iO5kxP9gh7eo=,OSdwy3GUP9qLCTTfxfmgo01VH6c=
-63,4,4g0KmVkKl4JPAK8iO5kxP9gh7eo=,OSdwy3GUP9qLCTTfxfmgo01VH6c=
-64,1,4g0KmVkKl4JPAK8iO5kxP9gh7eo=,OSdwy3GUP9qLCTTfxfmgo01VH6c=
-62,1,4g0KmVkKl4JPAK8iO5kxP9gh7eo=,OSdwy3GUP9qLCTTfxfmgo01VH6c=
-62,4,4g0KmVkKl4JPAK8iO5kxP9gh7eo=,OSdwy3GUP9qLCTTfxfmgo01VH6c=
-56,7,4g0KmVkKl4JPAK8iO5kxP9gh7eo=,OSdwy3GUP9qLCTTfxfmgo01VH6c=
-57,7,4g0KmVkKl4JPAK8iO5kxP9gh7eo=,OSdwy3GUP9qLCTTfxfmgo01VH6c=
-61,7,4g0KmVkKl4JPAK8iO5kxP9gh7eo=,OSdwy3GUP9qLCTTfxfmgo01VH6c=
-58,7,4g0KmVkKl4JPAK8iO5kxP9gh7eo=,OSdwy3GUP9qLCTTfxfmgo01VH6c=
-64,7,IczC2OJ3BN5L80LcfoFf7FXddto=,OSdwy3GUP9qLCTTfxfmgo01VH6c=
-55,6,4g0KmVkKl4JPAK8iO5kxP9gh7eo=,OSdwy3GUP9qLCTTfxfmgo01VH6c=
-62,7,IczC2OJ3BN5L80LcfoFf7FXddto=,OSdwy3GUP9qLCTTfxfmgo01VH6c=
-60,7,4g0KmVkKl4JPAK8iO5kxP9gh7eo=,OSdwy3GUP9qLCTTfxfmgo01VH6c=
-63,7,IczC2OJ3BN5L80LcfoFf7FXddto=,OSdwy3GUP9qLCTTfxfmgo01VH6c=
-55,7,4g0KmVkKl4JPAK8iO5kxP9gh7eo=,OSdwy3GUP9qLCTTfxfmgo01VH6c=
-59,7,4g0KmVkKl4JPAK8iO5kxP9gh7eo=,OSdwy3GUP9qLCTTfxfmgo01VH6c=
-64,2,4g0KmVkKl4JPAK8iO5kxP9gh7eo=,OSdwy3GUP9qLCTTfxfmgo01VH6c=
-64,3,4g0KmVkKl4JPAK8iO5kxP9gh7eo=,OSdwy3GUP9qLCTTfxfmgo01VH6c=
-64,4,4g0KmVkKl4JPAK8iO5kxP9gh7eo=,OSdwy3GUP9qLCTTfxfmgo01VH6c=
-63,3,4g0KmVkKl4JPAK8iO5kxP9gh7eo=,OSdwy3GUP9qLCTTfxfmgo01VH6c=
-60,4,4g0KmVkKl4JPAK8iO5kxP9gh7eo=,OSdwy3GUP9qLCTTfxfmgo01VH6c=
-56,5,4g0KmVkKl4JPAK8iO5kxP9gh7eo=,OSdwy3GUP9qLCTTfxfmgo01VH6c=
-49,2,4g0KmVkKl4JPAK8iO5kxP9gh7eo=,OSdwy3GUP9qLCTTfxfmgo01VH6c=
-61,1,4g0KmVkKl4JPAK8iO5kxP9gh7eo=,OSdwy3GUP9qLCTTfxfmgo01VH6c=
-56,4,4g0KmVkKl4JPAK8iO5kxP9gh7eo=,OSdwy3GUP9qLCTTfxfmgo01VH6c=
-56,0,4g0KmVkKl4JPAK8iO5kxP9gh7eo=,OSdwy3GUP9qLCTTfxfmgo01VH6c=
-63,2,4g0KmVkKl4JPAK8iO5kxP9gh7eo=,OSdwy3GUP9qLCTTfxfmgo01VH6c=
-63,0,4g0KmVkKl4JPAK8iO5kxP9gh7eo=,OSdwy3GUP9qLCTTfxfmgo01VH6c=
-50,3,4g0KmVkKl4JPAK8iO5kxP9gh7eo=,OSdwy3GUP9qLCTTfxfmgo01VH6c=
-57,4,4g0KmVkKl4JPAK8iO5kxP9gh7eo=,OSdwy3GUP9qLCTTfxfmgo01VH6c=
-55,4,4g0KmVkKl4JPAK8iO5kxP9gh7eo=,OSdwy3GUP9qLCTTfxfmgo01VH6c=
-55,5,4g0KmVkKl4JPAK8iO5kxP9gh7eo=,OSdwy3GUP9qLCTTfxfmgo01VH6c=
-61,4,4g0KmVkKl4JPAK8iO5kxP9gh7eo=,OSdwy3GUP9qLCTTfxfmgo01VH6c=
-64,0,4g0KmVkKl4JPAK8iO5kxP9gh7eo=,OSdwy3GUP9qLCTTfxfmgo01VH6c=
-59,4,4g0KmVkKl4JPAK8iO5kxP9gh7eo=,OSdwy3GUP9qLCTTfxfmgo01VH6c=
-59,2,4g0KmVkKl4JPAK8iO5kxP9gh7eo=,OSdwy3GUP9qLCTTfxfmgo01VH6c=
-56,2,4g0KmVkKl4JPAK8iO5kxP9gh7eo=,OSdwy3GUP9qLCTTfxfmgo01VH6c=
-55,0,4g0KmVkKl4JPAK8iO5kxP9gh7eo=,OSdwy3GUP9qLCTTfxfmgo01VH6c=
-50,2,4g0KmVkKl4JPAK8iO5kxP9gh7eo=,OSdwy3GUP9qLCTTfxfmgo01VH6c=
-49,1,4g0KmVkKl4JPAK8iO5kxP9gh7eo=,OSdwy3GUP9qLCTTfxfmgo01VH6c=
-61,3,4g0KmVkKl4JPAK8iO5kxP9gh7eo=,OSdwy3GUP9qLCTTfxfmgo01VH6c=
-55,3,4g0KmVkKl4JPAK8iO5kxP9gh7eo=,OSdwy3GUP9qLCTTfxfmgo01VH6c=
-50,1,4g0KmVkKl4JPAK8iO5kxP9gh7eo=,OSdwy3GUP9qLCTTfxfmgo01VH6c=
-57,1,4g0KmVkKl4JPAK8iO5kxP9gh7eo=,OSdwy3GUP9qLCTTfxfmgo01VH6c=
-49,0,4g0KmVkKl4JPAK8iO5kxP9gh7eo=,OSdwy3GUP9qLCTTfxfmgo01VH6c=
-55,2,4g0KmVkKl4JPAK8iO5kxP9gh7eo=,OSdwy3GUP9qLCTTfxfmgo01VH6c=
-62,2,4g0KmVkKl4JPAK8iO5kxP9gh7eo=,OSdwy3GUP9qLCTTfxfmgo01VH6c=
-50,0,4g0KmVkKl4JPAK8iO5kxP9gh7eo=,OSdwy3GUP9qLCTTfxfmgo01VH6c=
-57,0,4g0KmVkKl4JPAK8iO5kxP9gh7eo=,OSdwy3GUP9qLCTTfxfmgo01VH6c=
-49,7,4g0KmVkKl4JPAK8iO5kxP9gh7eo=,OSdwy3GUP9qLCTTfxfmgo01VH6c=
-49,3,4g0KmVkKl4JPAK8iO5kxP9gh7eo=,OSdwy3GUP9qLCTTfxfmgo01VH6c=
-56,3,4g0KmVkKl4JPAK8iO5kxP9gh7eo=,OSdwy3GUP9qLCTTfxfmgo01VH6c=
-49,4,4g0KmVkKl4JPAK8iO5kxP9gh7eo=,OSdwy3GUP9qLCTTfxfmgo01VH6c=
-58,4,4g0KmVkKl4JPAK8iO5kxP9gh7eo=,OSdwy3GUP9qLCTTfxfmgo01VH6c=
-55,1,4g0KmVkKl4JPAK8iO5kxP9gh7eo=,OSdwy3GUP9qLCTTfxfmgo01VH6c=
-58,3,4g0KmVkKl4JPAK8iO5kxP9gh7eo=,OSdwy3GUP9qLCTTfxfmgo01VH6c=
-50,4,4g0KmVkKl4JPAK8iO5kxP9gh7eo=,OSdwy3GUP9qLCTTfxfmgo01VH6c=
-50,5,4g0KmVkKl4JPAK8iO5kxP9gh7eo=,OSdwy3GUP9qLCTTfxfmgo01VH6c=
-57,3,4g0KmVkKl4JPAK8iO5kxP9gh7eo=,OSdwy3GUP9qLCTTfxfmgo01VH6c=
-49,6,4g0KmVkKl4JPAK8iO5kxP9gh7eo=,OSdwy3GUP9qLCTTfxfmgo01VH6c=
-49,5,4g0KmVkKl4JPAK8iO5kxP9gh7eo=,OSdwy3GUP9qLCTTfxfmgo01VH6c=
-60,0,4g0KmVkKl4JPAK8iO5kxP9gh7eo=,OSdwy3GUP9qLCTTfxfmgo01VH6c=
-50,6,4g0KmVkKl4JPAK8iO5kxP9gh7eo=,OSdwy3GUP9qLCTTfxfmgo01VH6c=
-60,1,4g0KmVkKl4JPAK8iO5kxP9gh7eo=,OSdwy3GUP9qLCTTfxfmgo01VH6c=
-58,2,4g0KmVkKl4JPAK8iO5kxP9gh7eo=,OSdwy3GUP9qLCTTfxfmgo01VH6c=
-59,0,4g0KmVkKl4JPAK8iO5kxP9gh7eo=,OSdwy3GUP9qLCTTfxfmgo01VH6c=
-60,2,4g0KmVkKl4JPAK8iO5kxP9gh7eo=,OSdwy3GUP9qLCTTfxfmgo01VH6c=
-61,2,4g0KmVkKl4JPAK8iO5kxP9gh7eo=,OSdwy3GUP9qLCTTfxfmgo01VH6c=
-58,0,4g0KmVkKl4JPAK8iO5kxP9gh7eo=,OSdwy3GUP9qLCTTfxfmgo01VH6c=
-59,1,4g0KmVkKl4JPAK8iO5kxP9gh7eo=,OSdwy3GUP9qLCTTfxfmgo01VH6c=
-60,3,4g0KmVkKl4JPAK8iO5kxP9gh7eo=,OSdwy3GUP9qLCTTfxfmgo01VH6c=
-59,3,4g0KmVkKl4JPAK8iO5kxP9gh7eo=,OSdwy3GUP9qLCTTfxfmgo01VH6c=
-56,1,4g0KmVkKl4JPAK8iO5kxP9gh7eo=,OSdwy3GUP9qLCTTfxfmgo01VH6c=
-62,0,4g0KmVkKl4JPAK8iO5kxP9gh7eo=,OSdwy3GUP9qLCTTfxfmgo01VH6c=
-61,0,4g0KmVkKl4JPAK8iO5kxP9gh7eo=,OSdwy3GUP9qLCTTfxfmgo01VH6c=
-57,2,4g0KmVkKl4JPAK8iO5kxP9gh7eo=,OSdwy3GUP9qLCTTfxfmgo01VH6c=
-62,3,4g0KmVkKl4JPAK8iO5kxP9gh7eo=,OSdwy3GUP9qLCTTfxfmgo01VH6c=
-58,1,4g0KmVkKl4JPAK8iO5kxP9gh7eo=,OSdwy3GUP9qLCTTfxfmgo01VH6c=
-35,2,LP6BnakJ8pZ1ujiPll1Sq2LTNtM=,OSdwy3GUP9qLCTTfxfmgo01VH6c=
-34,2,LP6BnakJ8pZ1ujiPll1Sq2LTNtM=,OSdwy3GUP9qLCTTfxfmgo01VH6c=
-35,1,LP6BnakJ8pZ1ujiPll1Sq2LTNtM=,OSdwy3GUP9qLCTTfxfmgo01VH6c=
-34,1,LP6BnakJ8pZ1ujiPll1Sq2LTNtM=,OSdwy3GUP9qLCTTfxfmgo01VH6c=
-37,2,LP6BnakJ8pZ1ujiPll1Sq2LTNtM=,OSdwy3GUP9qLCTTfxfmgo01VH6c=
-38,1,LP6BnakJ8pZ1ujiPll1Sq2LTNtM=,OSdwy3GUP9qLCTTfxfmgo01VH6c=
-39,1,LP6BnakJ8pZ1ujiPll1Sq2LTNtM=,OSdwy3GUP9qLCTTfxfmgo01VH6c=
-39,2,LP6BnakJ8pZ1ujiPll1Sq2LTNtM=,OSdwy3GUP9qLCTTfxfmgo01VH6c=
-37,1,LP6BnakJ8pZ1ujiPll1Sq2LTNtM=,OSdwy3GUP9qLCTTfxfmgo01VH6c=
-36,2,LP6BnakJ8pZ1ujiPll1Sq2LTNtM=,OSdwy3GUP9qLCTTfxfmgo01VH6c=
-38,2,LP6BnakJ8pZ1ujiPll1Sq2LTNtM=,OSdwy3GUP9qLCTTfxfmgo01VH6c=
-36,1,LP6BnakJ8pZ1ujiPll1Sq2LTNtM=,OSdwy3GUP9qLCTTfxfmgo01VH6c=
-34,6,LP6BnakJ8pZ1ujiPll1Sq2LTNtM=,OSdwy3GUP9qLCTTfxfmgo01VH6c=
-35,6,LP6BnakJ8pZ1ujiPll1Sq2LTNtM=,OSdwy3GUP9qLCTTfxfmgo01VH6c=
-43,2,LP6BnakJ8pZ1ujiPll1Sq2LTNtM=,OSdwy3GUP9qLCTTfxfmgo01VH6c=
-43,1,LP6BnakJ8pZ1ujiPll1Sq2LTNtM=,OSdwy3GUP9qLCTTfxfmgo01VH6c=
-40,1,LP6BnakJ8pZ1ujiPll1Sq2LTNtM=,OSdwy3GUP9qLCTTfxfmgo01VH6c=
-41,1,LP6BnakJ8pZ1ujiPll1Sq2LTNtM=,OSdwy3GUP9qLCTTfxfmgo01VH6c=
-42,1,LP6BnakJ8pZ1ujiPll1Sq2LTNtM=,OSdwy3GUP9qLCTTfxfmgo01VH6c=
-41,2,LP6BnakJ8pZ1ujiPll1Sq2LTNtM=,OSdwy3GUP9qLCTTfxfmgo01VH6c=
-40,2,LP6BnakJ8pZ1ujiPll1Sq2LTNtM=,OSdwy3GUP9qLCTTfxfmgo01VH6c=
-42,2,LP6BnakJ8pZ1ujiPll1Sq2LTNtM=,OSdwy3GUP9qLCTTfxfmgo01VH6c=
-37,6,LP6BnakJ8pZ1ujiPll1Sq2LTNtM=,OSdwy3GUP9qLCTTfxfmgo01VH6c=
-36,6,LP6BnakJ8pZ1ujiPll1Sq2LTNtM=,OSdwy3GUP9qLCTTfxfmgo01VH6c=
-37,5,LP6BnakJ8pZ1ujiPll1Sq2LTNtM=,OSdwy3GUP9qLCTTfxfmgo01VH6c=
-36,5,LP6BnakJ8pZ1ujiPll1Sq2LTNtM=,OSdwy3GUP9qLCTTfxfmgo01VH6c=
-35,5,LP6BnakJ8pZ1ujiPll1Sq2LTNtM=,OSdwy3GUP9qLCTTfxfmgo01VH6c=
-38,3,LP6BnakJ8pZ1ujiPll1Sq2LTNtM=,OSdwy3GUP9qLCTTfxfmgo01VH6c=
-35,3,LP6BnakJ8pZ1ujiPll1Sq2LTNtM=,OSdwy3GUP9qLCTTfxfmgo01VH6c=
-36,3,LP6BnakJ8pZ1ujiPll1Sq2LTNtM=,OSdwy3GUP9qLCTTfxfmgo01VH6c=
-35,4,LP6BnakJ8pZ1ujiPll1Sq2LTNtM=,OSdwy3GUP9qLCTTfxfmgo01VH6c=
-37,3,LP6BnakJ8pZ1ujiPll1Sq2LTNtM=,OSdwy3GUP9qLCTTfxfmgo01VH6c=
-38,4,LP6BnakJ8pZ1ujiPll1Sq2LTNtM=,OSdwy3GUP9qLCTTfxfmgo01VH6c=
-36,4,LP6BnakJ8pZ1ujiPll1Sq2LTNtM=,OSdwy3GUP9qLCTTfxfmgo01VH6c=
-37,4,LP6BnakJ8pZ1ujiPll1Sq2LTNtM=,OSdwy3GUP9qLCTTfxfmgo01VH6c=
-38,5,LP6BnakJ8pZ1ujiPll1Sq2LTNtM=,OSdwy3GUP9qLCTTfxfmgo01VH6c=
-47,2,0JkA+W2pAD8j+662MqilRIQTVrU=,OSdwy3GUP9qLCTTfxfmgo01VH6c=
-45,2,0JkA+W2pAD8j+662MqilRIQTVrU=,OSdwy3GUP9qLCTTfxfmgo01VH6c=
-44,2,0JkA+W2pAD8j+662MqilRIQTVrU=,OSdwy3GUP9qLCTTfxfmgo01VH6c=
-46,2,0JkA+W2pAD8j+662MqilRIQTVrU=,OSdwy3GUP9qLCTTfxfmgo01VH6c=
-39,7,0JkA+W2pAD8j+662MqilRIQTVrU=,OSdwy3GUP9qLCTTfxfmgo01VH6c=
-38,7,0JkA+W2pAD8j+662MqilRIQTVrU=,OSdwy3GUP9qLCTTfxfmgo01VH6c=
-40,3,0JkA+W2pAD8j+662MqilRIQTVrU=,OSdwy3GUP9qLCTTfxfmgo01VH6c=
-40,7,0JkA+W2pAD8j+662MqilRIQTVrU=,OSdwy3GUP9qLCTTfxfmgo01VH6c=
-42,7,0JkA+W2pAD8j+662MqilRIQTVrU=,OSdwy3GUP9qLCTTfxfmgo01VH6c=
-41,7,0JkA+W2pAD8j+662MqilRIQTVrU=,OSdwy3GUP9qLCTTfxfmgo01VH6c=
-43,3,0JkA+W2pAD8j+662MqilRIQTVrU=,OSdwy3GUP9qLCTTfxfmgo01VH6c=
-41,3,0JkA+W2pAD8j+662MqilRIQTVrU=,OSdwy3GUP9qLCTTfxfmgo01VH6c=
-42,3,0JkA+W2pAD8j+662MqilRIQTVrU=,OSdwy3GUP9qLCTTfxfmgo01VH6c=
-41,6,0JkA+W2pAD8j+662MqilRIQTVrU=,OSdwy3GUP9qLCTTfxfmgo01VH6c=
-39,3,0JkA+W2pAD8j+662MqilRIQTVrU=,OSdwy3GUP9qLCTTfxfmgo01VH6c=
-39,6,0JkA+W2pAD8j+662MqilRIQTVrU=,OSdwy3GUP9qLCTTfxfmgo01VH6c=
-48,3,uOo2i74H0VHZuq9MXBCKiejYNk8=,OSdwy3GUP9qLCTTfxfmgo01VH6c=
-48,2,0JkA+W2pAD8j+662MqilRIQTVrU=,OSdwy3GUP9qLCTTfxfmgo01VH6c=
-40,6,0JkA+W2pAD8j+662MqilRIQTVrU=,OSdwy3GUP9qLCTTfxfmgo01VH6c=
-44,4,uOo2i74H0VHZuq9MXBCKiejYNk8=,OSdwy3GUP9qLCTTfxfmgo01VH6c=
-39,4,uOo2i74H0VHZuq9MXBCKiejYNk8=,OSdwy3GUP9qLCTTfxfmgo01VH6c=
-47,7,uOo2i74H0VHZuq9MXBCKiejYNk8=,OSdwy3GUP9qLCTTfxfmgo01VH6c=
-42,6,uOo2i74H0VHZuq9MXBCKiejYNk8=,OSdwy3GUP9qLCTTfxfmgo01VH6c=
-44,3,uOo2i74H0VHZuq9MXBCKiejYNk8=,OSdwy3GUP9qLCTTfxfmgo01VH6c=
-46,3,uOo2i74H0VHZuq9MXBCKiejYNk8=,OSdwy3GUP9qLCTTfxfmgo01VH6c=
-48,7,uOo2i74H0VHZuq9MXBCKiejYNk8=,OSdwy3GUP9qLCTTfxfmgo01VH6c=
-40,4,uOo2i74H0VHZuq9MXBCKiejYNk8=,OSdwy3GUP9qLCTTfxfmgo01VH6c=
-39,5,0JkA+W2pAD8j+662MqilRIQTVrU=,OSdwy3GUP9qLCTTfxfmgo01VH6c=
-41,4,uOo2i74H0VHZuq9MXBCKiejYNk8=,OSdwy3GUP9qLCTTfxfmgo01VH6c=
-41,5,0JkA+W2pAD8j+662MqilRIQTVrU=,OSdwy3GUP9qLCTTfxfmgo01VH6c=
-46,7,uOo2i74H0VHZuq9MXBCKiejYNk8=,OSdwy3GUP9qLCTTfxfmgo01VH6c=
-46,4,uOo2i74H0VHZuq9MXBCKiejYNk8=,OSdwy3GUP9qLCTTfxfmgo01VH6c=
-47,3,uOo2i74H0VHZuq9MXBCKiejYNk8=,OSdwy3GUP9qLCTTfxfmgo01VH6c=
-42,5,uOo2i74H0VHZuq9MXBCKiejYNk8=,OSdwy3GUP9qLCTTfxfmgo01VH6c=
-42,4,uOo2i74H0VHZuq9MXBCKiejYNk8=,OSdwy3GUP9qLCTTfxfmgo01VH6c=
-43,7,uOo2i74H0VHZuq9MXBCKiejYNk8=,OSdwy3GUP9qLCTTfxfmgo01VH6c=
-43,4,uOo2i74H0VHZuq9MXBCKiejYNk8=,OSdwy3GUP9qLCTTfxfmgo01VH6c=
-40,5,uOo2i74H0VHZuq9MXBCKiejYNk8=,OSdwy3GUP9qLCTTfxfmgo01VH6c=
-45,5,uOo2i74H0VHZuq9MXBCKiejYNk8=,OSdwy3GUP9qLCTTfxfmgo01VH6c=
-47,4,uOo2i74H0VHZuq9MXBCKiejYNk8=,OSdwy3GUP9qLCTTfxfmgo01VH6c=
-47,6,uOo2i74H0VHZuq9MXBCKiejYNk8=,OSdwy3GUP9qLCTTfxfmgo01VH6c=
-48,4,uOo2i74H0VHZuq9MXBCKiejYNk8=,OSdwy3GUP9qLCTTfxfmgo01VH6c=
-48,6,uOo2i74H0VHZuq9MXBCKiejYNk8=,OSdwy3GUP9qLCTTfxfmgo01VH6c=
-45,4,uOo2i74H0VHZuq9MXBCKiejYNk8=,OSdwy3GUP9qLCTTfxfmgo01VH6c=
-47,5,uOo2i74H0VHZuq9MXBCKiejYNk8=,OSdwy3GUP9qLCTTfxfmgo01VH6c=
-45,7,uOo2i74H0VHZuq9MXBCKiejYNk8=,OSdwy3GUP9qLCTTfxfmgo01VH6c=
-48,5,uOo2i74H0VHZuq9MXBCKiejYNk8=,OSdwy3GUP9qLCTTfxfmgo01VH6c=
-45,3,uOo2i74H0VHZuq9MXBCKiejYNk8=,OSdwy3GUP9qLCTTfxfmgo01VH6c=
-46,6,uOo2i74H0VHZuq9MXBCKiejYNk8=,OSdwy3GUP9qLCTTfxfmgo01VH6c=
-44,6,uOo2i74H0VHZuq9MXBCKiejYNk8=,OSdwy3GUP9qLCTTfxfmgo01VH6c=
-46,5,uOo2i74H0VHZuq9MXBCKiejYNk8=,OSdwy3GUP9qLCTTfxfmgo01VH6c=
-44,7,uOo2i74H0VHZuq9MXBCKiejYNk8=,OSdwy3GUP9qLCTTfxfmgo01VH6c=
-43,5,uOo2i74H0VHZuq9MXBCKiejYNk8=,OSdwy3GUP9qLCTTfxfmgo01VH6c=
-44,5,uOo2i74H0VHZuq9MXBCKiejYNk8=,OSdwy3GUP9qLCTTfxfmgo01VH6c=
-45,6,uOo2i74H0VHZuq9MXBCKiejYNk8=,OSdwy3GUP9qLCTTfxfmgo01VH6c=
-43,6,uOo2i74H0VHZuq9MXBCKiejYNk8=,OSdwy3GUP9qLCTTfxfmgo01VH6c=
-43,0,Cfd7iFkO2xP5jzFsfuuGjUNUnqc=,OSdwy3GUP9qLCTTfxfmgo01VH6c=
-46,0,Cfd7iFkO2xP5jzFsfuuGjUNUnqc=,OSdwy3GUP9qLCTTfxfmgo01VH6c=
-46,1,Cfd7iFkO2xP5jzFsfuuGjUNUnqc=,OSdwy3GUP9qLCTTfxfmgo01VH6c=
-38,6,uOo2i74H0VHZuq9MXBCKiejYNk8=,OSdwy3GUP9qLCTTfxfmgo01VH6c=
-37,7,uOo2i74H0VHZuq9MXBCKiejYNk8=,OSdwy3GUP9qLCTTfxfmgo01VH6c=
-42,0,uOo2i74H0VHZuq9MXBCKiejYNk8=,OSdwy3GUP9qLCTTfxfmgo01VH6c=
-36,7,uOo2i74H0VHZuq9MXBCKiejYNk8=,OSdwy3GUP9qLCTTfxfmgo01VH6c=
-45,0,Cfd7iFkO2xP5jzFsfuuGjUNUnqc=,OSdwy3GUP9qLCTTfxfmgo01VH6c=
-41,0,uOo2i74H0VHZuq9MXBCKiejYNk8=,OSdwy3GUP9qLCTTfxfmgo01VH6c=
-36,0,uOo2i74H0VHZuq9MXBCKiejYNk8=,OSdwy3GUP9qLCTTfxfmgo01VH6c=
-35,7,uOo2i74H0VHZuq9MXBCKiejYNk8=,OSdwy3GUP9qLCTTfxfmgo01VH6c=
-35,0,uOo2i74H0VHZuq9MXBCKiejYNk8=,OSdwy3GUP9qLCTTfxfmgo01VH6c=
-34,7,uOo2i74H0VHZuq9MXBCKiejYNk8=,OSdwy3GUP9qLCTTfxfmgo01VH6c=
-33,1,uOo2i74H0VHZuq9MXBCKiejYNk8=,OSdwy3GUP9qLCTTfxfmgo01VH6c=
-45,1,Cfd7iFkO2xP5jzFsfuuGjUNUnqc=,OSdwy3GUP9qLCTTfxfmgo01VH6c=
-40,0,Cfd7iFkO2xP5jzFsfuuGjUNUnqc=,OSdwy3GUP9qLCTTfxfmgo01VH6c=
-33,2,uOo2i74H0VHZuq9MXBCKiejYNk8=,OSdwy3GUP9qLCTTfxfmgo01VH6c=
-39,0,Cfd7iFkO2xP5jzFsfuuGjUNUnqc=,OSdwy3GUP9qLCTTfxfmgo01VH6c=
-38,0,Cfd7iFkO2xP5jzFsfuuGjUNUnqc=,OSdwy3GUP9qLCTTfxfmgo01VH6c=
-44,1,Cfd7iFkO2xP5jzFsfuuGjUNUnqc=,OSdwy3GUP9qLCTTfxfmgo01VH6c=
-47,1,uOo2i74H0VHZuq9MXBCKiejYNk8=,OSdwy3GUP9qLCTTfxfmgo01VH6c=
-33,6,uOo2i74H0VHZuq9MXBCKiejYNk8=,OSdwy3GUP9qLCTTfxfmgo01VH6c=
-48,0,uOo2i74H0VHZuq9MXBCKiejYNk8=,OSdwy3GUP9qLCTTfxfmgo01VH6c=
-48,1,uOo2i74H0VHZuq9MXBCKiejYNk8=,OSdwy3GUP9qLCTTfxfmgo01VH6c=
-34,5,uOo2i74H0VHZuq9MXBCKiejYNk8=,OSdwy3GUP9qLCTTfxfmgo01VH6c=
-33,5,uOo2i74H0VHZuq9MXBCKiejYNk8=,OSdwy3GUP9qLCTTfxfmgo01VH6c=
-44,0,Cfd7iFkO2xP5jzFsfuuGjUNUnqc=,OSdwy3GUP9qLCTTfxfmgo01VH6c=
-33,7,uOo2i74H0VHZuq9MXBCKiejYNk8=,OSdwy3GUP9qLCTTfxfmgo01VH6c=
-37,0,Cfd7iFkO2xP5jzFsfuuGjUNUnqc=,OSdwy3GUP9qLCTTfxfmgo01VH6c=
-34,0,uOo2i74H0VHZuq9MXBCKiejYNk8=,OSdwy3GUP9qLCTTfxfmgo01VH6c=
-34,3,uOo2i74H0VHZuq9MXBCKiejYNk8=,OSdwy3GUP9qLCTTfxfmgo01VH6c=
-33,3,uOo2i74H0VHZuq9MXBCKiejYNk8=,OSdwy3GUP9qLCTTfxfmgo01VH6c=
-33,0,uOo2i74H0VHZuq9MXBCKiejYNk8=,OSdwy3GUP9qLCTTfxfmgo01VH6c=
-33,4,uOo2i74H0VHZuq9MXBCKiejYNk8=,OSdwy3GUP9qLCTTfxfmgo01VH6c=
-34,4,uOo2i74H0VHZuq9MXBCKiejYNk8=,OSdwy3GUP9qLCTTfxfmgo01VH6c=
-47,0,uOo2i74H0VHZuq9MXBCKiejYNk8=,OSdwy3GUP9qLCTTfxfmgo01VH6c=
