3,-1,BJdwB8spDuIlgSwMzXEJ9sBBigw=,fF2HF4IYCPX9bzLrOE5YQ6BJMgs=
2,-1,BJdwB8spDuIlgSwMzXEJ9sBBigw=,QIuIuUXiXzDXCHXyKsCExX1yzdU=
1,-1,BJdwB8spDuIlgSwMzXEJ9sBBigw=,QIuIuUXiXzDXCHXyKsCExX1yzdU=
0,-1,BJdwB8spDuIlgSwMzXEJ9sBBigw=,InSafw0c/1Bmqholyu3cqG7su90=
0,-3,BJdwB8spDuIlgSwMzXEJ9sBBigw=,CzAof0xkF857Ur/0kYL8Xzwo0VQ=
0,-2,BJdwB8spDuIlgSwMzXEJ9sBBigw=,Tqo2/PnCuZktQr4bMIW6iUKCjHQ=
0,-6,BJdwB8spDuIlgSwMzXEJ9sBBigw=,CzAof0xkF857Ur/0kYL8Xzwo0VQ=
0,-4,BJdwB8spDuIlgSwMzXEJ9sBBigw=,CzAof0xkF857Ur/0kYL8Xzwo0VQ=
2,-2,BJdwB8spDuIlgSwMzXEJ9sBBigw=,lxC2LZXvwAeO2W9mwVFmn7+k6RI=
1,-2,BJdwB8spDuIlgSwMzXEJ9sBBigw=,lxC2LZXvwAeO2W9mwVFmn7+k6RI=
