-88,89,RGUsUGDO9HOrmCQu6SPDg/K6bck=,/SfzreH6at1+z6l8j36ZAG/urmc=
-82,90,lUoAKwYrRStoMp1RwkY4zzmR/4A=,/SfzreH6at1+z6l8j36ZAG/urmc=
-86,92,lUoAKwYrRStoMp1RwkY4zzmR/4A=,/SfzreH6at1+z6l8j36ZAG/urmc=
-85,92,lUoAKwYrRStoMp1RwkY4zzmR/4A=,/SfzreH6at1+z6l8j36ZAG/urmc=
-88,90,lUoAKwYrRStoMp1RwkY4zzmR/4A=,/SfzreH6at1+z6l8j36ZAG/urmc=
-84,92,lUoAKwYrRStoMp1RwkY4zzmR/4A=,/SfzreH6at1+z6l8j36ZAG/urmc=
-82,88,lUoAKwYrRStoMp1RwkY4zzmR/4A=,/SfzreH6at1+z6l8j36ZAG/urmc=
-84,94,lUoAKwYrRStoMp1RwkY4zzmR/4A=,/SfzreH6at1+z6l8j36ZAG/urmc=
-88,91,lUoAKwYrRStoMp1RwkY4zzmR/4A=,/SfzreH6at1+z6l8j36ZAG/urmc=
-87,89,lUoAKwYrRStoMp1RwkY4zzmR/4A=,/SfzreH6at1+z6l8j36ZAG/urmc=
-84,93,lUoAKwYrRStoMp1RwkY4zzmR/4A=,/SfzreH6at1+z6l8j36ZAG/urmc=
-88,93,lUoAKwYrRStoMp1RwkY4zzmR/4A=,/SfzreH6at1+z6l8j36ZAG/urmc=
-87,93,lUoAKwYrRStoMp1RwkY4zzmR/4A=,/SfzreH6at1+z6l8j36ZAG/urmc=
-84,88,lUoAKwYrRStoMp1RwkY4zzmR/4A=,/SfzreH6at1+z6l8j36ZAG/urmc=
-86,89,lUoAKwYrRStoMp1RwkY4zzmR/4A=,/SfzreH6at1+z6l8j36ZAG/urmc=
-87,90,lUoAKwYrRStoMp1RwkY4zzmR/4A=,/SfzreH6at1+z6l8j36ZAG/urmc=
-86,90,lUoAKwYrRStoMp1RwkY4zzmR/4A=,/SfzreH6at1+z6l8j36ZAG/urmc=
-87,91,lUoAKwYrRStoMp1RwkY4zzmR/4A=,/SfzreH6at1+z6l8j36ZAG/urmc=
-86,91,lUoAKwYrRStoMp1RwkY4zzmR/4A=,/SfzreH6at1+z6l8j36ZAG/urmc=
-86,88,lUoAKwYrRStoMp1RwkY4zzmR/4A=,/SfzreH6at1+z6l8j36ZAG/urmc=
-85,89,lUoAKwYrRStoMp1RwkY4zzmR/4A=,/SfzreH6at1+z6l8j36ZAG/urmc=
-85,90,lUoAKwYrRStoMp1RwkY4zzmR/4A=,/SfzreH6at1+z6l8j36ZAG/urmc=
-85,91,lUoAKwYrRStoMp1RwkY4zzmR/4A=,/SfzreH6at1+z6l8j36ZAG/urmc=
-84,91,lUoAKwYrRStoMp1RwkY4zzmR/4A=,/SfzreH6at1+z6l8j36ZAG/urmc=
-83,91,lUoAKwYrRStoMp1RwkY4zzmR/4A=,/SfzreH6at1+z6l8j36ZAG/urmc=
-82,91,lUoAKwYrRStoMp1RwkY4zzmR/4A=,/SfzreH6at1+z6l8j36ZAG/urmc=
-88,92,lUoAKwYrRStoMp1RwkY4zzmR/4A=,/SfzreH6at1+z6l8j36ZAG/urmc=
-87,92,lUoAKwYrRStoMp1RwkY4zzmR/4A=,/SfzreH6at1+z6l8j36ZAG/urmc=
-85,88,lUoAKwYrRStoMp1RwkY4zzmR/4A=,/SfzreH6at1+z6l8j36ZAG/urmc=
-88,88,lUoAKwYrRStoMp1RwkY4zzmR/4A=,/SfzreH6at1+z6l8j36ZAG/urmc=
-88,94,lUoAKwYrRStoMp1RwkY4zzmR/4A=,/SfzreH6at1+z6l8j36ZAG/urmc=
-87,94,lUoAKwYrRStoMp1RwkY4zzmR/4A=,/SfzreH6at1+z6l8j36ZAG/urmc=
-86,94,lUoAKwYrRStoMp1RwkY4zzmR/4A=,/SfzreH6at1+z6l8j36ZAG/urmc=
-87,88,lUoAKwYrRStoMp1RwkY4zzmR/4A=,/SfzreH6at1+z6l8j36ZAG/urmc=
-84,89,lUoAKwYrRStoMp1RwkY4zzmR/4A=,/SfzreH6at1+z6l8j36ZAG/urmc=
-86,93,lUoAKwYrRStoMp1RwkY4zzmR/4A=,/SfzreH6at1+z6l8j36ZAG/urmc=
-85,93,lUoAKwYrRStoMp1RwkY4zzmR/4A=,/SfzreH6at1+z6l8j36ZAG/urmc=
-83,89,lUoAKwYrRStoMp1RwkY4zzmR/4A=,/SfzreH6at1+z6l8j36ZAG/urmc=
-82,89,lUoAKwYrRStoMp1RwkY4zzmR/4A=,/SfzreH6at1+z6l8j36ZAG/urmc=
-84,90,lUoAKwYrRStoMp1RwkY4zzmR/4A=,/SfzreH6at1+z6l8j36ZAG/urmc=
-83,90,lUoAKwYrRStoMp1RwkY4zzmR/4A=,/SfzreH6at1+z6l8j36ZAG/urmc=
-83,88,lUoAKwYrRStoMp1RwkY4zzmR/4A=,/SfzreH6at1+z6l8j36ZAG/urmc=
-85,94,lUoAKwYrRStoMp1RwkY4zzmR/4A=,/SfzreH6at1+z6l8j36ZAG/urmc=
-81,88,lUoAKwYrRStoMp1RwkY4zzmR/4A=,/SfzreH6at1+z6l8j36ZAG/urmc=
-81,90,lUoAKwYrRStoMp1RwkY4zzmR/4A=,/SfzreH6at1+z6l8j36ZAG/urmc=
-81,89,lUoAKwYrRStoMp1RwkY4zzmR/4A=,/SfzreH6at1+z6l8j36ZAG/urmc=
-81,91,lUoAKwYrRStoMp1RwkY4zzmR/4A=,/SfzreH6at1+z6l8j36ZAG/urmc=
-85,95,lUoAKwYrRStoMp1RwkY4zzmR/4A=,/SfzreH6at1+z6l8j36ZAG/urmc=
-87,95,lUoAKwYrRStoMp1RwkY4zzmR/4A=,/SfzreH6at1+z6l8j36ZAG/urmc=
-88,95,lUoAKwYrRStoMp1RwkY4zzmR/4A=,/SfzreH6at1+z6l8j36ZAG/urmc=
-86,95,lUoAKwYrRStoMp1RwkY4zzmR/4A=,/SfzreH6at1+z6l8j36ZAG/urmc=
-84,95,lUoAKwYrRStoMp1RwkY4zzmR/4A=,/SfzreH6at1+z6l8j36ZAG/urmc=
-83,92,lUoAKwYrRStoMp1RwkY4zzmR/4A=,/SfzreH6at1+z6l8j36ZAG/urmc=
-81,93,lUoAKwYrRStoMp1RwkY4zzmR/4A=,/SfzreH6at1+z6l8j36ZAG/urmc=
-82,92,lUoAKwYrRStoMp1RwkY4zzmR/4A=,/SfzreH6at1+z6l8j36ZAG/urmc=
-83,93,lUoAKwYrRStoMp1RwkY4zzmR/4A=,/SfzreH6at1+z6l8j36ZAG/urmc=
-83,94,lUoAKwYrRStoMp1RwkY4zzmR/4A=,/SfzreH6at1+z6l8j36ZAG/urmc=
-82,95,lUoAKwYrRStoMp1RwkY4zzmR/4A=,/SfzreH6at1+z6l8j36ZAG/urmc=
-81,92,lUoAKwYrRStoMp1RwkY4zzmR/4A=,/SfzreH6at1+z6l8j36ZAG/urmc=
-82,93,lUoAKwYrRStoMp1RwkY4zzmR/4A=,/SfzreH6at1+z6l8j36ZAG/urmc=
-82,94,lUoAKwYrRStoMp1RwkY4zzmR/4A=,/SfzreH6at1+z6l8j36ZAG/urmc=
-81,94,lUoAKwYrRStoMp1RwkY4zzmR/4A=,/SfzreH6at1+z6l8j36ZAG/urmc=
-81,95,lUoAKwYrRStoMp1RwkY4zzmR/4A=,/SfzreH6at1+z6l8j36ZAG/urmc=
-83,95,lUoAKwYrRStoMp1RwkY4zzmR/4A=,/SfzreH6at1+z6l8j36ZAG/urmc=
-66,94,BJCllp8qgQE6NBCrkWiFRPgbI1o=,/SfzreH6at1+z6l8j36ZAG/urmc=
-71,89,BJCllp8qgQE6NBCrkWiFRPgbI1o=,/SfzreH6at1+z6l8j36ZAG/urmc=
-70,89,BJCllp8qgQE6NBCrkWiFRPgbI1o=,/SfzreH6at1+z6l8j36ZAG/urmc=
-69,89,BJCllp8qgQE6NBCrkWiFRPgbI1o=,/SfzreH6at1+z6l8j36ZAG/urmc=
-68,89,BJCllp8qgQE6NBCrkWiFRPgbI1o=,/SfzreH6at1+z6l8j36ZAG/urmc=
-67,89,BJCllp8qgQE6NBCrkWiFRPgbI1o=,/SfzreH6at1+z6l8j36ZAG/urmc=
-66,89,BJCllp8qgQE6NBCrkWiFRPgbI1o=,/SfzreH6at1+z6l8j36ZAG/urmc=
-71,90,BJCllp8qgQE6NBCrkWiFRPgbI1o=,/SfzreH6at1+z6l8j36ZAG/urmc=
-70,90,BJCllp8qgQE6NBCrkWiFRPgbI1o=,/SfzreH6at1+z6l8j36ZAG/urmc=
-69,90,BJCllp8qgQE6NBCrkWiFRPgbI1o=,/SfzreH6at1+z6l8j36ZAG/urmc=
-68,90,BJCllp8qgQE6NBCrkWiFRPgbI1o=,/SfzreH6at1+z6l8j36ZAG/urmc=
-67,90,BJCllp8qgQE6NBCrkWiFRPgbI1o=,/SfzreH6at1+z6l8j36ZAG/urmc=
-66,90,BJCllp8qgQE6NBCrkWiFRPgbI1o=,/SfzreH6at1+z6l8j36ZAG/urmc=
-71,91,BJCllp8qgQE6NBCrkWiFRPgbI1o=,/SfzreH6at1+z6l8j36ZAG/urmc=
-70,91,BJCllp8qgQE6NBCrkWiFRPgbI1o=,/SfzreH6at1+z6l8j36ZAG/urmc=
-69,91,BJCllp8qgQE6NBCrkWiFRPgbI1o=,/SfzreH6at1+z6l8j36ZAG/urmc=
-68,91,BJCllp8qgQE6NBCrkWiFRPgbI1o=,/SfzreH6at1+z6l8j36ZAG/urmc=
-67,91,BJCllp8qgQE6NBCrkWiFRPgbI1o=,/SfzreH6at1+z6l8j36ZAG/urmc=
-66,91,BJCllp8qgQE6NBCrkWiFRPgbI1o=,/SfzreH6at1+z6l8j36ZAG/urmc=
-71,92,BJCllp8qgQE6NBCrkWiFRPgbI1o=,/SfzreH6at1+z6l8j36ZAG/urmc=
-70,92,BJCllp8qgQE6NBCrkWiFRPgbI1o=,/SfzreH6at1+z6l8j36ZAG/urmc=
-69,92,BJCllp8qgQE6NBCrkWiFRPgbI1o=,/SfzreH6at1+z6l8j36ZAG/urmc=
-68,92,BJCllp8qgQE6NBCrkWiFRPgbI1o=,/SfzreH6at1+z6l8j36ZAG/urmc=
-67,92,BJCllp8qgQE6NBCrkWiFRPgbI1o=,/SfzreH6at1+z6l8j36ZAG/urmc=
-66,92,BJCllp8qgQE6NBCrkWiFRPgbI1o=,/SfzreH6at1+z6l8j36ZAG/urmc=
-71,93,BJCllp8qgQE6NBCrkWiFRPgbI1o=,/SfzreH6at1+z6l8j36ZAG/urmc=
-70,93,BJCllp8qgQE6NBCrkWiFRPgbI1o=,/SfzreH6at1+z6l8j36ZAG/urmc=
-69,93,BJCllp8qgQE6NBCrkWiFRPgbI1o=,/SfzreH6at1+z6l8j36ZAG/urmc=
-68,93,BJCllp8qgQE6NBCrkWiFRPgbI1o=,/SfzreH6at1+z6l8j36ZAG/urmc=
-67,94,BJCllp8qgQE6NBCrkWiFRPgbI1o=,/SfzreH6at1+z6l8j36ZAG/urmc=
-67,93,BJCllp8qgQE6NBCrkWiFRPgbI1o=,/SfzreH6at1+z6l8j36ZAG/urmc=
-68,94,BJCllp8qgQE6NBCrkWiFRPgbI1o=,/SfzreH6at1+z6l8j36ZAG/urmc=
-66,93,BJCllp8qgQE6NBCrkWiFRPgbI1o=,/SfzreH6at1+z6l8j36ZAG/urmc=
-69,94,BJCllp8qgQE6NBCrkWiFRPgbI1o=,/SfzreH6at1+z6l8j36ZAG/urmc=
-70,94,BJCllp8qgQE6NBCrkWiFRPgbI1o=,/SfzreH6at1+z6l8j36ZAG/urmc=
-71,94,BJCllp8qgQE6NBCrkWiFRPgbI1o=,/SfzreH6at1+z6l8j36ZAG/urmc=
-76,81,BJCllp8qgQE6NBCrkWiFRPgbI1o=,/SfzreH6at1+z6l8j36ZAG/urmc=
-79,83,BJCllp8qgQE6NBCrkWiFRPgbI1o=,/SfzreH6at1+z6l8j36ZAG/urmc=
-78,83,BJCllp8qgQE6NBCrkWiFRPgbI1o=,/SfzreH6at1+z6l8j36ZAG/urmc=
-78,82,BJCllp8qgQE6NBCrkWiFRPgbI1o=,/SfzreH6at1+z6l8j36ZAG/urmc=
-76,85,BJCllp8qgQE6NBCrkWiFRPgbI1o=,/SfzreH6at1+z6l8j36ZAG/urmc=
-77,83,BJCllp8qgQE6NBCrkWiFRPgbI1o=,/SfzreH6at1+z6l8j36ZAG/urmc=
-76,83,BJCllp8qgQE6NBCrkWiFRPgbI1o=,/SfzreH6at1+z6l8j36ZAG/urmc=
-75,85,BJCllp8qgQE6NBCrkWiFRPgbI1o=,/SfzreH6at1+z6l8j36ZAG/urmc=
-75,83,BJCllp8qgQE6NBCrkWiFRPgbI1o=,/SfzreH6at1+z6l8j36ZAG/urmc=
-77,82,BJCllp8qgQE6NBCrkWiFRPgbI1o=,/SfzreH6at1+z6l8j36ZAG/urmc=
-74,83,BJCllp8qgQE6NBCrkWiFRPgbI1o=,/SfzreH6at1+z6l8j36ZAG/urmc=
-75,81,BJCllp8qgQE6NBCrkWiFRPgbI1o=,/SfzreH6at1+z6l8j36ZAG/urmc=
-79,84,BJCllp8qgQE6NBCrkWiFRPgbI1o=,/SfzreH6at1+z6l8j36ZAG/urmc=
-78,84,BJCllp8qgQE6NBCrkWiFRPgbI1o=,/SfzreH6at1+z6l8j36ZAG/urmc=
-76,82,BJCllp8qgQE6NBCrkWiFRPgbI1o=,/SfzreH6at1+z6l8j36ZAG/urmc=
-76,84,BJCllp8qgQE6NBCrkWiFRPgbI1o=,/SfzreH6at1+z6l8j36ZAG/urmc=
-74,81,BJCllp8qgQE6NBCrkWiFRPgbI1o=,/SfzreH6at1+z6l8j36ZAG/urmc=
-75,82,BJCllp8qgQE6NBCrkWiFRPgbI1o=,/SfzreH6at1+z6l8j36ZAG/urmc=
-74,82,BJCllp8qgQE6NBCrkWiFRPgbI1o=,/SfzreH6at1+z6l8j36ZAG/urmc=
-75,84,BJCllp8qgQE6NBCrkWiFRPgbI1o=,/SfzreH6at1+z6l8j36ZAG/urmc=
-77,84,BJCllp8qgQE6NBCrkWiFRPgbI1o=,/SfzreH6at1+z6l8j36ZAG/urmc=
-74,84,BJCllp8qgQE6NBCrkWiFRPgbI1o=,/SfzreH6at1+z6l8j36ZAG/urmc=
-79,86,BJCllp8qgQE6NBCrkWiFRPgbI1o=,/SfzreH6at1+z6l8j36ZAG/urmc=
-78,86,BJCllp8qgQE6NBCrkWiFRPgbI1o=,/SfzreH6at1+z6l8j36ZAG/urmc=
-77,86,BJCllp8qgQE6NBCrkWiFRPgbI1o=,/SfzreH6at1+z6l8j36ZAG/urmc=
-79,85,BJCllp8qgQE6NBCrkWiFRPgbI1o=,/SfzreH6at1+z6l8j36ZAG/urmc=
-78,85,BJCllp8qgQE6NBCrkWiFRPgbI1o=,/SfzreH6at1+z6l8j36ZAG/urmc=
-77,85,BJCllp8qgQE6NBCrkWiFRPgbI1o=,/SfzreH6at1+z6l8j36ZAG/urmc=
-79,82,BJCllp8qgQE6NBCrkWiFRPgbI1o=,/SfzreH6at1+z6l8j36ZAG/urmc=
-76,86,BJCllp8qgQE6NBCrkWiFRPgbI1o=,/SfzreH6at1+z6l8j36ZAG/urmc=
-75,86,BJCllp8qgQE6NBCrkWiFRPgbI1o=,/SfzreH6at1+z6l8j36ZAG/urmc=
-79,81,BJCllp8qgQE6NBCrkWiFRPgbI1o=,/SfzreH6at1+z6l8j36ZAG/urmc=
-78,81,BJCllp8qgQE6NBCrkWiFRPgbI1o=,/SfzreH6at1+z6l8j36ZAG/urmc=
-77,81,BJCllp8qgQE6NBCrkWiFRPgbI1o=,/SfzreH6at1+z6l8j36ZAG/urmc=
-76,80,BJCllp8qgQE6NBCrkWiFRPgbI1o=,/SfzreH6at1+z6l8j36ZAG/urmc=
-78,80,BJCllp8qgQE6NBCrkWiFRPgbI1o=,/SfzreH6at1+z6l8j36ZAG/urmc=
-79,80,BJCllp8qgQE6NBCrkWiFRPgbI1o=,/SfzreH6at1+z6l8j36ZAG/urmc=
-77,80,BJCllp8qgQE6NBCrkWiFRPgbI1o=,/SfzreH6at1+z6l8j36ZAG/urmc=
-74,80,BJCllp8qgQE6NBCrkWiFRPgbI1o=,/SfzreH6at1+z6l8j36ZAG/urmc=
-75,80,BJCllp8qgQE6NBCrkWiFRPgbI1o=,/SfzreH6at1+z6l8j36ZAG/urmc=
-65,89,BJCllp8qgQE6NBCrkWiFRPgbI1o=,/SfzreH6at1+z6l8j36ZAG/urmc=
-65,90,BJCllp8qgQE6NBCrkWiFRPgbI1o=,/SfzreH6at1+z6l8j36ZAG/urmc=
-65,91,BJCllp8qgQE6NBCrkWiFRPgbI1o=,/SfzreH6at1+z6l8j36ZAG/urmc=
-65,92,BJCllp8qgQE6NBCrkWiFRPgbI1o=,/SfzreH6at1+z6l8j36ZAG/urmc=
-65,94,BJCllp8qgQE6NBCrkWiFRPgbI1o=,/SfzreH6at1+z6l8j36ZAG/urmc=
-65,93,BJCllp8qgQE6NBCrkWiFRPgbI1o=,/SfzreH6at1+z6l8j36ZAG/urmc=
-71,95,BJCllp8qgQE6NBCrkWiFRPgbI1o=,/SfzreH6at1+z6l8j36ZAG/urmc=
-70,95,BJCllp8qgQE6NBCrkWiFRPgbI1o=,/SfzreH6at1+z6l8j36ZAG/urmc=
-68,95,BJCllp8qgQE6NBCrkWiFRPgbI1o=,/SfzreH6at1+z6l8j36ZAG/urmc=
-67,95,BJCllp8qgQE6NBCrkWiFRPgbI1o=,/SfzreH6at1+z6l8j36ZAG/urmc=
-66,95,BJCllp8qgQE6NBCrkWiFRPgbI1o=,/SfzreH6at1+z6l8j36ZAG/urmc=
-80,84,BJCllp8qgQE6NBCrkWiFRPgbI1o=,/SfzreH6at1+z6l8j36ZAG/urmc=
-80,86,BJCllp8qgQE6NBCrkWiFRPgbI1o=,/SfzreH6at1+z6l8j36ZAG/urmc=
-80,82,BJCllp8qgQE6NBCrkWiFRPgbI1o=,/SfzreH6at1+z6l8j36ZAG/urmc=
-80,81,BJCllp8qgQE6NBCrkWiFRPgbI1o=,/SfzreH6at1+z6l8j36ZAG/urmc=
-80,85,BJCllp8qgQE6NBCrkWiFRPgbI1o=,/SfzreH6at1+z6l8j36ZAG/urmc=
-80,83,BJCllp8qgQE6NBCrkWiFRPgbI1o=,/SfzreH6at1+z6l8j36ZAG/urmc=
-69,95,BJCllp8qgQE6NBCrkWiFRPgbI1o=,/SfzreH6at1+z6l8j36ZAG/urmc=
-80,80,BJCllp8qgQE6NBCrkWiFRPgbI1o=,/SfzreH6at1+z6l8j36ZAG/urmc=
-65,95,BJCllp8qgQE6NBCrkWiFRPgbI1o=,/SfzreH6at1+z6l8j36ZAG/urmc=
-69,87,BJCllp8qgQE6NBCrkWiFRPgbI1o=,/SfzreH6at1+z6l8j36ZAG/urmc=
-68,88,BJCllp8qgQE6NBCrkWiFRPgbI1o=,/SfzreH6at1+z6l8j36ZAG/urmc=
-67,88,BJCllp8qgQE6NBCrkWiFRPgbI1o=,/SfzreH6at1+z6l8j36ZAG/urmc=
-68,87,BJCllp8qgQE6NBCrkWiFRPgbI1o=,/SfzreH6at1+z6l8j36ZAG/urmc=
-67,87,BJCllp8qgQE6NBCrkWiFRPgbI1o=,/SfzreH6at1+z6l8j36ZAG/urmc=
-66,87,BJCllp8qgQE6NBCrkWiFRPgbI1o=,/SfzreH6at1+z6l8j36ZAG/urmc=
-66,88,BJCllp8qgQE6NBCrkWiFRPgbI1o=,/SfzreH6at1+z6l8j36ZAG/urmc=
-65,87,BJCllp8qgQE6NBCrkWiFRPgbI1o=,/SfzreH6at1+z6l8j36ZAG/urmc=
-65,88,BJCllp8qgQE6NBCrkWiFRPgbI1o=,/SfzreH6at1+z6l8j36ZAG/urmc=
-72,80,BJCllp8qgQE6NBCrkWiFRPgbI1o=,/SfzreH6at1+z6l8j36ZAG/urmc=
-70,87,BJCllp8qgQE6NBCrkWiFRPgbI1o=,/SfzreH6at1+z6l8j36ZAG/urmc=
-65,86,BJCllp8qgQE6NBCrkWiFRPgbI1o=,/SfzreH6at1+z6l8j36ZAG/urmc=
-66,86,BJCllp8qgQE6NBCrkWiFRPgbI1o=,/SfzreH6at1+z6l8j36ZAG/urmc=
-69,88,BJCllp8qgQE6NBCrkWiFRPgbI1o=,/SfzreH6at1+z6l8j36ZAG/urmc=
-70,88,BJCllp8qgQE6NBCrkWiFRPgbI1o=,/SfzreH6at1+z6l8j36ZAG/urmc=
-67,86,BJCllp8qgQE6NBCrkWiFRPgbI1o=,/SfzreH6at1+z6l8j36ZAG/urmc=
-68,86,BJCllp8qgQE6NBCrkWiFRPgbI1o=,/SfzreH6at1+z6l8j36ZAG/urmc=
-69,86,BJCllp8qgQE6NBCrkWiFRPgbI1o=,/SfzreH6at1+z6l8j36ZAG/urmc=
-65,85,BJCllp8qgQE6NBCrkWiFRPgbI1o=,/SfzreH6at1+z6l8j36ZAG/urmc=
-66,85,BJCllp8qgQE6NBCrkWiFRPgbI1o=,/SfzreH6at1+z6l8j36ZAG/urmc=
-67,85,BJCllp8qgQE6NBCrkWiFRPgbI1o=,/SfzreH6at1+z6l8j36ZAG/urmc=
-68,85,BJCllp8qgQE6NBCrkWiFRPgbI1o=,/SfzreH6at1+z6l8j36ZAG/urmc=
-69,85,BJCllp8qgQE6NBCrkWiFRPgbI1o=,/SfzreH6at1+z6l8j36ZAG/urmc=
-65,84,BJCllp8qgQE6NBCrkWiFRPgbI1o=,/SfzreH6at1+z6l8j36ZAG/urmc=
-66,84,BJCllp8qgQE6NBCrkWiFRPgbI1o=,/SfzreH6at1+z6l8j36ZAG/urmc=
-67,84,BJCllp8qgQE6NBCrkWiFRPgbI1o=,/SfzreH6at1+z6l8j36ZAG/urmc=
-68,84,BJCllp8qgQE6NBCrkWiFRPgbI1o=,/SfzreH6at1+z6l8j36ZAG/urmc=
-73,80,BJCllp8qgQE6NBCrkWiFRPgbI1o=,/SfzreH6at1+z6l8j36ZAG/urmc=
-72,95,BJCllp8qgQE6NBCrkWiFRPgbI1o=,/SfzreH6at1+z6l8j36ZAG/urmc=
-72,89,BJCllp8qgQE6NBCrkWiFRPgbI1o=,/SfzreH6at1+z6l8j36ZAG/urmc=
-80,88,BJCllp8qgQE6NBCrkWiFRPgbI1o=,/SfzreH6at1+z6l8j36ZAG/urmc=
-80,87,BJCllp8qgQE6NBCrkWiFRPgbI1o=,/SfzreH6at1+z6l8j36ZAG/urmc=
-73,91,BJCllp8qgQE6NBCrkWiFRPgbI1o=,/SfzreH6at1+z6l8j36ZAG/urmc=
-79,88,BJCllp8qgQE6NBCrkWiFRPgbI1o=,/SfzreH6at1+z6l8j36ZAG/urmc=
-78,88,BJCllp8qgQE6NBCrkWiFRPgbI1o=,/SfzreH6at1+z6l8j36ZAG/urmc=
-72,90,BJCllp8qgQE6NBCrkWiFRPgbI1o=,/SfzreH6at1+z6l8j36ZAG/urmc=
-74,92,BJCllp8qgQE6NBCrkWiFRPgbI1o=,/SfzreH6at1+z6l8j36ZAG/urmc=
-73,92,BJCllp8qgQE6NBCrkWiFRPgbI1o=,/SfzreH6at1+z6l8j36ZAG/urmc=
-80,89,BJCllp8qgQE6NBCrkWiFRPgbI1o=,/SfzreH6at1+z6l8j36ZAG/urmc=
-76,93,BJCllp8qgQE6NBCrkWiFRPgbI1o=,/SfzreH6at1+z6l8j36ZAG/urmc=
-75,93,BJCllp8qgQE6NBCrkWiFRPgbI1o=,/SfzreH6at1+z6l8j36ZAG/urmc=
-74,93,BJCllp8qgQE6NBCrkWiFRPgbI1o=,/SfzreH6at1+z6l8j36ZAG/urmc=
-73,93,BJCllp8qgQE6NBCrkWiFRPgbI1o=,/SfzreH6at1+z6l8j36ZAG/urmc=
-71,80,BJCllp8qgQE6NBCrkWiFRPgbI1o=,/SfzreH6at1+z6l8j36ZAG/urmc=
-70,80,BJCllp8qgQE6NBCrkWiFRPgbI1o=,/SfzreH6at1+z6l8j36ZAG/urmc=
-73,87,BJCllp8qgQE6NBCrkWiFRPgbI1o=,/SfzreH6at1+z6l8j36ZAG/urmc=
-72,82,BJCllp8qgQE6NBCrkWiFRPgbI1o=,/SfzreH6at1+z6l8j36ZAG/urmc=
-66,81,BJCllp8qgQE6NBCrkWiFRPgbI1o=,/SfzreH6at1+z6l8j36ZAG/urmc=
-73,95,BJCllp8qgQE6NBCrkWiFRPgbI1o=,/SfzreH6at1+z6l8j36ZAG/urmc=
-69,84,BJCllp8qgQE6NBCrkWiFRPgbI1o=,/SfzreH6at1+z6l8j36ZAG/urmc=
-75,87,BJCllp8qgQE6NBCrkWiFRPgbI1o=,/SfzreH6at1+z6l8j36ZAG/urmc=
-68,81,BJCllp8qgQE6NBCrkWiFRPgbI1o=,/SfzreH6at1+z6l8j36ZAG/urmc=
-69,81,BJCllp8qgQE6NBCrkWiFRPgbI1o=,/SfzreH6at1+z6l8j36ZAG/urmc=
-74,95,BJCllp8qgQE6NBCrkWiFRPgbI1o=,/SfzreH6at1+z6l8j36ZAG/urmc=
-75,95,BJCllp8qgQE6NBCrkWiFRPgbI1o=,/SfzreH6at1+z6l8j36ZAG/urmc=
-72,81,BJCllp8qgQE6NBCrkWiFRPgbI1o=,/SfzreH6at1+z6l8j36ZAG/urmc=
-73,82,BJCllp8qgQE6NBCrkWiFRPgbI1o=,/SfzreH6at1+z6l8j36ZAG/urmc=
-76,95,BJCllp8qgQE6NBCrkWiFRPgbI1o=,/SfzreH6at1+z6l8j36ZAG/urmc=
-77,95,BJCllp8qgQE6NBCrkWiFRPgbI1o=,/SfzreH6at1+z6l8j36ZAG/urmc=
-73,81,BJCllp8qgQE6NBCrkWiFRPgbI1o=,/SfzreH6at1+z6l8j36ZAG/urmc=
-66,80,BJCllp8qgQE6NBCrkWiFRPgbI1o=,/SfzreH6at1+z6l8j36ZAG/urmc=
-72,94,BJCllp8qgQE6NBCrkWiFRPgbI1o=,/SfzreH6at1+z6l8j36ZAG/urmc=
-77,87,BJCllp8qgQE6NBCrkWiFRPgbI1o=,/SfzreH6at1+z6l8j36ZAG/urmc=
-70,84,BJCllp8qgQE6NBCrkWiFRPgbI1o=,/SfzreH6at1+z6l8j36ZAG/urmc=
-78,95,BJCllp8qgQE6NBCrkWiFRPgbI1o=,/SfzreH6at1+z6l8j36ZAG/urmc=
-78,87,BJCllp8qgQE6NBCrkWiFRPgbI1o=,/SfzreH6at1+z6l8j36ZAG/urmc=
-72,93,BJCllp8qgQE6NBCrkWiFRPgbI1o=,/SfzreH6at1+z6l8j36ZAG/urmc=
-79,87,BJCllp8qgQE6NBCrkWiFRPgbI1o=,/SfzreH6at1+z6l8j36ZAG/urmc=
-72,92,BJCllp8qgQE6NBCrkWiFRPgbI1o=,/SfzreH6at1+z6l8j36ZAG/urmc=
-73,94,BJCllp8qgQE6NBCrkWiFRPgbI1o=,/SfzreH6at1+z6l8j36ZAG/urmc=
-74,94,BJCllp8qgQE6NBCrkWiFRPgbI1o=,/SfzreH6at1+z6l8j36ZAG/urmc=
-71,84,BJCllp8qgQE6NBCrkWiFRPgbI1o=,/SfzreH6at1+z6l8j36ZAG/urmc=
-72,91,BJCllp8qgQE6NBCrkWiFRPgbI1o=,/SfzreH6at1+z6l8j36ZAG/urmc=
-67,80,BJCllp8qgQE6NBCrkWiFRPgbI1o=,/SfzreH6at1+z6l8j36ZAG/urmc=
-71,88,BJCllp8qgQE6NBCrkWiFRPgbI1o=,/SfzreH6at1+z6l8j36ZAG/urmc=
-76,94,BJCllp8qgQE6NBCrkWiFRPgbI1o=,/SfzreH6at1+z6l8j36ZAG/urmc=
-75,94,BJCllp8qgQE6NBCrkWiFRPgbI1o=,/SfzreH6at1+z6l8j36ZAG/urmc=
-77,94,BJCllp8qgQE6NBCrkWiFRPgbI1o=,/SfzreH6at1+z6l8j36ZAG/urmc=
-72,88,BJCllp8qgQE6NBCrkWiFRPgbI1o=,/SfzreH6at1+z6l8j36ZAG/urmc=
-76,87,BJCllp8qgQE6NBCrkWiFRPgbI1o=,/SfzreH6at1+z6l8j36ZAG/urmc=
-70,81,BJCllp8qgQE6NBCrkWiFRPgbI1o=,/SfzreH6at1+z6l8j36ZAG/urmc=
-80,90,BJCllp8qgQE6NBCrkWiFRPgbI1o=,/SfzreH6at1+z6l8j36ZAG/urmc=
-78,94,BJCllp8qgQE6NBCrkWiFRPgbI1o=,/SfzreH6at1+z6l8j36ZAG/urmc=
-77,89,BJCllp8qgQE6NBCrkWiFRPgbI1o=,/SfzreH6at1+z6l8j36ZAG/urmc=
-78,89,BJCllp8qgQE6NBCrkWiFRPgbI1o=,/SfzreH6at1+z6l8j36ZAG/urmc=
-69,80,BJCllp8qgQE6NBCrkWiFRPgbI1o=,/SfzreH6at1+z6l8j36ZAG/urmc=
-71,81,BJCllp8qgQE6NBCrkWiFRPgbI1o=,/SfzreH6at1+z6l8j36ZAG/urmc=
-79,94,BJCllp8qgQE6NBCrkWiFRPgbI1o=,/SfzreH6at1+z6l8j36ZAG/urmc=
-74,86,BJCllp8qgQE6NBCrkWiFRPgbI1o=,/SfzreH6at1+z6l8j36ZAG/urmc=
-80,95,BJCllp8qgQE6NBCrkWiFRPgbI1o=,/SfzreH6at1+z6l8j36ZAG/urmc=
-78,90,BJCllp8qgQE6NBCrkWiFRPgbI1o=,/SfzreH6at1+z6l8j36ZAG/urmc=
-72,84,BJCllp8qgQE6NBCrkWiFRPgbI1o=,/SfzreH6at1+z6l8j36ZAG/urmc=
-73,86,BJCllp8qgQE6NBCrkWiFRPgbI1o=,/SfzreH6at1+z6l8j36ZAG/urmc=
-70,86,BJCllp8qgQE6NBCrkWiFRPgbI1o=,/SfzreH6at1+z6l8j36ZAG/urmc=
-79,90,BJCllp8qgQE6NBCrkWiFRPgbI1o=,/SfzreH6at1+z6l8j36ZAG/urmc=
-73,84,BJCllp8qgQE6NBCrkWiFRPgbI1o=,/SfzreH6at1+z6l8j36ZAG/urmc=
-74,85,BJCllp8qgQE6NBCrkWiFRPgbI1o=,/SfzreH6at1+z6l8j36ZAG/urmc=
-76,89,BJCllp8qgQE6NBCrkWiFRPgbI1o=,/SfzreH6at1+z6l8j36ZAG/urmc=
-80,94,BJCllp8qgQE6NBCrkWiFRPgbI1o=,/SfzreH6at1+z6l8j36ZAG/urmc=
-68,80,BJCllp8qgQE6NBCrkWiFRPgbI1o=,/SfzreH6at1+z6l8j36ZAG/urmc=
-72,87,BJCllp8qgQE6NBCrkWiFRPgbI1o=,/SfzreH6at1+z6l8j36ZAG/urmc=
-65,80,BJCllp8qgQE6NBCrkWiFRPgbI1o=,/SfzreH6at1+z6l8j36ZAG/urmc=
-71,82,BJCllp8qgQE6NBCrkWiFRPgbI1o=,/SfzreH6at1+z6l8j36ZAG/urmc=
-66,83,BJCllp8qgQE6NBCrkWiFRPgbI1o=,/SfzreH6at1+z6l8j36ZAG/urmc=
-76,90,BJCllp8qgQE6NBCrkWiFRPgbI1o=,/SfzreH6at1+z6l8j36ZAG/urmc=
-79,95,BJCllp8qgQE6NBCrkWiFRPgbI1o=,/SfzreH6at1+z6l8j36ZAG/urmc=
-71,85,BJCllp8qgQE6NBCrkWiFRPgbI1o=,/SfzreH6at1+z6l8j36ZAG/urmc=
-71,87,BJCllp8qgQE6NBCrkWiFRPgbI1o=,/SfzreH6at1+z6l8j36ZAG/urmc=
-74,87,BJCllp8qgQE6NBCrkWiFRPgbI1o=,/SfzreH6at1+z6l8j36ZAG/urmc=
-77,90,BJCllp8qgQE6NBCrkWiFRPgbI1o=,/SfzreH6at1+z6l8j36ZAG/urmc=
-75,90,BJCllp8qgQE6NBCrkWiFRPgbI1o=,/SfzreH6at1+z6l8j36ZAG/urmc=
-73,85,BJCllp8qgQE6NBCrkWiFRPgbI1o=,/SfzreH6at1+z6l8j36ZAG/urmc=
-75,89,BJCllp8qgQE6NBCrkWiFRPgbI1o=,/SfzreH6at1+z6l8j36ZAG/urmc=
-68,83,BJCllp8qgQE6NBCrkWiFRPgbI1o=,/SfzreH6at1+z6l8j36ZAG/urmc=
-70,85,BJCllp8qgQE6NBCrkWiFRPgbI1o=,/SfzreH6at1+z6l8j36ZAG/urmc=
-72,85,BJCllp8qgQE6NBCrkWiFRPgbI1o=,/SfzreH6at1+z6l8j36ZAG/urmc=
-73,90,BJCllp8qgQE6NBCrkWiFRPgbI1o=,/SfzreH6at1+z6l8j36ZAG/urmc=
-67,83,BJCllp8qgQE6NBCrkWiFRPgbI1o=,/SfzreH6at1+z6l8j36ZAG/urmc=
-70,82,BJCllp8qgQE6NBCrkWiFRPgbI1o=,/SfzreH6at1+z6l8j36ZAG/urmc=
-74,90,BJCllp8qgQE6NBCrkWiFRPgbI1o=,/SfzreH6at1+z6l8j36ZAG/urmc=
-65,82,BJCllp8qgQE6NBCrkWiFRPgbI1o=,/SfzreH6at1+z6l8j36ZAG/urmc=
-72,86,BJCllp8qgQE6NBCrkWiFRPgbI1o=,/SfzreH6at1+z6l8j36ZAG/urmc=
-67,81,BJCllp8qgQE6NBCrkWiFRPgbI1o=,/SfzreH6at1+z6l8j36ZAG/urmc=
-70,83,BJCllp8qgQE6NBCrkWiFRPgbI1o=,/SfzreH6at1+z6l8j36ZAG/urmc=
-67,82,BJCllp8qgQE6NBCrkWiFRPgbI1o=,/SfzreH6at1+z6l8j36ZAG/urmc=
-74,91,BJCllp8qgQE6NBCrkWiFRPgbI1o=,/SfzreH6at1+z6l8j36ZAG/urmc=
-80,91,BJCllp8qgQE6NBCrkWiFRPgbI1o=,/SfzreH6at1+z6l8j36ZAG/urmc=
-75,91,BJCllp8qgQE6NBCrkWiFRPgbI1o=,/SfzreH6at1+z6l8j36ZAG/urmc=
-69,82,BJCllp8qgQE6NBCrkWiFRPgbI1o=,/SfzreH6at1+z6l8j36ZAG/urmc=
-71,86,BJCllp8qgQE6NBCrkWiFRPgbI1o=,/SfzreH6at1+z6l8j36ZAG/urmc=
-74,89,BJCllp8qgQE6NBCrkWiFRPgbI1o=,/SfzreH6at1+z6l8j36ZAG/urmc=
-76,91,BJCllp8qgQE6NBCrkWiFRPgbI1o=,/SfzreH6at1+z6l8j36ZAG/urmc=
-79,92,BJCllp8qgQE6NBCrkWiFRPgbI1o=,/SfzreH6at1+z6l8j36ZAG/urmc=
-75,92,BJCllp8qgQE6NBCrkWiFRPgbI1o=,/SfzreH6at1+z6l8j36ZAG/urmc=
-80,92,BJCllp8qgQE6NBCrkWiFRPgbI1o=,/SfzreH6at1+z6l8j36ZAG/urmc=
-76,92,BJCllp8qgQE6NBCrkWiFRPgbI1o=,/SfzreH6at1+z6l8j36ZAG/urmc=
-77,88,BJCllp8qgQE6NBCrkWiFRPgbI1o=,/SfzreH6at1+z6l8j36ZAG/urmc=
-68,82,BJCllp8qgQE6NBCrkWiFRPgbI1o=,/SfzreH6at1+z6l8j36ZAG/urmc=
-69,83,BJCllp8qgQE6NBCrkWiFRPgbI1o=,/SfzreH6at1+z6l8j36ZAG/urmc=
-73,88,BJCllp8qgQE6NBCrkWiFRPgbI1o=,/SfzreH6at1+z6l8j36ZAG/urmc=
-73,89,BJCllp8qgQE6NBCrkWiFRPgbI1o=,/SfzreH6at1+z6l8j36ZAG/urmc=
-79,89,BJCllp8qgQE6NBCrkWiFRPgbI1o=,/SfzreH6at1+z6l8j36ZAG/urmc=
-77,93,BJCllp8qgQE6NBCrkWiFRPgbI1o=,/SfzreH6at1+z6l8j36ZAG/urmc=
-76,88,BJCllp8qgQE6NBCrkWiFRPgbI1o=,/SfzreH6at1+z6l8j36ZAG/urmc=
-78,93,BJCllp8qgQE6NBCrkWiFRPgbI1o=,/SfzreH6at1+z6l8j36ZAG/urmc=
-73,83,BJCllp8qgQE6NBCrkWiFRPgbI1o=,/SfzreH6at1+z6l8j36ZAG/urmc=
-65,83,BJCllp8qgQE6NBCrkWiFRPgbI1o=,/SfzreH6at1+z6l8j36ZAG/urmc=
-72,83,BJCllp8qgQE6NBCrkWiFRPgbI1o=,/SfzreH6at1+z6l8j36ZAG/urmc=
-78,91,BJCllp8qgQE6NBCrkWiFRPgbI1o=,/SfzreH6at1+z6l8j36ZAG/urmc=
-80,93,BJCllp8qgQE6NBCrkWiFRPgbI1o=,/SfzreH6at1+z6l8j36ZAG/urmc=
-78,92,BJCllp8qgQE6NBCrkWiFRPgbI1o=,/SfzreH6at1+z6l8j36ZAG/urmc=
-71,83,BJCllp8qgQE6NBCrkWiFRPgbI1o=,/SfzreH6at1+z6l8j36ZAG/urmc=
-79,91,BJCllp8qgQE6NBCrkWiFRPgbI1o=,/SfzreH6at1+z6l8j36ZAG/urmc=
-74,88,BJCllp8qgQE6NBCrkWiFRPgbI1o=,/SfzreH6at1+z6l8j36ZAG/urmc=
-79,93,BJCllp8qgQE6NBCrkWiFRPgbI1o=,/SfzreH6at1+z6l8j36ZAG/urmc=
-65,81,BJCllp8qgQE6NBCrkWiFRPgbI1o=,/SfzreH6at1+z6l8j36ZAG/urmc=
-77,91,BJCllp8qgQE6NBCrkWiFRPgbI1o=,/SfzreH6at1+z6l8j36ZAG/urmc=
-77,92,BJCllp8qgQE6NBCrkWiFRPgbI1o=,/SfzreH6at1+z6l8j36ZAG/urmc=
-75,88,BJCllp8qgQE6NBCrkWiFRPgbI1o=,/SfzreH6at1+z6l8j36ZAG/urmc=
-66,82,BJCllp8qgQE6NBCrkWiFRPgbI1o=,/SfzreH6at1+z6l8j36ZAG/urmc=
-66,74,H0oUiZz4KFYJRhWe3HgRsyuBq+o=,/SfzreH6at1+z6l8j36ZAG/urmc=
-66,73,H0oUiZz4KFYJRhWe3HgRsyuBq+o=,/SfzreH6at1+z6l8j36ZAG/urmc=
-71,76,H0oUiZz4KFYJRhWe3HgRsyuBq+o=,/SfzreH6at1+z6l8j36ZAG/urmc=
-67,73,H0oUiZz4KFYJRhWe3HgRsyuBq+o=,/SfzreH6at1+z6l8j36ZAG/urmc=
-66,75,H0oUiZz4KFYJRhWe3HgRsyuBq+o=,/SfzreH6at1+z6l8j36ZAG/urmc=
-67,75,H0oUiZz4KFYJRhWe3HgRsyuBq+o=,/SfzreH6at1+z6l8j36ZAG/urmc=
-67,74,H0oUiZz4KFYJRhWe3HgRsyuBq+o=,/SfzreH6at1+z6l8j36ZAG/urmc=
-68,74,H0oUiZz4KFYJRhWe3HgRsyuBq+o=,/SfzreH6at1+z6l8j36ZAG/urmc=
-69,74,H0oUiZz4KFYJRhWe3HgRsyuBq+o=,/SfzreH6at1+z6l8j36ZAG/urmc=
-68,73,H0oUiZz4KFYJRhWe3HgRsyuBq+o=,/SfzreH6at1+z6l8j36ZAG/urmc=
-69,73,H0oUiZz4KFYJRhWe3HgRsyuBq+o=,/SfzreH6at1+z6l8j36ZAG/urmc=
-68,75,H0oUiZz4KFYJRhWe3HgRsyuBq+o=,/SfzreH6at1+z6l8j36ZAG/urmc=
-66,78,H0oUiZz4KFYJRhWe3HgRsyuBq+o=,/SfzreH6at1+z6l8j36ZAG/urmc=
-67,78,H0oUiZz4KFYJRhWe3HgRsyuBq+o=,/SfzreH6at1+z6l8j36ZAG/urmc=
-68,78,H0oUiZz4KFYJRhWe3HgRsyuBq+o=,/SfzreH6at1+z6l8j36ZAG/urmc=
-70,73,H0oUiZz4KFYJRhWe3HgRsyuBq+o=,/SfzreH6at1+z6l8j36ZAG/urmc=
-69,75,H0oUiZz4KFYJRhWe3HgRsyuBq+o=,/SfzreH6at1+z6l8j36ZAG/urmc=
-69,78,H0oUiZz4KFYJRhWe3HgRsyuBq+o=,/SfzreH6at1+z6l8j36ZAG/urmc=
-70,78,H0oUiZz4KFYJRhWe3HgRsyuBq+o=,/SfzreH6at1+z6l8j36ZAG/urmc=
-71,78,H0oUiZz4KFYJRhWe3HgRsyuBq+o=,/SfzreH6at1+z6l8j36ZAG/urmc=
-70,74,H0oUiZz4KFYJRhWe3HgRsyuBq+o=,/SfzreH6at1+z6l8j36ZAG/urmc=
-66,77,H0oUiZz4KFYJRhWe3HgRsyuBq+o=,/SfzreH6at1+z6l8j36ZAG/urmc=
-67,77,H0oUiZz4KFYJRhWe3HgRsyuBq+o=,/SfzreH6at1+z6l8j36ZAG/urmc=
-68,77,H0oUiZz4KFYJRhWe3HgRsyuBq+o=,/SfzreH6at1+z6l8j36ZAG/urmc=
-69,77,H0oUiZz4KFYJRhWe3HgRsyuBq+o=,/SfzreH6at1+z6l8j36ZAG/urmc=
-70,77,H0oUiZz4KFYJRhWe3HgRsyuBq+o=,/SfzreH6at1+z6l8j36ZAG/urmc=
-71,77,H0oUiZz4KFYJRhWe3HgRsyuBq+o=,/SfzreH6at1+z6l8j36ZAG/urmc=
-71,73,H0oUiZz4KFYJRhWe3HgRsyuBq+o=,/SfzreH6at1+z6l8j36ZAG/urmc=
-71,74,H0oUiZz4KFYJRhWe3HgRsyuBq+o=,/SfzreH6at1+z6l8j36ZAG/urmc=
-66,76,H0oUiZz4KFYJRhWe3HgRsyuBq+o=,/SfzreH6at1+z6l8j36ZAG/urmc=
-70,75,H0oUiZz4KFYJRhWe3HgRsyuBq+o=,/SfzreH6at1+z6l8j36ZAG/urmc=
-67,76,H0oUiZz4KFYJRhWe3HgRsyuBq+o=,/SfzreH6at1+z6l8j36ZAG/urmc=
-71,75,H0oUiZz4KFYJRhWe3HgRsyuBq+o=,/SfzreH6at1+z6l8j36ZAG/urmc=
-68,76,H0oUiZz4KFYJRhWe3HgRsyuBq+o=,/SfzreH6at1+z6l8j36ZAG/urmc=
-69,76,H0oUiZz4KFYJRhWe3HgRsyuBq+o=,/SfzreH6at1+z6l8j36ZAG/urmc=
-70,76,H0oUiZz4KFYJRhWe3HgRsyuBq+o=,/SfzreH6at1+z6l8j36ZAG/urmc=
-68,72,H0oUiZz4KFYJRhWe3HgRsyuBq+o=,/SfzreH6at1+z6l8j36ZAG/urmc=
-70,72,H0oUiZz4KFYJRhWe3HgRsyuBq+o=,/SfzreH6at1+z6l8j36ZAG/urmc=
-67,72,H0oUiZz4KFYJRhWe3HgRsyuBq+o=,/SfzreH6at1+z6l8j36ZAG/urmc=
-66,72,H0oUiZz4KFYJRhWe3HgRsyuBq+o=,/SfzreH6at1+z6l8j36ZAG/urmc=
-69,72,H0oUiZz4KFYJRhWe3HgRsyuBq+o=,/SfzreH6at1+z6l8j36ZAG/urmc=
-71,72,H0oUiZz4KFYJRhWe3HgRsyuBq+o=,/SfzreH6at1+z6l8j36ZAG/urmc=
-72,75,H0oUiZz4KFYJRhWe3HgRsyuBq+o=,/SfzreH6at1+z6l8j36ZAG/urmc=
-72,76,H0oUiZz4KFYJRhWe3HgRsyuBq+o=,/SfzreH6at1+z6l8j36ZAG/urmc=
-72,77,H0oUiZz4KFYJRhWe3HgRsyuBq+o=,/SfzreH6at1+z6l8j36ZAG/urmc=
-72,74,H0oUiZz4KFYJRhWe3HgRsyuBq+o=,/SfzreH6at1+z6l8j36ZAG/urmc=
-72,73,H0oUiZz4KFYJRhWe3HgRsyuBq+o=,/SfzreH6at1+z6l8j36ZAG/urmc=
-72,78,H0oUiZz4KFYJRhWe3HgRsyuBq+o=,/SfzreH6at1+z6l8j36ZAG/urmc=
-72,72,H0oUiZz4KFYJRhWe3HgRsyuBq+o=,/SfzreH6at1+z6l8j36ZAG/urmc=
-65,75,H0oUiZz4KFYJRhWe3HgRsyuBq+o=,/SfzreH6at1+z6l8j36ZAG/urmc=
-65,73,H0oUiZz4KFYJRhWe3HgRsyuBq+o=,/SfzreH6at1+z6l8j36ZAG/urmc=
-65,74,H0oUiZz4KFYJRhWe3HgRsyuBq+o=,/SfzreH6at1+z6l8j36ZAG/urmc=
-65,76,H0oUiZz4KFYJRhWe3HgRsyuBq+o=,/SfzreH6at1+z6l8j36ZAG/urmc=
-65,72,H0oUiZz4KFYJRhWe3HgRsyuBq+o=,/SfzreH6at1+z6l8j36ZAG/urmc=
-65,77,H0oUiZz4KFYJRhWe3HgRsyuBq+o=,/SfzreH6at1+z6l8j36ZAG/urmc=
-65,78,H0oUiZz4KFYJRhWe3HgRsyuBq+o=,/SfzreH6at1+z6l8j36ZAG/urmc=
-66,79,H0oUiZz4KFYJRhWe3HgRsyuBq+o=,/SfzreH6at1+z6l8j36ZAG/urmc=
-72,79,H0oUiZz4KFYJRhWe3HgRsyuBq+o=,/SfzreH6at1+z6l8j36ZAG/urmc=
-71,79,H0oUiZz4KFYJRhWe3HgRsyuBq+o=,/SfzreH6at1+z6l8j36ZAG/urmc=
-67,79,H0oUiZz4KFYJRhWe3HgRsyuBq+o=,/SfzreH6at1+z6l8j36ZAG/urmc=
-70,79,H0oUiZz4KFYJRhWe3HgRsyuBq+o=,/SfzreH6at1+z6l8j36ZAG/urmc=
-68,79,H0oUiZz4KFYJRhWe3HgRsyuBq+o=,/SfzreH6at1+z6l8j36ZAG/urmc=
-65,79,H0oUiZz4KFYJRhWe3HgRsyuBq+o=,/SfzreH6at1+z6l8j36ZAG/urmc=
-69,79,H0oUiZz4KFYJRhWe3HgRsyuBq+o=,/SfzreH6at1+z6l8j36ZAG/urmc=
