-71,-7,KXyNY/tQiAqRAD7yNHc2BZNd+tc=,/SfzreH6at1+z6l8j36ZAG/urmc=
-65,-6,KXyNY/tQiAqRAD7yNHc2BZNd+tc=,/SfzreH6at1+z6l8j36ZAG/urmc=
-65,-7,KXyNY/tQiAqRAD7yNHc2BZNd+tc=,/SfzreH6at1+z6l8j36ZAG/urmc=
-66,-7,KXyNY/tQiAqRAD7yNHc2BZNd+tc=,/SfzreH6at1+z6l8j36ZAG/urmc=
-65,-8,KXyNY/tQiAqRAD7yNHc2BZNd+tc=,/SfzreH6at1+z6l8j36ZAG/urmc=
-67,-8,KXyNY/tQiAqRAD7yNHc2BZNd+tc=,/SfzreH6at1+z6l8j36ZAG/urmc=
-65,-3,KXyNY/tQiAqRAD7yNHc2BZNd+tc=,/SfzreH6at1+z6l8j36ZAG/urmc=
-66,-6,KXyNY/tQiAqRAD7yNHc2BZNd+tc=,/SfzreH6at1+z6l8j36ZAG/urmc=
-69,-8,KXyNY/tQiAqRAD7yNHc2BZNd+tc=,/SfzreH6at1+z6l8j36ZAG/urmc=
-65,-5,KXyNY/tQiAqRAD7yNHc2BZNd+tc=,/SfzreH6at1+z6l8j36ZAG/urmc=
-66,-5,KXyNY/tQiAqRAD7yNHc2BZNd+tc=,/SfzreH6at1+z6l8j36ZAG/urmc=
-67,-5,KXyNY/tQiAqRAD7yNHc2BZNd+tc=,/SfzreH6at1+z6l8j36ZAG/urmc=
-68,-5,KXyNY/tQiAqRAD7yNHc2BZNd+tc=,/SfzreH6at1+z6l8j36ZAG/urmc=
-67,-6,KXyNY/tQiAqRAD7yNHc2BZNd+tc=,/SfzreH6at1+z6l8j36ZAG/urmc=
-69,-5,KXyNY/tQiAqRAD7yNHc2BZNd+tc=,/SfzreH6at1+z6l8j36ZAG/urmc=
-68,-8,KXyNY/tQiAqRAD7yNHc2BZNd+tc=,/SfzreH6at1+z6l8j36ZAG/urmc=
-67,-7,KXyNY/tQiAqRAD7yNHc2BZNd+tc=,/SfzreH6at1+z6l8j36ZAG/urmc=
-68,-6,KXyNY/tQiAqRAD7yNHc2BZNd+tc=,/SfzreH6at1+z6l8j36ZAG/urmc=
-69,-6,KXyNY/tQiAqRAD7yNHc2BZNd+tc=,/SfzreH6at1+z6l8j36ZAG/urmc=
-70,-6,KXyNY/tQiAqRAD7yNHc2BZNd+tc=,/SfzreH6at1+z6l8j36ZAG/urmc=
-70,-8,KXyNY/tQiAqRAD7yNHc2BZNd+tc=,/SfzreH6at1+z6l8j36ZAG/urmc=
-68,-7,KXyNY/tQiAqRAD7yNHc2BZNd+tc=,/SfzreH6at1+z6l8j36ZAG/urmc=
-66,-3,KXyNY/tQiAqRAD7yNHc2BZNd+tc=,/SfzreH6at1+z6l8j36ZAG/urmc=
-65,-4,KXyNY/tQiAqRAD7yNHc2BZNd+tc=,/SfzreH6at1+z6l8j36ZAG/urmc=
-66,-4,KXyNY/tQiAqRAD7yNHc2BZNd+tc=,/SfzreH6at1+z6l8j36ZAG/urmc=
-67,-4,KXyNY/tQiAqRAD7yNHc2BZNd+tc=,/SfzreH6at1+z6l8j36ZAG/urmc=
-68,-4,KXyNY/tQiAqRAD7yNHc2BZNd+tc=,/SfzreH6at1+z6l8j36ZAG/urmc=
-70,-5,KXyNY/tQiAqRAD7yNHc2BZNd+tc=,/SfzreH6at1+z6l8j36ZAG/urmc=
-72,-7,KXyNY/tQiAqRAD7yNHc2BZNd+tc=,/SfzreH6at1+z6l8j36ZAG/urmc=
-72,-5,KXyNY/tQiAqRAD7yNHc2BZNd+tc=,/SfzreH6at1+z6l8j36ZAG/urmc=
-80,-8,KXyNY/tQiAqRAD7yNHc2BZNd+tc=,/SfzreH6at1+z6l8j36ZAG/urmc=
-79,-8,KXyNY/tQiAqRAD7yNHc2BZNd+tc=,/SfzreH6at1+z6l8j36ZAG/urmc=
-78,-8,KXyNY/tQiAqRAD7yNHc2BZNd+tc=,/SfzreH6at1+z6l8j36ZAG/urmc=
-77,-8,KXyNY/tQiAqRAD7yNHc2BZNd+tc=,/SfzreH6at1+z6l8j36ZAG/urmc=
-76,-8,KXyNY/tQiAqRAD7yNHc2BZNd+tc=,/SfzreH6at1+z6l8j36ZAG/urmc=
-75,-8,KXyNY/tQiAqRAD7yNHc2BZNd+tc=,/SfzreH6at1+z6l8j36ZAG/urmc=
-74,-8,KXyNY/tQiAqRAD7yNHc2BZNd+tc=,/SfzreH6at1+z6l8j36ZAG/urmc=
-73,-8,KXyNY/tQiAqRAD7yNHc2BZNd+tc=,/SfzreH6at1+z6l8j36ZAG/urmc=
-80,-7,KXyNY/tQiAqRAD7yNHc2BZNd+tc=,/SfzreH6at1+z6l8j36ZAG/urmc=
-79,-7,KXyNY/tQiAqRAD7yNHc2BZNd+tc=,/SfzreH6at1+z6l8j36ZAG/urmc=
-78,-7,KXyNY/tQiAqRAD7yNHc2BZNd+tc=,/SfzreH6at1+z6l8j36ZAG/urmc=
-77,-7,KXyNY/tQiAqRAD7yNHc2BZNd+tc=,/SfzreH6at1+z6l8j36ZAG/urmc=
-76,-7,KXyNY/tQiAqRAD7yNHc2BZNd+tc=,/SfzreH6at1+z6l8j36ZAG/urmc=
-75,-7,KXyNY/tQiAqRAD7yNHc2BZNd+tc=,/SfzreH6at1+z6l8j36ZAG/urmc=
-72,-6,KXyNY/tQiAqRAD7yNHc2BZNd+tc=,/SfzreH6at1+z6l8j36ZAG/urmc=
-74,-7,KXyNY/tQiAqRAD7yNHc2BZNd+tc=,/SfzreH6at1+z6l8j36ZAG/urmc=
-73,-7,KXyNY/tQiAqRAD7yNHc2BZNd+tc=,/SfzreH6at1+z6l8j36ZAG/urmc=
-80,-6,KXyNY/tQiAqRAD7yNHc2BZNd+tc=,/SfzreH6at1+z6l8j36ZAG/urmc=
-79,-6,KXyNY/tQiAqRAD7yNHc2BZNd+tc=,/SfzreH6at1+z6l8j36ZAG/urmc=
-78,-6,KXyNY/tQiAqRAD7yNHc2BZNd+tc=,/SfzreH6at1+z6l8j36ZAG/urmc=
-77,-6,KXyNY/tQiAqRAD7yNHc2BZNd+tc=,/SfzreH6at1+z6l8j36ZAG/urmc=
-76,-6,KXyNY/tQiAqRAD7yNHc2BZNd+tc=,/SfzreH6at1+z6l8j36ZAG/urmc=
-75,-6,KXyNY/tQiAqRAD7yNHc2BZNd+tc=,/SfzreH6at1+z6l8j36ZAG/urmc=
-74,-6,KXyNY/tQiAqRAD7yNHc2BZNd+tc=,/SfzreH6at1+z6l8j36ZAG/urmc=
-72,-8,KXyNY/tQiAqRAD7yNHc2BZNd+tc=,/SfzreH6at1+z6l8j36ZAG/urmc=
-65,-2,KXyNY/tQiAqRAD7yNHc2BZNd+tc=,/SfzreH6at1+z6l8j36ZAG/urmc=
-71,-6,KXyNY/tQiAqRAD7yNHc2BZNd+tc=,/SfzreH6at1+z6l8j36ZAG/urmc=
-71,-8,KXyNY/tQiAqRAD7yNHc2BZNd+tc=,/SfzreH6at1+z6l8j36ZAG/urmc=
-69,-7,KXyNY/tQiAqRAD7yNHc2BZNd+tc=,/SfzreH6at1+z6l8j36ZAG/urmc=
-66,-8,KXyNY/tQiAqRAD7yNHc2BZNd+tc=,/SfzreH6at1+z6l8j36ZAG/urmc=
-71,-5,KXyNY/tQiAqRAD7yNHc2BZNd+tc=,/SfzreH6at1+z6l8j36ZAG/urmc=
-76,-3,KXyNY/tQiAqRAD7yNHc2BZNd+tc=,/SfzreH6at1+z6l8j36ZAG/urmc=
-66,-2,KXyNY/tQiAqRAD7yNHc2BZNd+tc=,/SfzreH6at1+z6l8j36ZAG/urmc=
-70,-4,KXyNY/tQiAqRAD7yNHc2BZNd+tc=,/SfzreH6at1+z6l8j36ZAG/urmc=
-73,-4,KXyNY/tQiAqRAD7yNHc2BZNd+tc=,/SfzreH6at1+z6l8j36ZAG/urmc=
-69,-4,KXyNY/tQiAqRAD7yNHc2BZNd+tc=,/SfzreH6at1+z6l8j36ZAG/urmc=
-68,-2,KXyNY/tQiAqRAD7yNHc2BZNd+tc=,/SfzreH6at1+z6l8j36ZAG/urmc=
-70,-7,KXyNY/tQiAqRAD7yNHc2BZNd+tc=,/SfzreH6at1+z6l8j36ZAG/urmc=
-75,-4,KXyNY/tQiAqRAD7yNHc2BZNd+tc=,/SfzreH6at1+z6l8j36ZAG/urmc=
-74,-4,KXyNY/tQiAqRAD7yNHc2BZNd+tc=,/SfzreH6at1+z6l8j36ZAG/urmc=
-68,-3,KXyNY/tQiAqRAD7yNHc2BZNd+tc=,/SfzreH6at1+z6l8j36ZAG/urmc=
-72,-4,KXyNY/tQiAqRAD7yNHc2BZNd+tc=,/SfzreH6at1+z6l8j36ZAG/urmc=
-67,-1,KXyNY/tQiAqRAD7yNHc2BZNd+tc=,/SfzreH6at1+z6l8j36ZAG/urmc=
-67,-3,KXyNY/tQiAqRAD7yNHc2BZNd+tc=,/SfzreH6at1+z6l8j36ZAG/urmc=
-76,-4,KXyNY/tQiAqRAD7yNHc2BZNd+tc=,/SfzreH6at1+z6l8j36ZAG/urmc=
-77,-4,KXyNY/tQiAqRAD7yNHc2BZNd+tc=,/SfzreH6at1+z6l8j36ZAG/urmc=
-72,-2,KXyNY/tQiAqRAD7yNHc2BZNd+tc=,/SfzreH6at1+z6l8j36ZAG/urmc=
-78,-4,KXyNY/tQiAqRAD7yNHc2BZNd+tc=,/SfzreH6at1+z6l8j36ZAG/urmc=
-67,-2,KXyNY/tQiAqRAD7yNHc2BZNd+tc=,/SfzreH6at1+z6l8j36ZAG/urmc=
-72,-3,KXyNY/tQiAqRAD7yNHc2BZNd+tc=,/SfzreH6at1+z6l8j36ZAG/urmc=
-65,-1,KXyNY/tQiAqRAD7yNHc2BZNd+tc=,/SfzreH6at1+z6l8j36ZAG/urmc=
-80,-3,KXyNY/tQiAqRAD7yNHc2BZNd+tc=,/SfzreH6at1+z6l8j36ZAG/urmc=
-66,-1,KXyNY/tQiAqRAD7yNHc2BZNd+tc=,/SfzreH6at1+z6l8j36ZAG/urmc=
-73,-5,KXyNY/tQiAqRAD7yNHc2BZNd+tc=,/SfzreH6at1+z6l8j36ZAG/urmc=
-74,-5,KXyNY/tQiAqRAD7yNHc2BZNd+tc=,/SfzreH6at1+z6l8j36ZAG/urmc=
-75,-5,KXyNY/tQiAqRAD7yNHc2BZNd+tc=,/SfzreH6at1+z6l8j36ZAG/urmc=
-68,-1,KXyNY/tQiAqRAD7yNHc2BZNd+tc=,/SfzreH6at1+z6l8j36ZAG/urmc=
-76,-2,KXyNY/tQiAqRAD7yNHc2BZNd+tc=,/SfzreH6at1+z6l8j36ZAG/urmc=
-71,-3,KXyNY/tQiAqRAD7yNHc2BZNd+tc=,/SfzreH6at1+z6l8j36ZAG/urmc=
-72,-1,KXyNY/tQiAqRAD7yNHc2BZNd+tc=,/SfzreH6at1+z6l8j36ZAG/urmc=
-74,-2,KXyNY/tQiAqRAD7yNHc2BZNd+tc=,/SfzreH6at1+z6l8j36ZAG/urmc=
-79,-4,KXyNY/tQiAqRAD7yNHc2BZNd+tc=,/SfzreH6at1+z6l8j36ZAG/urmc=
-77,-2,KXyNY/tQiAqRAD7yNHc2BZNd+tc=,/SfzreH6at1+z6l8j36ZAG/urmc=
-71,-4,KXyNY/tQiAqRAD7yNHc2BZNd+tc=,/SfzreH6at1+z6l8j36ZAG/urmc=
-80,-2,KXyNY/tQiAqRAD7yNHc2BZNd+tc=,/SfzreH6at1+z6l8j36ZAG/urmc=
-75,-2,KXyNY/tQiAqRAD7yNHc2BZNd+tc=,/SfzreH6at1+z6l8j36ZAG/urmc=
-79,-2,KXyNY/tQiAqRAD7yNHc2BZNd+tc=,/SfzreH6at1+z6l8j36ZAG/urmc=
-79,-3,KXyNY/tQiAqRAD7yNHc2BZNd+tc=,/SfzreH6at1+z6l8j36ZAG/urmc=
-80,-4,KXyNY/tQiAqRAD7yNHc2BZNd+tc=,/SfzreH6at1+z6l8j36ZAG/urmc=
-71,-2,KXyNY/tQiAqRAD7yNHc2BZNd+tc=,/SfzreH6at1+z6l8j36ZAG/urmc=
-71,-1,KXyNY/tQiAqRAD7yNHc2BZNd+tc=,/SfzreH6at1+z6l8j36ZAG/urmc=
-73,-6,KXyNY/tQiAqRAD7yNHc2BZNd+tc=,/SfzreH6at1+z6l8j36ZAG/urmc=
-70,-3,KXyNY/tQiAqRAD7yNHc2BZNd+tc=,/SfzreH6at1+z6l8j36ZAG/urmc=
-69,-3,KXyNY/tQiAqRAD7yNHc2BZNd+tc=,/SfzreH6at1+z6l8j36ZAG/urmc=
-78,-5,KXyNY/tQiAqRAD7yNHc2BZNd+tc=,/SfzreH6at1+z6l8j36ZAG/urmc=
-77,-5,KXyNY/tQiAqRAD7yNHc2BZNd+tc=,/SfzreH6at1+z6l8j36ZAG/urmc=
-76,-5,KXyNY/tQiAqRAD7yNHc2BZNd+tc=,/SfzreH6at1+z6l8j36ZAG/urmc=
-79,-5,KXyNY/tQiAqRAD7yNHc2BZNd+tc=,/SfzreH6at1+z6l8j36ZAG/urmc=
-80,-5,KXyNY/tQiAqRAD7yNHc2BZNd+tc=,/SfzreH6at1+z6l8j36ZAG/urmc=
-78,-2,KXyNY/tQiAqRAD7yNHc2BZNd+tc=,/SfzreH6at1+z6l8j36ZAG/urmc=
-70,-1,KXyNY/tQiAqRAD7yNHc2BZNd+tc=,/SfzreH6at1+z6l8j36ZAG/urmc=
-69,-2,KXyNY/tQiAqRAD7yNHc2BZNd+tc=,/SfzreH6at1+z6l8j36ZAG/urmc=
-70,-2,KXyNY/tQiAqRAD7yNHc2BZNd+tc=,/SfzreH6at1+z6l8j36ZAG/urmc=
-78,-3,KXyNY/tQiAqRAD7yNHc2BZNd+tc=,/SfzreH6at1+z6l8j36ZAG/urmc=
-77,-3,KXyNY/tQiAqRAD7yNHc2BZNd+tc=,/SfzreH6at1+z6l8j36ZAG/urmc=
-73,-2,KXyNY/tQiAqRAD7yNHc2BZNd+tc=,/SfzreH6at1+z6l8j36ZAG/urmc=
-69,-1,KXyNY/tQiAqRAD7yNHc2BZNd+tc=,/SfzreH6at1+z6l8j36ZAG/urmc=
-75,-3,KXyNY/tQiAqRAD7yNHc2BZNd+tc=,/SfzreH6at1+z6l8j36ZAG/urmc=
-78,-1,KXyNY/tQiAqRAD7yNHc2BZNd+tc=,/SfzreH6at1+z6l8j36ZAG/urmc=
-77,-1,KXyNY/tQiAqRAD7yNHc2BZNd+tc=,/SfzreH6at1+z6l8j36ZAG/urmc=
-76,-1,KXyNY/tQiAqRAD7yNHc2BZNd+tc=,/SfzreH6at1+z6l8j36ZAG/urmc=
-74,-1,KXyNY/tQiAqRAD7yNHc2BZNd+tc=,/SfzreH6at1+z6l8j36ZAG/urmc=
-73,-3,KXyNY/tQiAqRAD7yNHc2BZNd+tc=,/SfzreH6at1+z6l8j36ZAG/urmc=
-80,-1,KXyNY/tQiAqRAD7yNHc2BZNd+tc=,/SfzreH6at1+z6l8j36ZAG/urmc=
-79,-1,KXyNY/tQiAqRAD7yNHc2BZNd+tc=,/SfzreH6at1+z6l8j36ZAG/urmc=
-75,-1,KXyNY/tQiAqRAD7yNHc2BZNd+tc=,/SfzreH6at1+z6l8j36ZAG/urmc=
-74,-3,KXyNY/tQiAqRAD7yNHc2BZNd+tc=,/SfzreH6at1+z6l8j36ZAG/urmc=
-73,-1,KXyNY/tQiAqRAD7yNHc2BZNd+tc=,/SfzreH6at1+z6l8j36ZAG/urmc=
-95,-6,WGXoUVDCzC9XK8/GDxMqX5+DNAo=,/SfzreH6at1+z6l8j36ZAG/urmc=
-94,-6,WGXoUVDCzC9XK8/GDxMqX5+DNAo=,/SfzreH6at1+z6l8j36ZAG/urmc=
-93,-6,WGXoUVDCzC9XK8/GDxMqX5+DNAo=,/SfzreH6at1+z6l8j36ZAG/urmc=
-92,-6,WGXoUVDCzC9XK8/GDxMqX5+DNAo=,/SfzreH6at1+z6l8j36ZAG/urmc=
-91,-6,WGXoUVDCzC9XK8/GDxMqX5+DNAo=,/SfzreH6at1+z6l8j36ZAG/urmc=
-90,-6,WGXoUVDCzC9XK8/GDxMqX5+DNAo=,/SfzreH6at1+z6l8j36ZAG/urmc=
-95,-5,WGXoUVDCzC9XK8/GDxMqX5+DNAo=,/SfzreH6at1+z6l8j36ZAG/urmc=
-94,-5,WGXoUVDCzC9XK8/GDxMqX5+DNAo=,/SfzreH6at1+z6l8j36ZAG/urmc=
-93,-5,WGXoUVDCzC9XK8/GDxMqX5+DNAo=,/SfzreH6at1+z6l8j36ZAG/urmc=
-92,-5,WGXoUVDCzC9XK8/GDxMqX5+DNAo=,/SfzreH6at1+z6l8j36ZAG/urmc=
-91,-5,WGXoUVDCzC9XK8/GDxMqX5+DNAo=,/SfzreH6at1+z6l8j36ZAG/urmc=
-90,-5,WGXoUVDCzC9XK8/GDxMqX5+DNAo=,/SfzreH6at1+z6l8j36ZAG/urmc=
-95,-4,WGXoUVDCzC9XK8/GDxMqX5+DNAo=,/SfzreH6at1+z6l8j36ZAG/urmc=
-94,-4,WGXoUVDCzC9XK8/GDxMqX5+DNAo=,/SfzreH6at1+z6l8j36ZAG/urmc=
-93,-4,WGXoUVDCzC9XK8/GDxMqX5+DNAo=,/SfzreH6at1+z6l8j36ZAG/urmc=
-92,-4,WGXoUVDCzC9XK8/GDxMqX5+DNAo=,/SfzreH6at1+z6l8j36ZAG/urmc=
-91,-4,WGXoUVDCzC9XK8/GDxMqX5+DNAo=,/SfzreH6at1+z6l8j36ZAG/urmc=
-90,-4,WGXoUVDCzC9XK8/GDxMqX5+DNAo=,/SfzreH6at1+z6l8j36ZAG/urmc=
-95,-3,WGXoUVDCzC9XK8/GDxMqX5+DNAo=,/SfzreH6at1+z6l8j36ZAG/urmc=
-94,-3,WGXoUVDCzC9XK8/GDxMqX5+DNAo=,/SfzreH6at1+z6l8j36ZAG/urmc=
-93,-3,WGXoUVDCzC9XK8/GDxMqX5+DNAo=,/SfzreH6at1+z6l8j36ZAG/urmc=
-92,-3,WGXoUVDCzC9XK8/GDxMqX5+DNAo=,/SfzreH6at1+z6l8j36ZAG/urmc=
-91,-3,WGXoUVDCzC9XK8/GDxMqX5+DNAo=,/SfzreH6at1+z6l8j36ZAG/urmc=
-90,-3,WGXoUVDCzC9XK8/GDxMqX5+DNAo=,/SfzreH6at1+z6l8j36ZAG/urmc=
-95,-2,WGXoUVDCzC9XK8/GDxMqX5+DNAo=,/SfzreH6at1+z6l8j36ZAG/urmc=
-94,-2,WGXoUVDCzC9XK8/GDxMqX5+DNAo=,/SfzreH6at1+z6l8j36ZAG/urmc=
-90,-7,WGXoUVDCzC9XK8/GDxMqX5+DNAo=,/SfzreH6at1+z6l8j36ZAG/urmc=
-91,-7,WGXoUVDCzC9XK8/GDxMqX5+DNAo=,/SfzreH6at1+z6l8j36ZAG/urmc=
-92,-7,WGXoUVDCzC9XK8/GDxMqX5+DNAo=,/SfzreH6at1+z6l8j36ZAG/urmc=
-93,-7,WGXoUVDCzC9XK8/GDxMqX5+DNAo=,/SfzreH6at1+z6l8j36ZAG/urmc=
-94,-7,WGXoUVDCzC9XK8/GDxMqX5+DNAo=,/SfzreH6at1+z6l8j36ZAG/urmc=
-93,-2,WGXoUVDCzC9XK8/GDxMqX5+DNAo=,/SfzreH6at1+z6l8j36ZAG/urmc=
-92,-2,WGXoUVDCzC9XK8/GDxMqX5+DNAo=,/SfzreH6at1+z6l8j36ZAG/urmc=
-91,-2,WGXoUVDCzC9XK8/GDxMqX5+DNAo=,/SfzreH6at1+z6l8j36ZAG/urmc=
-90,-2,WGXoUVDCzC9XK8/GDxMqX5+DNAo=,/SfzreH6at1+z6l8j36ZAG/urmc=
-95,-8,WGXoUVDCzC9XK8/GDxMqX5+DNAo=,/SfzreH6at1+z6l8j36ZAG/urmc=
-94,-8,WGXoUVDCzC9XK8/GDxMqX5+DNAo=,/SfzreH6at1+z6l8j36ZAG/urmc=
-93,-8,WGXoUVDCzC9XK8/GDxMqX5+DNAo=,/SfzreH6at1+z6l8j36ZAG/urmc=
-92,-8,WGXoUVDCzC9XK8/GDxMqX5+DNAo=,/SfzreH6at1+z6l8j36ZAG/urmc=
-95,-7,WGXoUVDCzC9XK8/GDxMqX5+DNAo=,/SfzreH6at1+z6l8j36ZAG/urmc=
-90,-8,WGXoUVDCzC9XK8/GDxMqX5+DNAo=,/SfzreH6at1+z6l8j36ZAG/urmc=
-91,-8,WGXoUVDCzC9XK8/GDxMqX5+DNAo=,/SfzreH6at1+z6l8j36ZAG/urmc=
-96,-6,WGXoUVDCzC9XK8/GDxMqX5+DNAo=,/SfzreH6at1+z6l8j36ZAG/urmc=
-96,-5,WGXoUVDCzC9XK8/GDxMqX5+DNAo=,/SfzreH6at1+z6l8j36ZAG/urmc=
-96,-4,WGXoUVDCzC9XK8/GDxMqX5+DNAo=,/SfzreH6at1+z6l8j36ZAG/urmc=
-96,-3,WGXoUVDCzC9XK8/GDxMqX5+DNAo=,/SfzreH6at1+z6l8j36ZAG/urmc=
-96,-2,WGXoUVDCzC9XK8/GDxMqX5+DNAo=,/SfzreH6at1+z6l8j36ZAG/urmc=
-96,-7,WGXoUVDCzC9XK8/GDxMqX5+DNAo=,/SfzreH6at1+z6l8j36ZAG/urmc=
-82,-8,WGXoUVDCzC9XK8/GDxMqX5+DNAo=,/SfzreH6at1+z6l8j36ZAG/urmc=
-89,-6,WGXoUVDCzC9XK8/GDxMqX5+DNAo=,/SfzreH6at1+z6l8j36ZAG/urmc=
-89,-5,WGXoUVDCzC9XK8/GDxMqX5+DNAo=,/SfzreH6at1+z6l8j36ZAG/urmc=
-89,-4,WGXoUVDCzC9XK8/GDxMqX5+DNAo=,/SfzreH6at1+z6l8j36ZAG/urmc=
-88,-3,WGXoUVDCzC9XK8/GDxMqX5+DNAo=,/SfzreH6at1+z6l8j36ZAG/urmc=
-88,-8,WGXoUVDCzC9XK8/GDxMqX5+DNAo=,/SfzreH6at1+z6l8j36ZAG/urmc=
-87,-8,WGXoUVDCzC9XK8/GDxMqX5+DNAo=,/SfzreH6at1+z6l8j36ZAG/urmc=
-87,-3,WGXoUVDCzC9XK8/GDxMqX5+DNAo=,/SfzreH6at1+z6l8j36ZAG/urmc=
-89,-3,WGXoUVDCzC9XK8/GDxMqX5+DNAo=,/SfzreH6at1+z6l8j36ZAG/urmc=
-88,-6,WGXoUVDCzC9XK8/GDxMqX5+DNAo=,/SfzreH6at1+z6l8j36ZAG/urmc=
-86,-3,WGXoUVDCzC9XK8/GDxMqX5+DNAo=,/SfzreH6at1+z6l8j36ZAG/urmc=
-89,-7,WGXoUVDCzC9XK8/GDxMqX5+DNAo=,/SfzreH6at1+z6l8j36ZAG/urmc=
-83,-8,WGXoUVDCzC9XK8/GDxMqX5+DNAo=,/SfzreH6at1+z6l8j36ZAG/urmc=
-82,-6,WGXoUVDCzC9XK8/GDxMqX5+DNAo=,/SfzreH6at1+z6l8j36ZAG/urmc=
-82,-7,WGXoUVDCzC9XK8/GDxMqX5+DNAo=,/SfzreH6at1+z6l8j36ZAG/urmc=
-83,-7,WGXoUVDCzC9XK8/GDxMqX5+DNAo=,/SfzreH6at1+z6l8j36ZAG/urmc=
-89,-8,WGXoUVDCzC9XK8/GDxMqX5+DNAo=,/SfzreH6at1+z6l8j36ZAG/urmc=
-84,-7,WGXoUVDCzC9XK8/GDxMqX5+DNAo=,/SfzreH6at1+z6l8j36ZAG/urmc=
-85,-7,WGXoUVDCzC9XK8/GDxMqX5+DNAo=,/SfzreH6at1+z6l8j36ZAG/urmc=
-82,-1,WGXoUVDCzC9XK8/GDxMqX5+DNAo=,/SfzreH6at1+z6l8j36ZAG/urmc=
-83,-6,WGXoUVDCzC9XK8/GDxMqX5+DNAo=,/SfzreH6at1+z6l8j36ZAG/urmc=
-86,-7,WGXoUVDCzC9XK8/GDxMqX5+DNAo=,/SfzreH6at1+z6l8j36ZAG/urmc=
-84,-5,WGXoUVDCzC9XK8/GDxMqX5+DNAo=,/SfzreH6at1+z6l8j36ZAG/urmc=
-87,-7,WGXoUVDCzC9XK8/GDxMqX5+DNAo=,/SfzreH6at1+z6l8j36ZAG/urmc=
-85,-5,WGXoUVDCzC9XK8/GDxMqX5+DNAo=,/SfzreH6at1+z6l8j36ZAG/urmc=
-88,-7,WGXoUVDCzC9XK8/GDxMqX5+DNAo=,/SfzreH6at1+z6l8j36ZAG/urmc=
-86,-5,WGXoUVDCzC9XK8/GDxMqX5+DNAo=,/SfzreH6at1+z6l8j36ZAG/urmc=
-87,-5,WGXoUVDCzC9XK8/GDxMqX5+DNAo=,/SfzreH6at1+z6l8j36ZAG/urmc=
-85,-4,WGXoUVDCzC9XK8/GDxMqX5+DNAo=,/SfzreH6at1+z6l8j36ZAG/urmc=
-86,-4,WGXoUVDCzC9XK8/GDxMqX5+DNAo=,/SfzreH6at1+z6l8j36ZAG/urmc=
-87,-4,WGXoUVDCzC9XK8/GDxMqX5+DNAo=,/SfzreH6at1+z6l8j36ZAG/urmc=
-88,-4,WGXoUVDCzC9XK8/GDxMqX5+DNAo=,/SfzreH6at1+z6l8j36ZAG/urmc=
-84,-8,WGXoUVDCzC9XK8/GDxMqX5+DNAo=,/SfzreH6at1+z6l8j36ZAG/urmc=
-88,-5,WGXoUVDCzC9XK8/GDxMqX5+DNAo=,/SfzreH6at1+z6l8j36ZAG/urmc=
-85,-8,WGXoUVDCzC9XK8/GDxMqX5+DNAo=,/SfzreH6at1+z6l8j36ZAG/urmc=
-86,-8,WGXoUVDCzC9XK8/GDxMqX5+DNAo=,/SfzreH6at1+z6l8j36ZAG/urmc=
-84,-6,WGXoUVDCzC9XK8/GDxMqX5+DNAo=,/SfzreH6at1+z6l8j36ZAG/urmc=
-85,-6,WGXoUVDCzC9XK8/GDxMqX5+DNAo=,/SfzreH6at1+z6l8j36ZAG/urmc=
-86,-6,WGXoUVDCzC9XK8/GDxMqX5+DNAo=,/SfzreH6at1+z6l8j36ZAG/urmc=
-87,-6,WGXoUVDCzC9XK8/GDxMqX5+DNAo=,/SfzreH6at1+z6l8j36ZAG/urmc=
-96,-8,WGXoUVDCzC9XK8/GDxMqX5+DNAo=,/SfzreH6at1+z6l8j36ZAG/urmc=
-81,-6,WGXoUVDCzC9XK8/GDxMqX5+DNAo=,/SfzreH6at1+z6l8j36ZAG/urmc=
-81,-7,WGXoUVDCzC9XK8/GDxMqX5+DNAo=,/SfzreH6at1+z6l8j36ZAG/urmc=
-81,-8,WGXoUVDCzC9XK8/GDxMqX5+DNAo=,/SfzreH6at1+z6l8j36ZAG/urmc=
-82,-5,WGXoUVDCzC9XK8/GDxMqX5+DNAo=,/SfzreH6at1+z6l8j36ZAG/urmc=
-81,-1,WGXoUVDCzC9XK8/GDxMqX5+DNAo=,/SfzreH6at1+z6l8j36ZAG/urmc=
-83,-1,WGXoUVDCzC9XK8/GDxMqX5+DNAo=,/SfzreH6at1+z6l8j36ZAG/urmc=
-83,-4,WGXoUVDCzC9XK8/GDxMqX5+DNAo=,/SfzreH6at1+z6l8j36ZAG/urmc=
-84,-1,WGXoUVDCzC9XK8/GDxMqX5+DNAo=,/SfzreH6at1+z6l8j36ZAG/urmc=
-88,-1,WGXoUVDCzC9XK8/GDxMqX5+DNAo=,/SfzreH6at1+z6l8j36ZAG/urmc=
-84,-4,WGXoUVDCzC9XK8/GDxMqX5+DNAo=,/SfzreH6at1+z6l8j36ZAG/urmc=
-86,-1,WGXoUVDCzC9XK8/GDxMqX5+DNAo=,/SfzreH6at1+z6l8j36ZAG/urmc=
-81,-2,WGXoUVDCzC9XK8/GDxMqX5+DNAo=,/SfzreH6at1+z6l8j36ZAG/urmc=
-85,-1,WGXoUVDCzC9XK8/GDxMqX5+DNAo=,/SfzreH6at1+z6l8j36ZAG/urmc=
-82,-4,WGXoUVDCzC9XK8/GDxMqX5+DNAo=,/SfzreH6at1+z6l8j36ZAG/urmc=
-81,-5,WGXoUVDCzC9XK8/GDxMqX5+DNAo=,/SfzreH6at1+z6l8j36ZAG/urmc=
-83,-5,WGXoUVDCzC9XK8/GDxMqX5+DNAo=,/SfzreH6at1+z6l8j36ZAG/urmc=
-85,-2,WGXoUVDCzC9XK8/GDxMqX5+DNAo=,/SfzreH6at1+z6l8j36ZAG/urmc=
-87,-2,WGXoUVDCzC9XK8/GDxMqX5+DNAo=,/SfzreH6at1+z6l8j36ZAG/urmc=
-93,-1,WGXoUVDCzC9XK8/GDxMqX5+DNAo=,/SfzreH6at1+z6l8j36ZAG/urmc=
-83,-2,WGXoUVDCzC9XK8/GDxMqX5+DNAo=,/SfzreH6at1+z6l8j36ZAG/urmc=
-89,-1,WGXoUVDCzC9XK8/GDxMqX5+DNAo=,/SfzreH6at1+z6l8j36ZAG/urmc=
-96,-1,WGXoUVDCzC9XK8/GDxMqX5+DNAo=,/SfzreH6at1+z6l8j36ZAG/urmc=
-84,-2,WGXoUVDCzC9XK8/GDxMqX5+DNAo=,/SfzreH6at1+z6l8j36ZAG/urmc=
-95,-1,WGXoUVDCzC9XK8/GDxMqX5+DNAo=,/SfzreH6at1+z6l8j36ZAG/urmc=
-87,-1,WGXoUVDCzC9XK8/GDxMqX5+DNAo=,/SfzreH6at1+z6l8j36ZAG/urmc=
-88,-2,WGXoUVDCzC9XK8/GDxMqX5+DNAo=,/SfzreH6at1+z6l8j36ZAG/urmc=
-89,-2,WGXoUVDCzC9XK8/GDxMqX5+DNAo=,/SfzreH6at1+z6l8j36ZAG/urmc=
-81,-3,WGXoUVDCzC9XK8/GDxMqX5+DNAo=,/SfzreH6at1+z6l8j36ZAG/urmc=
-86,-2,WGXoUVDCzC9XK8/GDxMqX5+DNAo=,/SfzreH6at1+z6l8j36ZAG/urmc=
-83,-3,WGXoUVDCzC9XK8/GDxMqX5+DNAo=,/SfzreH6at1+z6l8j36ZAG/urmc=
-81,-4,WGXoUVDCzC9XK8/GDxMqX5+DNAo=,/SfzreH6at1+z6l8j36ZAG/urmc=
-94,-1,WGXoUVDCzC9XK8/GDxMqX5+DNAo=,/SfzreH6at1+z6l8j36ZAG/urmc=
-82,-3,WGXoUVDCzC9XK8/GDxMqX5+DNAo=,/SfzreH6at1+z6l8j36ZAG/urmc=
-85,-3,WGXoUVDCzC9XK8/GDxMqX5+DNAo=,/SfzreH6at1+z6l8j36ZAG/urmc=
-82,-2,WGXoUVDCzC9XK8/GDxMqX5+DNAo=,/SfzreH6at1+z6l8j36ZAG/urmc=
-92,-1,WGXoUVDCzC9XK8/GDxMqX5+DNAo=,/SfzreH6at1+z6l8j36ZAG/urmc=
-84,-3,WGXoUVDCzC9XK8/GDxMqX5+DNAo=,/SfzreH6at1+z6l8j36ZAG/urmc=
-91,-1,WGXoUVDCzC9XK8/GDxMqX5+DNAo=,/SfzreH6at1+z6l8j36ZAG/urmc=
-90,-1,WGXoUVDCzC9XK8/GDxMqX5+DNAo=,/SfzreH6at1+z6l8j36ZAG/urmc=
