36,101,kWhvRp43wHYrKQGTVRy0Pd5dfHU=,/SfzreH6at1+z6l8j36ZAG/urmc=
36,100,kWhvRp43wHYrKQGTVRy0Pd5dfHU=,/SfzreH6at1+z6l8j36ZAG/urmc=
34,98,kWhvRp43wHYrKQGTVRy0Pd5dfHU=,/SfzreH6at1+z6l8j36ZAG/urmc=
35,98,kWhvRp43wHYrKQGTVRy0Pd5dfHU=,/SfzreH6at1+z6l8j36ZAG/urmc=
36,98,kWhvRp43wHYrKQGTVRy0Pd5dfHU=,/SfzreH6at1+z6l8j36ZAG/urmc=
37,98,kWhvRp43wHYrKQGTVRy0Pd5dfHU=,/SfzreH6at1+z6l8j36ZAG/urmc=
34,99,kWhvRp43wHYrKQGTVRy0Pd5dfHU=,/SfzreH6at1+z6l8j36ZAG/urmc=
35,99,kWhvRp43wHYrKQGTVRy0Pd5dfHU=,/SfzreH6at1+z6l8j36ZAG/urmc=
37,100,kWhvRp43wHYrKQGTVRy0Pd5dfHU=,/SfzreH6at1+z6l8j36ZAG/urmc=
38,98,kWhvRp43wHYrKQGTVRy0Pd5dfHU=,/SfzreH6at1+z6l8j36ZAG/urmc=
36,99,kWhvRp43wHYrKQGTVRy0Pd5dfHU=,/SfzreH6at1+z6l8j36ZAG/urmc=
37,99,kWhvRp43wHYrKQGTVRy0Pd5dfHU=,/SfzreH6at1+z6l8j36ZAG/urmc=
38,100,kWhvRp43wHYrKQGTVRy0Pd5dfHU=,/SfzreH6at1+z6l8j36ZAG/urmc=
34,97,kWhvRp43wHYrKQGTVRy0Pd5dfHU=,/SfzreH6at1+z6l8j36ZAG/urmc=
38,99,kWhvRp43wHYrKQGTVRy0Pd5dfHU=,/SfzreH6at1+z6l8j36ZAG/urmc=
35,97,kWhvRp43wHYrKQGTVRy0Pd5dfHU=,/SfzreH6at1+z6l8j36ZAG/urmc=
36,97,kWhvRp43wHYrKQGTVRy0Pd5dfHU=,/SfzreH6at1+z6l8j36ZAG/urmc=
33,101,kWhvRp43wHYrKQGTVRy0Pd5dfHU=,/SfzreH6at1+z6l8j36ZAG/urmc=
37,101,kWhvRp43wHYrKQGTVRy0Pd5dfHU=,/SfzreH6at1+z6l8j36ZAG/urmc=
38,101,kWhvRp43wHYrKQGTVRy0Pd5dfHU=,/SfzreH6at1+z6l8j36ZAG/urmc=
37,97,kWhvRp43wHYrKQGTVRy0Pd5dfHU=,/SfzreH6at1+z6l8j36ZAG/urmc=
33,100,kWhvRp43wHYrKQGTVRy0Pd5dfHU=,/SfzreH6at1+z6l8j36ZAG/urmc=
33,98,kWhvRp43wHYrKQGTVRy0Pd5dfHU=,/SfzreH6at1+z6l8j36ZAG/urmc=
33,97,kWhvRp43wHYrKQGTVRy0Pd5dfHU=,/SfzreH6at1+z6l8j36ZAG/urmc=
35,102,kWhvRp43wHYrKQGTVRy0Pd5dfHU=,/SfzreH6at1+z6l8j36ZAG/urmc=
36,102,kWhvRp43wHYrKQGTVRy0Pd5dfHU=,/SfzreH6at1+z6l8j36ZAG/urmc=
34,102,kWhvRp43wHYrKQGTVRy0Pd5dfHU=,/SfzreH6at1+z6l8j36ZAG/urmc=
33,102,kWhvRp43wHYrKQGTVRy0Pd5dfHU=,/SfzreH6at1+z6l8j36ZAG/urmc=
38,97,kWhvRp43wHYrKQGTVRy0Pd5dfHU=,/SfzreH6at1+z6l8j36ZAG/urmc=
33,99,kWhvRp43wHYrKQGTVRy0Pd5dfHU=,/SfzreH6at1+z6l8j36ZAG/urmc=
35,101,kWhvRp43wHYrKQGTVRy0Pd5dfHU=,/SfzreH6at1+z6l8j36ZAG/urmc=
34,101,kWhvRp43wHYrKQGTVRy0Pd5dfHU=,/SfzreH6at1+z6l8j36ZAG/urmc=
35,100,kWhvRp43wHYrKQGTVRy0Pd5dfHU=,/SfzreH6at1+z6l8j36ZAG/urmc=
34,100,kWhvRp43wHYrKQGTVRy0Pd5dfHU=,/SfzreH6at1+z6l8j36ZAG/urmc=
46,110,kWhvRp43wHYrKQGTVRy0Pd5dfHU=,/SfzreH6at1+z6l8j36ZAG/urmc=
45,106,kWhvRp43wHYrKQGTVRy0Pd5dfHU=,/SfzreH6at1+z6l8j36ZAG/urmc=
46,106,kWhvRp43wHYrKQGTVRy0Pd5dfHU=,/SfzreH6at1+z6l8j36ZAG/urmc=
41,107,kWhvRp43wHYrKQGTVRy0Pd5dfHU=,/SfzreH6at1+z6l8j36ZAG/urmc=
42,107,kWhvRp43wHYrKQGTVRy0Pd5dfHU=,/SfzreH6at1+z6l8j36ZAG/urmc=
43,107,kWhvRp43wHYrKQGTVRy0Pd5dfHU=,/SfzreH6at1+z6l8j36ZAG/urmc=
44,107,kWhvRp43wHYrKQGTVRy0Pd5dfHU=,/SfzreH6at1+z6l8j36ZAG/urmc=
45,107,kWhvRp43wHYrKQGTVRy0Pd5dfHU=,/SfzreH6at1+z6l8j36ZAG/urmc=
46,107,kWhvRp43wHYrKQGTVRy0Pd5dfHU=,/SfzreH6at1+z6l8j36ZAG/urmc=
41,108,kWhvRp43wHYrKQGTVRy0Pd5dfHU=,/SfzreH6at1+z6l8j36ZAG/urmc=
42,108,kWhvRp43wHYrKQGTVRy0Pd5dfHU=,/SfzreH6at1+z6l8j36ZAG/urmc=
43,108,kWhvRp43wHYrKQGTVRy0Pd5dfHU=,/SfzreH6at1+z6l8j36ZAG/urmc=
44,108,kWhvRp43wHYrKQGTVRy0Pd5dfHU=,/SfzreH6at1+z6l8j36ZAG/urmc=
45,108,kWhvRp43wHYrKQGTVRy0Pd5dfHU=,/SfzreH6at1+z6l8j36ZAG/urmc=
46,108,kWhvRp43wHYrKQGTVRy0Pd5dfHU=,/SfzreH6at1+z6l8j36ZAG/urmc=
41,109,kWhvRp43wHYrKQGTVRy0Pd5dfHU=,/SfzreH6at1+z6l8j36ZAG/urmc=
42,109,kWhvRp43wHYrKQGTVRy0Pd5dfHU=,/SfzreH6at1+z6l8j36ZAG/urmc=
43,109,kWhvRp43wHYrKQGTVRy0Pd5dfHU=,/SfzreH6at1+z6l8j36ZAG/urmc=
44,109,kWhvRp43wHYrKQGTVRy0Pd5dfHU=,/SfzreH6at1+z6l8j36ZAG/urmc=
45,109,kWhvRp43wHYrKQGTVRy0Pd5dfHU=,/SfzreH6at1+z6l8j36ZAG/urmc=
46,109,kWhvRp43wHYrKQGTVRy0Pd5dfHU=,/SfzreH6at1+z6l8j36ZAG/urmc=
41,110,kWhvRp43wHYrKQGTVRy0Pd5dfHU=,/SfzreH6at1+z6l8j36ZAG/urmc=
42,110,kWhvRp43wHYrKQGTVRy0Pd5dfHU=,/SfzreH6at1+z6l8j36ZAG/urmc=
43,110,kWhvRp43wHYrKQGTVRy0Pd5dfHU=,/SfzreH6at1+z6l8j36ZAG/urmc=
44,110,kWhvRp43wHYrKQGTVRy0Pd5dfHU=,/SfzreH6at1+z6l8j36ZAG/urmc=
45,110,kWhvRp43wHYrKQGTVRy0Pd5dfHU=,/SfzreH6at1+z6l8j36ZAG/urmc=
47,106,kWhvRp43wHYrKQGTVRy0Pd5dfHU=,/SfzreH6at1+z6l8j36ZAG/urmc=
47,107,kWhvRp43wHYrKQGTVRy0Pd5dfHU=,/SfzreH6at1+z6l8j36ZAG/urmc=
33,107,kWhvRp43wHYrKQGTVRy0Pd5dfHU=,/SfzreH6at1+z6l8j36ZAG/urmc=
34,107,kWhvRp43wHYrKQGTVRy0Pd5dfHU=,/SfzreH6at1+z6l8j36ZAG/urmc=
35,107,kWhvRp43wHYrKQGTVRy0Pd5dfHU=,/SfzreH6at1+z6l8j36ZAG/urmc=
36,107,kWhvRp43wHYrKQGTVRy0Pd5dfHU=,/SfzreH6at1+z6l8j36ZAG/urmc=
37,107,kWhvRp43wHYrKQGTVRy0Pd5dfHU=,/SfzreH6at1+z6l8j36ZAG/urmc=
38,107,kWhvRp43wHYrKQGTVRy0Pd5dfHU=,/SfzreH6at1+z6l8j36ZAG/urmc=
39,107,kWhvRp43wHYrKQGTVRy0Pd5dfHU=,/SfzreH6at1+z6l8j36ZAG/urmc=
33,108,kWhvRp43wHYrKQGTVRy0Pd5dfHU=,/SfzreH6at1+z6l8j36ZAG/urmc=
34,108,kWhvRp43wHYrKQGTVRy0Pd5dfHU=,/SfzreH6at1+z6l8j36ZAG/urmc=
35,108,kWhvRp43wHYrKQGTVRy0Pd5dfHU=,/SfzreH6at1+z6l8j36ZAG/urmc=
40,107,kWhvRp43wHYrKQGTVRy0Pd5dfHU=,/SfzreH6at1+z6l8j36ZAG/urmc=
36,108,kWhvRp43wHYrKQGTVRy0Pd5dfHU=,/SfzreH6at1+z6l8j36ZAG/urmc=
37,108,kWhvRp43wHYrKQGTVRy0Pd5dfHU=,/SfzreH6at1+z6l8j36ZAG/urmc=
38,108,kWhvRp43wHYrKQGTVRy0Pd5dfHU=,/SfzreH6at1+z6l8j36ZAG/urmc=
39,108,kWhvRp43wHYrKQGTVRy0Pd5dfHU=,/SfzreH6at1+z6l8j36ZAG/urmc=
33,109,kWhvRp43wHYrKQGTVRy0Pd5dfHU=,/SfzreH6at1+z6l8j36ZAG/urmc=
34,109,kWhvRp43wHYrKQGTVRy0Pd5dfHU=,/SfzreH6at1+z6l8j36ZAG/urmc=
35,109,kWhvRp43wHYrKQGTVRy0Pd5dfHU=,/SfzreH6at1+z6l8j36ZAG/urmc=
40,108,kWhvRp43wHYrKQGTVRy0Pd5dfHU=,/SfzreH6at1+z6l8j36ZAG/urmc=
36,109,kWhvRp43wHYrKQGTVRy0Pd5dfHU=,/SfzreH6at1+z6l8j36ZAG/urmc=
37,109,kWhvRp43wHYrKQGTVRy0Pd5dfHU=,/SfzreH6at1+z6l8j36ZAG/urmc=
38,109,kWhvRp43wHYrKQGTVRy0Pd5dfHU=,/SfzreH6at1+z6l8j36ZAG/urmc=
39,109,kWhvRp43wHYrKQGTVRy0Pd5dfHU=,/SfzreH6at1+z6l8j36ZAG/urmc=
33,110,kWhvRp43wHYrKQGTVRy0Pd5dfHU=,/SfzreH6at1+z6l8j36ZAG/urmc=
34,110,kWhvRp43wHYrKQGTVRy0Pd5dfHU=,/SfzreH6at1+z6l8j36ZAG/urmc=
35,110,kWhvRp43wHYrKQGTVRy0Pd5dfHU=,/SfzreH6at1+z6l8j36ZAG/urmc=
36,110,kWhvRp43wHYrKQGTVRy0Pd5dfHU=,/SfzreH6at1+z6l8j36ZAG/urmc=
37,110,kWhvRp43wHYrKQGTVRy0Pd5dfHU=,/SfzreH6at1+z6l8j36ZAG/urmc=
38,110,kWhvRp43wHYrKQGTVRy0Pd5dfHU=,/SfzreH6at1+z6l8j36ZAG/urmc=
39,110,kWhvRp43wHYrKQGTVRy0Pd5dfHU=,/SfzreH6at1+z6l8j36ZAG/urmc=
40,109,kWhvRp43wHYrKQGTVRy0Pd5dfHU=,/SfzreH6at1+z6l8j36ZAG/urmc=
40,110,kWhvRp43wHYrKQGTVRy0Pd5dfHU=,/SfzreH6at1+z6l8j36ZAG/urmc=
47,110,kWhvRp43wHYrKQGTVRy0Pd5dfHU=,/SfzreH6at1+z6l8j36ZAG/urmc=
47,109,kWhvRp43wHYrKQGTVRy0Pd5dfHU=,/SfzreH6at1+z6l8j36ZAG/urmc=
47,108,kWhvRp43wHYrKQGTVRy0Pd5dfHU=,/SfzreH6at1+z6l8j36ZAG/urmc=
36,96,kWhvRp43wHYrKQGTVRy0Pd5dfHU=,/SfzreH6at1+z6l8j36ZAG/urmc=
37,96,kWhvRp43wHYrKQGTVRy0Pd5dfHU=,/SfzreH6at1+z6l8j36ZAG/urmc=
34,96,kWhvRp43wHYrKQGTVRy0Pd5dfHU=,/SfzreH6at1+z6l8j36ZAG/urmc=
33,96,kWhvRp43wHYrKQGTVRy0Pd5dfHU=,/SfzreH6at1+z6l8j36ZAG/urmc=
38,96,kWhvRp43wHYrKQGTVRy0Pd5dfHU=,/SfzreH6at1+z6l8j36ZAG/urmc=
35,96,kWhvRp43wHYrKQGTVRy0Pd5dfHU=,/SfzreH6at1+z6l8j36ZAG/urmc=
41,111,kWhvRp43wHYrKQGTVRy0Pd5dfHU=,/SfzreH6at1+z6l8j36ZAG/urmc=
42,111,kWhvRp43wHYrKQGTVRy0Pd5dfHU=,/SfzreH6at1+z6l8j36ZAG/urmc=
43,111,kWhvRp43wHYrKQGTVRy0Pd5dfHU=,/SfzreH6at1+z6l8j36ZAG/urmc=
44,111,kWhvRp43wHYrKQGTVRy0Pd5dfHU=,/SfzreH6at1+z6l8j36ZAG/urmc=
45,111,kWhvRp43wHYrKQGTVRy0Pd5dfHU=,/SfzreH6at1+z6l8j36ZAG/urmc=
46,111,kWhvRp43wHYrKQGTVRy0Pd5dfHU=,/SfzreH6at1+z6l8j36ZAG/urmc=
47,111,kWhvRp43wHYrKQGTVRy0Pd5dfHU=,/SfzreH6at1+z6l8j36ZAG/urmc=
40,111,kWhvRp43wHYrKQGTVRy0Pd5dfHU=,/SfzreH6at1+z6l8j36ZAG/urmc=
33,111,kWhvRp43wHYrKQGTVRy0Pd5dfHU=,/SfzreH6at1+z6l8j36ZAG/urmc=
34,111,kWhvRp43wHYrKQGTVRy0Pd5dfHU=,/SfzreH6at1+z6l8j36ZAG/urmc=
35,111,kWhvRp43wHYrKQGTVRy0Pd5dfHU=,/SfzreH6at1+z6l8j36ZAG/urmc=
36,111,kWhvRp43wHYrKQGTVRy0Pd5dfHU=,/SfzreH6at1+z6l8j36ZAG/urmc=
37,111,kWhvRp43wHYrKQGTVRy0Pd5dfHU=,/SfzreH6at1+z6l8j36ZAG/urmc=
38,111,kWhvRp43wHYrKQGTVRy0Pd5dfHU=,/SfzreH6at1+z6l8j36ZAG/urmc=
39,111,kWhvRp43wHYrKQGTVRy0Pd5dfHU=,/SfzreH6at1+z6l8j36ZAG/urmc=
32,97,kWhvRp43wHYrKQGTVRy0Pd5dfHU=,/SfzreH6at1+z6l8j36ZAG/urmc=
32,100,kWhvRp43wHYrKQGTVRy0Pd5dfHU=,/SfzreH6at1+z6l8j36ZAG/urmc=
32,101,kWhvRp43wHYrKQGTVRy0Pd5dfHU=,/SfzreH6at1+z6l8j36ZAG/urmc=
32,99,kWhvRp43wHYrKQGTVRy0Pd5dfHU=,/SfzreH6at1+z6l8j36ZAG/urmc=
32,102,kWhvRp43wHYrKQGTVRy0Pd5dfHU=,/SfzreH6at1+z6l8j36ZAG/urmc=
32,98,kWhvRp43wHYrKQGTVRy0Pd5dfHU=,/SfzreH6at1+z6l8j36ZAG/urmc=
39,98,kWhvRp43wHYrKQGTVRy0Pd5dfHU=,/SfzreH6at1+z6l8j36ZAG/urmc=
39,100,kWhvRp43wHYrKQGTVRy0Pd5dfHU=,/SfzreH6at1+z6l8j36ZAG/urmc=
43,99,kWhvRp43wHYrKQGTVRy0Pd5dfHU=,/SfzreH6at1+z6l8j36ZAG/urmc=
39,97,kWhvRp43wHYrKQGTVRy0Pd5dfHU=,/SfzreH6at1+z6l8j36ZAG/urmc=
42,99,kWhvRp43wHYrKQGTVRy0Pd5dfHU=,/SfzreH6at1+z6l8j36ZAG/urmc=
41,99,kWhvRp43wHYrKQGTVRy0Pd5dfHU=,/SfzreH6at1+z6l8j36ZAG/urmc=
45,101,kWhvRp43wHYrKQGTVRy0Pd5dfHU=,/SfzreH6at1+z6l8j36ZAG/urmc=
44,101,kWhvRp43wHYrKQGTVRy0Pd5dfHU=,/SfzreH6at1+z6l8j36ZAG/urmc=
40,104,kWhvRp43wHYrKQGTVRy0Pd5dfHU=,/SfzreH6at1+z6l8j36ZAG/urmc=
41,105,kWhvRp43wHYrKQGTVRy0Pd5dfHU=,/SfzreH6at1+z6l8j36ZAG/urmc=
40,96,kWhvRp43wHYrKQGTVRy0Pd5dfHU=,/SfzreH6at1+z6l8j36ZAG/urmc=
42,105,kWhvRp43wHYrKQGTVRy0Pd5dfHU=,/SfzreH6at1+z6l8j36ZAG/urmc=
41,106,kWhvRp43wHYrKQGTVRy0Pd5dfHU=,/SfzreH6at1+z6l8j36ZAG/urmc=
41,96,kWhvRp43wHYrKQGTVRy0Pd5dfHU=,/SfzreH6at1+z6l8j36ZAG/urmc=
42,96,kWhvRp43wHYrKQGTVRy0Pd5dfHU=,/SfzreH6at1+z6l8j36ZAG/urmc=
43,96,kWhvRp43wHYrKQGTVRy0Pd5dfHU=,/SfzreH6at1+z6l8j36ZAG/urmc=
44,96,kWhvRp43wHYrKQGTVRy0Pd5dfHU=,/SfzreH6at1+z6l8j36ZAG/urmc=
39,99,kWhvRp43wHYrKQGTVRy0Pd5dfHU=,/SfzreH6at1+z6l8j36ZAG/urmc=
45,96,kWhvRp43wHYrKQGTVRy0Pd5dfHU=,/SfzreH6at1+z6l8j36ZAG/urmc=
40,97,kWhvRp43wHYrKQGTVRy0Pd5dfHU=,/SfzreH6at1+z6l8j36ZAG/urmc=
41,97,kWhvRp43wHYrKQGTVRy0Pd5dfHU=,/SfzreH6at1+z6l8j36ZAG/urmc=
42,97,kWhvRp43wHYrKQGTVRy0Pd5dfHU=,/SfzreH6at1+z6l8j36ZAG/urmc=
43,97,kWhvRp43wHYrKQGTVRy0Pd5dfHU=,/SfzreH6at1+z6l8j36ZAG/urmc=
44,97,kWhvRp43wHYrKQGTVRy0Pd5dfHU=,/SfzreH6at1+z6l8j36ZAG/urmc=
40,100,kWhvRp43wHYrKQGTVRy0Pd5dfHU=,/SfzreH6at1+z6l8j36ZAG/urmc=
41,100,kWhvRp43wHYrKQGTVRy0Pd5dfHU=,/SfzreH6at1+z6l8j36ZAG/urmc=
42,100,kWhvRp43wHYrKQGTVRy0Pd5dfHU=,/SfzreH6at1+z6l8j36ZAG/urmc=
43,100,kWhvRp43wHYrKQGTVRy0Pd5dfHU=,/SfzreH6at1+z6l8j36ZAG/urmc=
40,98,kWhvRp43wHYrKQGTVRy0Pd5dfHU=,/SfzreH6at1+z6l8j36ZAG/urmc=
41,98,kWhvRp43wHYrKQGTVRy0Pd5dfHU=,/SfzreH6at1+z6l8j36ZAG/urmc=
42,98,kWhvRp43wHYrKQGTVRy0Pd5dfHU=,/SfzreH6at1+z6l8j36ZAG/urmc=
44,100,kWhvRp43wHYrKQGTVRy0Pd5dfHU=,/SfzreH6at1+z6l8j36ZAG/urmc=
43,98,kWhvRp43wHYrKQGTVRy0Pd5dfHU=,/SfzreH6at1+z6l8j36ZAG/urmc=
43,105,kWhvRp43wHYrKQGTVRy0Pd5dfHU=,/SfzreH6at1+z6l8j36ZAG/urmc=
42,106,kWhvRp43wHYrKQGTVRy0Pd5dfHU=,/SfzreH6at1+z6l8j36ZAG/urmc=
43,106,kWhvRp43wHYrKQGTVRy0Pd5dfHU=,/SfzreH6at1+z6l8j36ZAG/urmc=
41,104,kWhvRp43wHYrKQGTVRy0Pd5dfHU=,/SfzreH6at1+z6l8j36ZAG/urmc=
40,105,kWhvRp43wHYrKQGTVRy0Pd5dfHU=,/SfzreH6at1+z6l8j36ZAG/urmc=
36,106,kWhvRp43wHYrKQGTVRy0Pd5dfHU=,/SfzreH6at1+z6l8j36ZAG/urmc=
40,102,kWhvRp43wHYrKQGTVRy0Pd5dfHU=,/SfzreH6at1+z6l8j36ZAG/urmc=
39,104,kWhvRp43wHYrKQGTVRy0Pd5dfHU=,/SfzreH6at1+z6l8j36ZAG/urmc=
39,96,kWhvRp43wHYrKQGTVRy0Pd5dfHU=,/SfzreH6at1+z6l8j36ZAG/urmc=
40,101,kWhvRp43wHYrKQGTVRy0Pd5dfHU=,/SfzreH6at1+z6l8j36ZAG/urmc=
41,101,kWhvRp43wHYrKQGTVRy0Pd5dfHU=,/SfzreH6at1+z6l8j36ZAG/urmc=
42,101,kWhvRp43wHYrKQGTVRy0Pd5dfHU=,/SfzreH6at1+z6l8j36ZAG/urmc=
39,101,kWhvRp43wHYrKQGTVRy0Pd5dfHU=,/SfzreH6at1+z6l8j36ZAG/urmc=
43,101,kWhvRp43wHYrKQGTVRy0Pd5dfHU=,/SfzreH6at1+z6l8j36ZAG/urmc=
40,99,kWhvRp43wHYrKQGTVRy0Pd5dfHU=,/SfzreH6at1+z6l8j36ZAG/urmc=
32,96,kWhvRp43wHYrKQGTVRy0Pd5dfHU=,/SfzreH6at1+z6l8j36ZAG/urmc=
42,104,kWhvRp43wHYrKQGTVRy0Pd5dfHU=,/SfzreH6at1+z6l8j36ZAG/urmc=
41,102,kWhvRp43wHYrKQGTVRy0Pd5dfHU=,/SfzreH6at1+z6l8j36ZAG/urmc=
37,106,kWhvRp43wHYrKQGTVRy0Pd5dfHU=,/SfzreH6at1+z6l8j36ZAG/urmc=
38,106,kWhvRp43wHYrKQGTVRy0Pd5dfHU=,/SfzreH6at1+z6l8j36ZAG/urmc=
42,102,kWhvRp43wHYrKQGTVRy0Pd5dfHU=,/SfzreH6at1+z6l8j36ZAG/urmc=
43,104,kWhvRp43wHYrKQGTVRy0Pd5dfHU=,/SfzreH6at1+z6l8j36ZAG/urmc=
39,106,kWhvRp43wHYrKQGTVRy0Pd5dfHU=,/SfzreH6at1+z6l8j36ZAG/urmc=
43,102,kWhvRp43wHYrKQGTVRy0Pd5dfHU=,/SfzreH6at1+z6l8j36ZAG/urmc=
39,105,kWhvRp43wHYrKQGTVRy0Pd5dfHU=,/SfzreH6at1+z6l8j36ZAG/urmc=
38,102,kWhvRp43wHYrKQGTVRy0Pd5dfHU=,/SfzreH6at1+z6l8j36ZAG/urmc=
40,103,kWhvRp43wHYrKQGTVRy0Pd5dfHU=,/SfzreH6at1+z6l8j36ZAG/urmc=
40,106,kWhvRp43wHYrKQGTVRy0Pd5dfHU=,/SfzreH6at1+z6l8j36ZAG/urmc=
36,104,kWhvRp43wHYrKQGTVRy0Pd5dfHU=,/SfzreH6at1+z6l8j36ZAG/urmc=
38,105,kWhvRp43wHYrKQGTVRy0Pd5dfHU=,/SfzreH6at1+z6l8j36ZAG/urmc=
37,102,kWhvRp43wHYrKQGTVRy0Pd5dfHU=,/SfzreH6at1+z6l8j36ZAG/urmc=
37,104,kWhvRp43wHYrKQGTVRy0Pd5dfHU=,/SfzreH6at1+z6l8j36ZAG/urmc=
41,103,kWhvRp43wHYrKQGTVRy0Pd5dfHU=,/SfzreH6at1+z6l8j36ZAG/urmc=
42,103,kWhvRp43wHYrKQGTVRy0Pd5dfHU=,/SfzreH6at1+z6l8j36ZAG/urmc=
37,105,kWhvRp43wHYrKQGTVRy0Pd5dfHU=,/SfzreH6at1+z6l8j36ZAG/urmc=
43,103,kWhvRp43wHYrKQGTVRy0Pd5dfHU=,/SfzreH6at1+z6l8j36ZAG/urmc=
38,103,kWhvRp43wHYrKQGTVRy0Pd5dfHU=,/SfzreH6at1+z6l8j36ZAG/urmc=
37,103,kWhvRp43wHYrKQGTVRy0Pd5dfHU=,/SfzreH6at1+z6l8j36ZAG/urmc=
39,103,kWhvRp43wHYrKQGTVRy0Pd5dfHU=,/SfzreH6at1+z6l8j36ZAG/urmc=
36,103,kWhvRp43wHYrKQGTVRy0Pd5dfHU=,/SfzreH6at1+z6l8j36ZAG/urmc=
38,104,kWhvRp43wHYrKQGTVRy0Pd5dfHU=,/SfzreH6at1+z6l8j36ZAG/urmc=
39,102,kWhvRp43wHYrKQGTVRy0Pd5dfHU=,/SfzreH6at1+z6l8j36ZAG/urmc=
36,105,kWhvRp43wHYrKQGTVRy0Pd5dfHU=,/SfzreH6at1+z6l8j36ZAG/urmc=
32,107,kWhvRp43wHYrKQGTVRy0Pd5dfHU=,/SfzreH6at1+z6l8j36ZAG/urmc=
32,109,kWhvRp43wHYrKQGTVRy0Pd5dfHU=,/SfzreH6at1+z6l8j36ZAG/urmc=
32,110,kWhvRp43wHYrKQGTVRy0Pd5dfHU=,/SfzreH6at1+z6l8j36ZAG/urmc=
32,111,kWhvRp43wHYrKQGTVRy0Pd5dfHU=,/SfzreH6at1+z6l8j36ZAG/urmc=
34,106,kWhvRp43wHYrKQGTVRy0Pd5dfHU=,/SfzreH6at1+z6l8j36ZAG/urmc=
32,108,kWhvRp43wHYrKQGTVRy0Pd5dfHU=,/SfzreH6at1+z6l8j36ZAG/urmc=
33,106,kWhvRp43wHYrKQGTVRy0Pd5dfHU=,/SfzreH6at1+z6l8j36ZAG/urmc=
35,106,kWhvRp43wHYrKQGTVRy0Pd5dfHU=,/SfzreH6at1+z6l8j36ZAG/urmc=
34,104,kWhvRp43wHYrKQGTVRy0Pd5dfHU=,/SfzreH6at1+z6l8j36ZAG/urmc=
33,105,kWhvRp43wHYrKQGTVRy0Pd5dfHU=,/SfzreH6at1+z6l8j36ZAG/urmc=
34,105,kWhvRp43wHYrKQGTVRy0Pd5dfHU=,/SfzreH6at1+z6l8j36ZAG/urmc=
32,106,kWhvRp43wHYrKQGTVRy0Pd5dfHU=,/SfzreH6at1+z6l8j36ZAG/urmc=
34,103,kWhvRp43wHYrKQGTVRy0Pd5dfHU=,/SfzreH6at1+z6l8j36ZAG/urmc=
33,103,kWhvRp43wHYrKQGTVRy0Pd5dfHU=,/SfzreH6at1+z6l8j36ZAG/urmc=
35,105,kWhvRp43wHYrKQGTVRy0Pd5dfHU=,/SfzreH6at1+z6l8j36ZAG/urmc=
32,104,kWhvRp43wHYrKQGTVRy0Pd5dfHU=,/SfzreH6at1+z6l8j36ZAG/urmc=
35,103,kWhvRp43wHYrKQGTVRy0Pd5dfHU=,/SfzreH6at1+z6l8j36ZAG/urmc=
32,103,kWhvRp43wHYrKQGTVRy0Pd5dfHU=,/SfzreH6at1+z6l8j36ZAG/urmc=
35,104,kWhvRp43wHYrKQGTVRy0Pd5dfHU=,/SfzreH6at1+z6l8j36ZAG/urmc=
33,104,kWhvRp43wHYrKQGTVRy0Pd5dfHU=,/SfzreH6at1+z6l8j36ZAG/urmc=
32,105,kWhvRp43wHYrKQGTVRy0Pd5dfHU=,/SfzreH6at1+z6l8j36ZAG/urmc=
47,98,kWhvRp43wHYrKQGTVRy0Pd5dfHU=,/SfzreH6at1+z6l8j36ZAG/urmc=
47,104,kWhvRp43wHYrKQGTVRy0Pd5dfHU=,/SfzreH6at1+z6l8j36ZAG/urmc=
47,100,kWhvRp43wHYrKQGTVRy0Pd5dfHU=,/SfzreH6at1+z6l8j36ZAG/urmc=
47,96,kWhvRp43wHYrKQGTVRy0Pd5dfHU=,/SfzreH6at1+z6l8j36ZAG/urmc=
47,99,kWhvRp43wHYrKQGTVRy0Pd5dfHU=,/SfzreH6at1+z6l8j36ZAG/urmc=
44,105,kWhvRp43wHYrKQGTVRy0Pd5dfHU=,/SfzreH6at1+z6l8j36ZAG/urmc=
47,97,kWhvRp43wHYrKQGTVRy0Pd5dfHU=,/SfzreH6at1+z6l8j36ZAG/urmc=
44,106,kWhvRp43wHYrKQGTVRy0Pd5dfHU=,/SfzreH6at1+z6l8j36ZAG/urmc=
47,102,kWhvRp43wHYrKQGTVRy0Pd5dfHU=,/SfzreH6at1+z6l8j36ZAG/urmc=
46,105,kWhvRp43wHYrKQGTVRy0Pd5dfHU=,/SfzreH6at1+z6l8j36ZAG/urmc=
44,104,kWhvRp43wHYrKQGTVRy0Pd5dfHU=,/SfzreH6at1+z6l8j36ZAG/urmc=
46,98,kWhvRp43wHYrKQGTVRy0Pd5dfHU=,/SfzreH6at1+z6l8j36ZAG/urmc=
45,104,kWhvRp43wHYrKQGTVRy0Pd5dfHU=,/SfzreH6at1+z6l8j36ZAG/urmc=
46,104,kWhvRp43wHYrKQGTVRy0Pd5dfHU=,/SfzreH6at1+z6l8j36ZAG/urmc=
46,102,kWhvRp43wHYrKQGTVRy0Pd5dfHU=,/SfzreH6at1+z6l8j36ZAG/urmc=
47,101,kWhvRp43wHYrKQGTVRy0Pd5dfHU=,/SfzreH6at1+z6l8j36ZAG/urmc=
47,105,kWhvRp43wHYrKQGTVRy0Pd5dfHU=,/SfzreH6at1+z6l8j36ZAG/urmc=
45,102,kWhvRp43wHYrKQGTVRy0Pd5dfHU=,/SfzreH6at1+z6l8j36ZAG/urmc=
46,100,kWhvRp43wHYrKQGTVRy0Pd5dfHU=,/SfzreH6at1+z6l8j36ZAG/urmc=
44,102,kWhvRp43wHYrKQGTVRy0Pd5dfHU=,/SfzreH6at1+z6l8j36ZAG/urmc=
47,103,kWhvRp43wHYrKQGTVRy0Pd5dfHU=,/SfzreH6at1+z6l8j36ZAG/urmc=
45,105,kWhvRp43wHYrKQGTVRy0Pd5dfHU=,/SfzreH6at1+z6l8j36ZAG/urmc=
46,101,kWhvRp43wHYrKQGTVRy0Pd5dfHU=,/SfzreH6at1+z6l8j36ZAG/urmc=
46,96,kWhvRp43wHYrKQGTVRy0Pd5dfHU=,/SfzreH6at1+z6l8j36ZAG/urmc=
44,99,kWhvRp43wHYrKQGTVRy0Pd5dfHU=,/SfzreH6at1+z6l8j36ZAG/urmc=
45,98,kWhvRp43wHYrKQGTVRy0Pd5dfHU=,/SfzreH6at1+z6l8j36ZAG/urmc=
44,103,kWhvRp43wHYrKQGTVRy0Pd5dfHU=,/SfzreH6at1+z6l8j36ZAG/urmc=
46,103,kWhvRp43wHYrKQGTVRy0Pd5dfHU=,/SfzreH6at1+z6l8j36ZAG/urmc=
44,98,kWhvRp43wHYrKQGTVRy0Pd5dfHU=,/SfzreH6at1+z6l8j36ZAG/urmc=
46,99,kWhvRp43wHYrKQGTVRy0Pd5dfHU=,/SfzreH6at1+z6l8j36ZAG/urmc=
45,97,kWhvRp43wHYrKQGTVRy0Pd5dfHU=,/SfzreH6at1+z6l8j36ZAG/urmc=
45,100,kWhvRp43wHYrKQGTVRy0Pd5dfHU=,/SfzreH6at1+z6l8j36ZAG/urmc=
46,97,kWhvRp43wHYrKQGTVRy0Pd5dfHU=,/SfzreH6at1+z6l8j36ZAG/urmc=
45,103,kWhvRp43wHYrKQGTVRy0Pd5dfHU=,/SfzreH6at1+z6l8j36ZAG/urmc=
45,99,kWhvRp43wHYrKQGTVRy0Pd5dfHU=,/SfzreH6at1+z6l8j36ZAG/urmc=
62,110,NOT5+xwiybQ6fdcppNoCyeMrTO8=,/SfzreH6at1+z6l8j36ZAG/urmc=
62,105,NOT5+xwiybQ6fdcppNoCyeMrTO8=,/SfzreH6at1+z6l8j36ZAG/urmc=
57,106,iRjUQkR7kgMASOQMLlfzuzgp7Qo=,/SfzreH6at1+z6l8j36ZAG/urmc=
62,106,NOT5+xwiybQ6fdcppNoCyeMrTO8=,/SfzreH6at1+z6l8j36ZAG/urmc=
57,107,NOT5+xwiybQ6fdcppNoCyeMrTO8=,/SfzreH6at1+z6l8j36ZAG/urmc=
58,107,NOT5+xwiybQ6fdcppNoCyeMrTO8=,/SfzreH6at1+z6l8j36ZAG/urmc=
59,107,NOT5+xwiybQ6fdcppNoCyeMrTO8=,/SfzreH6at1+z6l8j36ZAG/urmc=
60,107,NOT5+xwiybQ6fdcppNoCyeMrTO8=,/SfzreH6at1+z6l8j36ZAG/urmc=
61,107,NOT5+xwiybQ6fdcppNoCyeMrTO8=,/SfzreH6at1+z6l8j36ZAG/urmc=
62,107,NOT5+xwiybQ6fdcppNoCyeMrTO8=,/SfzreH6at1+z6l8j36ZAG/urmc=
57,108,NOT5+xwiybQ6fdcppNoCyeMrTO8=,/SfzreH6at1+z6l8j36ZAG/urmc=
58,108,NOT5+xwiybQ6fdcppNoCyeMrTO8=,/SfzreH6at1+z6l8j36ZAG/urmc=
59,108,NOT5+xwiybQ6fdcppNoCyeMrTO8=,/SfzreH6at1+z6l8j36ZAG/urmc=
60,108,NOT5+xwiybQ6fdcppNoCyeMrTO8=,/SfzreH6at1+z6l8j36ZAG/urmc=
61,108,NOT5+xwiybQ6fdcppNoCyeMrTO8=,/SfzreH6at1+z6l8j36ZAG/urmc=
62,108,NOT5+xwiybQ6fdcppNoCyeMrTO8=,/SfzreH6at1+z6l8j36ZAG/urmc=
57,109,NOT5+xwiybQ6fdcppNoCyeMrTO8=,/SfzreH6at1+z6l8j36ZAG/urmc=
58,109,NOT5+xwiybQ6fdcppNoCyeMrTO8=,/SfzreH6at1+z6l8j36ZAG/urmc=
59,109,NOT5+xwiybQ6fdcppNoCyeMrTO8=,/SfzreH6at1+z6l8j36ZAG/urmc=
60,109,NOT5+xwiybQ6fdcppNoCyeMrTO8=,/SfzreH6at1+z6l8j36ZAG/urmc=
61,109,NOT5+xwiybQ6fdcppNoCyeMrTO8=,/SfzreH6at1+z6l8j36ZAG/urmc=
62,109,NOT5+xwiybQ6fdcppNoCyeMrTO8=,/SfzreH6at1+z6l8j36ZAG/urmc=
57,110,NOT5+xwiybQ6fdcppNoCyeMrTO8=,/SfzreH6at1+z6l8j36ZAG/urmc=
58,110,NOT5+xwiybQ6fdcppNoCyeMrTO8=,/SfzreH6at1+z6l8j36ZAG/urmc=
59,110,NOT5+xwiybQ6fdcppNoCyeMrTO8=,/SfzreH6at1+z6l8j36ZAG/urmc=
60,110,NOT5+xwiybQ6fdcppNoCyeMrTO8=,/SfzreH6at1+z6l8j36ZAG/urmc=
61,110,NOT5+xwiybQ6fdcppNoCyeMrTO8=,/SfzreH6at1+z6l8j36ZAG/urmc=
52,106,NOT5+xwiybQ6fdcppNoCyeMrTO8=,/SfzreH6at1+z6l8j36ZAG/urmc=
56,110,NOT5+xwiybQ6fdcppNoCyeMrTO8=,/SfzreH6at1+z6l8j36ZAG/urmc=
55,106,iRjUQkR7kgMASOQMLlfzuzgp7Qo=,/SfzreH6at1+z6l8j36ZAG/urmc=
55,110,NOT5+xwiybQ6fdcppNoCyeMrTO8=,/SfzreH6at1+z6l8j36ZAG/urmc=
54,110,NOT5+xwiybQ6fdcppNoCyeMrTO8=,/SfzreH6at1+z6l8j36ZAG/urmc=
53,110,NOT5+xwiybQ6fdcppNoCyeMrTO8=,/SfzreH6at1+z6l8j36ZAG/urmc=
56,109,NOT5+xwiybQ6fdcppNoCyeMrTO8=,/SfzreH6at1+z6l8j36ZAG/urmc=
52,110,NOT5+xwiybQ6fdcppNoCyeMrTO8=,/SfzreH6at1+z6l8j36ZAG/urmc=
51,110,NOT5+xwiybQ6fdcppNoCyeMrTO8=,/SfzreH6at1+z6l8j36ZAG/urmc=
50,110,NOT5+xwiybQ6fdcppNoCyeMrTO8=,/SfzreH6at1+z6l8j36ZAG/urmc=
49,110,NOT5+xwiybQ6fdcppNoCyeMrTO8=,/SfzreH6at1+z6l8j36ZAG/urmc=
55,109,NOT5+xwiybQ6fdcppNoCyeMrTO8=,/SfzreH6at1+z6l8j36ZAG/urmc=
54,109,NOT5+xwiybQ6fdcppNoCyeMrTO8=,/SfzreH6at1+z6l8j36ZAG/urmc=
53,109,NOT5+xwiybQ6fdcppNoCyeMrTO8=,/SfzreH6at1+z6l8j36ZAG/urmc=
56,108,NOT5+xwiybQ6fdcppNoCyeMrTO8=,/SfzreH6at1+z6l8j36ZAG/urmc=
52,109,NOT5+xwiybQ6fdcppNoCyeMrTO8=,/SfzreH6at1+z6l8j36ZAG/urmc=
51,109,NOT5+xwiybQ6fdcppNoCyeMrTO8=,/SfzreH6at1+z6l8j36ZAG/urmc=
50,109,NOT5+xwiybQ6fdcppNoCyeMrTO8=,/SfzreH6at1+z6l8j36ZAG/urmc=
49,109,NOT5+xwiybQ6fdcppNoCyeMrTO8=,/SfzreH6at1+z6l8j36ZAG/urmc=
55,108,NOT5+xwiybQ6fdcppNoCyeMrTO8=,/SfzreH6at1+z6l8j36ZAG/urmc=
54,108,NOT5+xwiybQ6fdcppNoCyeMrTO8=,/SfzreH6at1+z6l8j36ZAG/urmc=
53,108,NOT5+xwiybQ6fdcppNoCyeMrTO8=,/SfzreH6at1+z6l8j36ZAG/urmc=
52,108,NOT5+xwiybQ6fdcppNoCyeMrTO8=,/SfzreH6at1+z6l8j36ZAG/urmc=
51,108,NOT5+xwiybQ6fdcppNoCyeMrTO8=,/SfzreH6at1+z6l8j36ZAG/urmc=
50,108,NOT5+xwiybQ6fdcppNoCyeMrTO8=,/SfzreH6at1+z6l8j36ZAG/urmc=
56,107,NOT5+xwiybQ6fdcppNoCyeMrTO8=,/SfzreH6at1+z6l8j36ZAG/urmc=
49,108,NOT5+xwiybQ6fdcppNoCyeMrTO8=,/SfzreH6at1+z6l8j36ZAG/urmc=
55,107,NOT5+xwiybQ6fdcppNoCyeMrTO8=,/SfzreH6at1+z6l8j36ZAG/urmc=
54,107,NOT5+xwiybQ6fdcppNoCyeMrTO8=,/SfzreH6at1+z6l8j36ZAG/urmc=
53,107,NOT5+xwiybQ6fdcppNoCyeMrTO8=,/SfzreH6at1+z6l8j36ZAG/urmc=
52,107,NOT5+xwiybQ6fdcppNoCyeMrTO8=,/SfzreH6at1+z6l8j36ZAG/urmc=
51,107,NOT5+xwiybQ6fdcppNoCyeMrTO8=,/SfzreH6at1+z6l8j36ZAG/urmc=
50,107,NOT5+xwiybQ6fdcppNoCyeMrTO8=,/SfzreH6at1+z6l8j36ZAG/urmc=
56,106,iRjUQkR7kgMASOQMLlfzuzgp7Qo=,/SfzreH6at1+z6l8j36ZAG/urmc=
49,107,NOT5+xwiybQ6fdcppNoCyeMrTO8=,/SfzreH6at1+z6l8j36ZAG/urmc=
63,105,NOT5+xwiybQ6fdcppNoCyeMrTO8=,/SfzreH6at1+z6l8j36ZAG/urmc=
63,109,NOT5+xwiybQ6fdcppNoCyeMrTO8=,/SfzreH6at1+z6l8j36ZAG/urmc=
63,110,NOT5+xwiybQ6fdcppNoCyeMrTO8=,/SfzreH6at1+z6l8j36ZAG/urmc=
63,108,NOT5+xwiybQ6fdcppNoCyeMrTO8=,/SfzreH6at1+z6l8j36ZAG/urmc=
63,107,NOT5+xwiybQ6fdcppNoCyeMrTO8=,/SfzreH6at1+z6l8j36ZAG/urmc=
63,106,NOT5+xwiybQ6fdcppNoCyeMrTO8=,/SfzreH6at1+z6l8j36ZAG/urmc=
62,104,NOT5+xwiybQ6fdcppNoCyeMrTO8=,/SfzreH6at1+z6l8j36ZAG/urmc=
63,99,NOT5+xwiybQ6fdcppNoCyeMrTO8=,/SfzreH6at1+z6l8j36ZAG/urmc=
62,99,NOT5+xwiybQ6fdcppNoCyeMrTO8=,/SfzreH6at1+z6l8j36ZAG/urmc=
63,98,NOT5+xwiybQ6fdcppNoCyeMrTO8=,/SfzreH6at1+z6l8j36ZAG/urmc=
62,102,NOT5+xwiybQ6fdcppNoCyeMrTO8=,/SfzreH6at1+z6l8j36ZAG/urmc=
63,104,NOT5+xwiybQ6fdcppNoCyeMrTO8=,/SfzreH6at1+z6l8j36ZAG/urmc=
63,102,NOT5+xwiybQ6fdcppNoCyeMrTO8=,/SfzreH6at1+z6l8j36ZAG/urmc=
60,105,NOT5+xwiybQ6fdcppNoCyeMrTO8=,/SfzreH6at1+z6l8j36ZAG/urmc=
60,106,NOT5+xwiybQ6fdcppNoCyeMrTO8=,/SfzreH6at1+z6l8j36ZAG/urmc=
60,102,NOT5+xwiybQ6fdcppNoCyeMrTO8=,/SfzreH6at1+z6l8j36ZAG/urmc=
63,103,NOT5+xwiybQ6fdcppNoCyeMrTO8=,/SfzreH6at1+z6l8j36ZAG/urmc=
63,101,NOT5+xwiybQ6fdcppNoCyeMrTO8=,/SfzreH6at1+z6l8j36ZAG/urmc=
61,106,NOT5+xwiybQ6fdcppNoCyeMrTO8=,/SfzreH6at1+z6l8j36ZAG/urmc=
61,102,NOT5+xwiybQ6fdcppNoCyeMrTO8=,/SfzreH6at1+z6l8j36ZAG/urmc=
62,103,NOT5+xwiybQ6fdcppNoCyeMrTO8=,/SfzreH6at1+z6l8j36ZAG/urmc=
61,105,NOT5+xwiybQ6fdcppNoCyeMrTO8=,/SfzreH6at1+z6l8j36ZAG/urmc=
49,111,NOT5+xwiybQ6fdcppNoCyeMrTO8=,/SfzreH6at1+z6l8j36ZAG/urmc=
50,111,NOT5+xwiybQ6fdcppNoCyeMrTO8=,/SfzreH6at1+z6l8j36ZAG/urmc=
51,111,NOT5+xwiybQ6fdcppNoCyeMrTO8=,/SfzreH6at1+z6l8j36ZAG/urmc=
52,111,NOT5+xwiybQ6fdcppNoCyeMrTO8=,/SfzreH6at1+z6l8j36ZAG/urmc=
53,111,NOT5+xwiybQ6fdcppNoCyeMrTO8=,/SfzreH6at1+z6l8j36ZAG/urmc=
54,111,NOT5+xwiybQ6fdcppNoCyeMrTO8=,/SfzreH6at1+z6l8j36ZAG/urmc=
61,103,NOT5+xwiybQ6fdcppNoCyeMrTO8=,/SfzreH6at1+z6l8j36ZAG/urmc=
60,104,NOT5+xwiybQ6fdcppNoCyeMrTO8=,/SfzreH6at1+z6l8j36ZAG/urmc=
61,101,NOT5+xwiybQ6fdcppNoCyeMrTO8=,/SfzreH6at1+z6l8j36ZAG/urmc=
62,101,NOT5+xwiybQ6fdcppNoCyeMrTO8=,/SfzreH6at1+z6l8j36ZAG/urmc=
61,104,NOT5+xwiybQ6fdcppNoCyeMrTO8=,/SfzreH6at1+z6l8j36ZAG/urmc=
60,103,NOT5+xwiybQ6fdcppNoCyeMrTO8=,/SfzreH6at1+z6l8j36ZAG/urmc=
60,100,NOT5+xwiybQ6fdcppNoCyeMrTO8=,/SfzreH6at1+z6l8j36ZAG/urmc=
60,101,NOT5+xwiybQ6fdcppNoCyeMrTO8=,/SfzreH6at1+z6l8j36ZAG/urmc=
48,107,NOT5+xwiybQ6fdcppNoCyeMrTO8=,/SfzreH6at1+z6l8j36ZAG/urmc=
48,108,NOT5+xwiybQ6fdcppNoCyeMrTO8=,/SfzreH6at1+z6l8j36ZAG/urmc=
48,109,NOT5+xwiybQ6fdcppNoCyeMrTO8=,/SfzreH6at1+z6l8j36ZAG/urmc=
48,110,NOT5+xwiybQ6fdcppNoCyeMrTO8=,/SfzreH6at1+z6l8j36ZAG/urmc=
63,100,NOT5+xwiybQ6fdcppNoCyeMrTO8=,/SfzreH6at1+z6l8j36ZAG/urmc=
48,111,NOT5+xwiybQ6fdcppNoCyeMrTO8=,/SfzreH6at1+z6l8j36ZAG/urmc=
61,100,NOT5+xwiybQ6fdcppNoCyeMrTO8=,/SfzreH6at1+z6l8j36ZAG/urmc=
56,111,NOT5+xwiybQ6fdcppNoCyeMrTO8=,/SfzreH6at1+z6l8j36ZAG/urmc=
57,111,NOT5+xwiybQ6fdcppNoCyeMrTO8=,/SfzreH6at1+z6l8j36ZAG/urmc=
58,111,NOT5+xwiybQ6fdcppNoCyeMrTO8=,/SfzreH6at1+z6l8j36ZAG/urmc=
59,111,NOT5+xwiybQ6fdcppNoCyeMrTO8=,/SfzreH6at1+z6l8j36ZAG/urmc=
60,111,NOT5+xwiybQ6fdcppNoCyeMrTO8=,/SfzreH6at1+z6l8j36ZAG/urmc=
62,111,NOT5+xwiybQ6fdcppNoCyeMrTO8=,/SfzreH6at1+z6l8j36ZAG/urmc=
61,111,NOT5+xwiybQ6fdcppNoCyeMrTO8=,/SfzreH6at1+z6l8j36ZAG/urmc=
55,111,NOT5+xwiybQ6fdcppNoCyeMrTO8=,/SfzreH6at1+z6l8j36ZAG/urmc=
63,111,NOT5+xwiybQ6fdcppNoCyeMrTO8=,/SfzreH6at1+z6l8j36ZAG/urmc=
62,100,NOT5+xwiybQ6fdcppNoCyeMrTO8=,/SfzreH6at1+z6l8j36ZAG/urmc=
49,99,NOT5+xwiybQ6fdcppNoCyeMrTO8=,/SfzreH6at1+z6l8j36ZAG/urmc=
51,101,NOT5+xwiybQ6fdcppNoCyeMrTO8=,/SfzreH6at1+z6l8j36ZAG/urmc=
48,103,NOT5+xwiybQ6fdcppNoCyeMrTO8=,/SfzreH6at1+z6l8j36ZAG/urmc=
48,99,NOT5+xwiybQ6fdcppNoCyeMrTO8=,/SfzreH6at1+z6l8j36ZAG/urmc=
50,101,NOT5+xwiybQ6fdcppNoCyeMrTO8=,/SfzreH6at1+z6l8j36ZAG/urmc=
48,96,NOT5+xwiybQ6fdcppNoCyeMrTO8=,/SfzreH6at1+z6l8j36ZAG/urmc=
49,98,NOT5+xwiybQ6fdcppNoCyeMrTO8=,/SfzreH6at1+z6l8j36ZAG/urmc=
53,103,iRjUQkR7kgMASOQMLlfzuzgp7Qo=,/SfzreH6at1+z6l8j36ZAG/urmc=
51,97,NOT5+xwiybQ6fdcppNoCyeMrTO8=,/SfzreH6at1+z6l8j36ZAG/urmc=
56,104,NOT5+xwiybQ6fdcppNoCyeMrTO8=,/SfzreH6at1+z6l8j36ZAG/urmc=
51,104,NOT5+xwiybQ6fdcppNoCyeMrTO8=,/SfzreH6at1+z6l8j36ZAG/urmc=
51,96,NOT5+xwiybQ6fdcppNoCyeMrTO8=,/SfzreH6at1+z6l8j36ZAG/urmc=
52,103,iRjUQkR7kgMASOQMLlfzuzgp7Qo=,/SfzreH6at1+z6l8j36ZAG/urmc=
58,96,NOT5+xwiybQ6fdcppNoCyeMrTO8=,/SfzreH6at1+z6l8j36ZAG/urmc=
51,103,NOT5+xwiybQ6fdcppNoCyeMrTO8=,/SfzreH6at1+z6l8j36ZAG/urmc=
49,97,NOT5+xwiybQ6fdcppNoCyeMrTO8=,/SfzreH6at1+z6l8j36ZAG/urmc=
55,102,NOT5+xwiybQ6fdcppNoCyeMrTO8=,/SfzreH6at1+z6l8j36ZAG/urmc=
56,103,NOT5+xwiybQ6fdcppNoCyeMrTO8=,/SfzreH6at1+z6l8j36ZAG/urmc=
56,102,NOT5+xwiybQ6fdcppNoCyeMrTO8=,/SfzreH6at1+z6l8j36ZAG/urmc=
55,96,NOT5+xwiybQ6fdcppNoCyeMrTO8=,/SfzreH6at1+z6l8j36ZAG/urmc=
59,99,NOT5+xwiybQ6fdcppNoCyeMrTO8=,/SfzreH6at1+z6l8j36ZAG/urmc=
53,96,NOT5+xwiybQ6fdcppNoCyeMrTO8=,/SfzreH6at1+z6l8j36ZAG/urmc=
57,96,NOT5+xwiybQ6fdcppNoCyeMrTO8=,/SfzreH6at1+z6l8j36ZAG/urmc=
50,104,NOT5+xwiybQ6fdcppNoCyeMrTO8=,/SfzreH6at1+z6l8j36ZAG/urmc=
56,99,iRjUQkR7kgMASOQMLlfzuzgp7Qo=,/SfzreH6at1+z6l8j36ZAG/urmc=
58,99,NOT5+xwiybQ6fdcppNoCyeMrTO8=,/SfzreH6at1+z6l8j36ZAG/urmc=
54,98,NOT5+xwiybQ6fdcppNoCyeMrTO8=,/SfzreH6at1+z6l8j36ZAG/urmc=
56,96,NOT5+xwiybQ6fdcppNoCyeMrTO8=,/SfzreH6at1+z6l8j36ZAG/urmc=
60,96,NOT5+xwiybQ6fdcppNoCyeMrTO8=,/SfzreH6at1+z6l8j36ZAG/urmc=
49,101,NOT5+xwiybQ6fdcppNoCyeMrTO8=,/SfzreH6at1+z6l8j36ZAG/urmc=
61,96,NOT5+xwiybQ6fdcppNoCyeMrTO8=,/SfzreH6at1+z6l8j36ZAG/urmc=
61,99,NOT5+xwiybQ6fdcppNoCyeMrTO8=,/SfzreH6at1+z6l8j36ZAG/urmc=
57,99,NOT5+xwiybQ6fdcppNoCyeMrTO8=,/SfzreH6at1+z6l8j36ZAG/urmc=
49,96,NOT5+xwiybQ6fdcppNoCyeMrTO8=,/SfzreH6at1+z6l8j36ZAG/urmc=
49,104,NOT5+xwiybQ6fdcppNoCyeMrTO8=,/SfzreH6at1+z6l8j36ZAG/urmc=
62,98,NOT5+xwiybQ6fdcppNoCyeMrTO8=,/SfzreH6at1+z6l8j36ZAG/urmc=
53,98,NOT5+xwiybQ6fdcppNoCyeMrTO8=,/SfzreH6at1+z6l8j36ZAG/urmc=
59,98,NOT5+xwiybQ6fdcppNoCyeMrTO8=,/SfzreH6at1+z6l8j36ZAG/urmc=
61,98,NOT5+xwiybQ6fdcppNoCyeMrTO8=,/SfzreH6at1+z6l8j36ZAG/urmc=
60,99,NOT5+xwiybQ6fdcppNoCyeMrTO8=,/SfzreH6at1+z6l8j36ZAG/urmc=
60,98,NOT5+xwiybQ6fdcppNoCyeMrTO8=,/SfzreH6at1+z6l8j36ZAG/urmc=
58,98,NOT5+xwiybQ6fdcppNoCyeMrTO8=,/SfzreH6at1+z6l8j36ZAG/urmc=
54,101,iRjUQkR7kgMASOQMLlfzuzgp7Qo=,/SfzreH6at1+z6l8j36ZAG/urmc=
59,96,NOT5+xwiybQ6fdcppNoCyeMrTO8=,/SfzreH6at1+z6l8j36ZAG/urmc=
53,102,iRjUQkR7kgMASOQMLlfzuzgp7Qo=,/SfzreH6at1+z6l8j36ZAG/urmc=
51,99,NOT5+xwiybQ6fdcppNoCyeMrTO8=,/SfzreH6at1+z6l8j36ZAG/urmc=
50,99,NOT5+xwiybQ6fdcppNoCyeMrTO8=,/SfzreH6at1+z6l8j36ZAG/urmc=
55,98,NOT5+xwiybQ6fdcppNoCyeMrTO8=,/SfzreH6at1+z6l8j36ZAG/urmc=
57,97,NOT5+xwiybQ6fdcppNoCyeMrTO8=,/SfzreH6at1+z6l8j36ZAG/urmc=
56,101,NOT5+xwiybQ6fdcppNoCyeMrTO8=,/SfzreH6at1+z6l8j36ZAG/urmc=
63,96,NOT5+xwiybQ6fdcppNoCyeMrTO8=,/SfzreH6at1+z6l8j36ZAG/urmc=
48,101,NOT5+xwiybQ6fdcppNoCyeMrTO8=,/SfzreH6at1+z6l8j36ZAG/urmc=
52,96,NOT5+xwiybQ6fdcppNoCyeMrTO8=,/SfzreH6at1+z6l8j36ZAG/urmc=
58,97,NOT5+xwiybQ6fdcppNoCyeMrTO8=,/SfzreH6at1+z6l8j36ZAG/urmc=
59,97,NOT5+xwiybQ6fdcppNoCyeMrTO8=,/SfzreH6at1+z6l8j36ZAG/urmc=
55,100,iRjUQkR7kgMASOQMLlfzuzgp7Qo=,/SfzreH6at1+z6l8j36ZAG/urmc=
63,97,NOT5+xwiybQ6fdcppNoCyeMrTO8=,/SfzreH6at1+z6l8j36ZAG/urmc=
48,104,NOT5+xwiybQ6fdcppNoCyeMrTO8=,/SfzreH6at1+z6l8j36ZAG/urmc=
53,97,iRjUQkR7kgMASOQMLlfzuzgp7Qo=,/SfzreH6at1+z6l8j36ZAG/urmc=
62,97,NOT5+xwiybQ6fdcppNoCyeMrTO8=,/SfzreH6at1+z6l8j36ZAG/urmc=
51,102,NOT5+xwiybQ6fdcppNoCyeMrTO8=,/SfzreH6at1+z6l8j36ZAG/urmc=
62,96,iRjUQkR7kgMASOQMLlfzuzgp7Qo=,/SfzreH6at1+z6l8j36ZAG/urmc=
54,100,iRjUQkR7kgMASOQMLlfzuzgp7Qo=,/SfzreH6at1+z6l8j36ZAG/urmc=
52,97,NOT5+xwiybQ6fdcppNoCyeMrTO8=,/SfzreH6at1+z6l8j36ZAG/urmc=
57,98,NOT5+xwiybQ6fdcppNoCyeMrTO8=,/SfzreH6at1+z6l8j36ZAG/urmc=
54,96,NOT5+xwiybQ6fdcppNoCyeMrTO8=,/SfzreH6at1+z6l8j36ZAG/urmc=
50,96,NOT5+xwiybQ6fdcppNoCyeMrTO8=,/SfzreH6at1+z6l8j36ZAG/urmc=
52,102,NOT5+xwiybQ6fdcppNoCyeMrTO8=,/SfzreH6at1+z6l8j36ZAG/urmc=
50,103,NOT5+xwiybQ6fdcppNoCyeMrTO8=,/SfzreH6at1+z6l8j36ZAG/urmc=
61,97,NOT5+xwiybQ6fdcppNoCyeMrTO8=,/SfzreH6at1+z6l8j36ZAG/urmc=
50,102,NOT5+xwiybQ6fdcppNoCyeMrTO8=,/SfzreH6at1+z6l8j36ZAG/urmc=
54,104,NOT5+xwiybQ6fdcppNoCyeMrTO8=,/SfzreH6at1+z6l8j36ZAG/urmc=
51,100,NOT5+xwiybQ6fdcppNoCyeMrTO8=,/SfzreH6at1+z6l8j36ZAG/urmc=
49,103,NOT5+xwiybQ6fdcppNoCyeMrTO8=,/SfzreH6at1+z6l8j36ZAG/urmc=
50,100,NOT5+xwiybQ6fdcppNoCyeMrTO8=,/SfzreH6at1+z6l8j36ZAG/urmc=
53,104,iRjUQkR7kgMASOQMLlfzuzgp7Qo=,/SfzreH6at1+z6l8j36ZAG/urmc=
53,100,iRjUQkR7kgMASOQMLlfzuzgp7Qo=,/SfzreH6at1+z6l8j36ZAG/urmc=
49,100,NOT5+xwiybQ6fdcppNoCyeMrTO8=,/SfzreH6at1+z6l8j36ZAG/urmc=
51,98,NOT5+xwiybQ6fdcppNoCyeMrTO8=,/SfzreH6at1+z6l8j36ZAG/urmc=
60,97,NOT5+xwiybQ6fdcppNoCyeMrTO8=,/SfzreH6at1+z6l8j36ZAG/urmc=
52,98,NOT5+xwiybQ6fdcppNoCyeMrTO8=,/SfzreH6at1+z6l8j36ZAG/urmc=
49,102,NOT5+xwiybQ6fdcppNoCyeMrTO8=,/SfzreH6at1+z6l8j36ZAG/urmc=
55,104,NOT5+xwiybQ6fdcppNoCyeMrTO8=,/SfzreH6at1+z6l8j36ZAG/urmc=
48,102,NOT5+xwiybQ6fdcppNoCyeMrTO8=,/SfzreH6at1+z6l8j36ZAG/urmc=
55,99,iRjUQkR7kgMASOQMLlfzuzgp7Qo=,/SfzreH6at1+z6l8j36ZAG/urmc=
52,104,iRjUQkR7kgMASOQMLlfzuzgp7Qo=,/SfzreH6at1+z6l8j36ZAG/urmc=
48,98,NOT5+xwiybQ6fdcppNoCyeMrTO8=,/SfzreH6at1+z6l8j36ZAG/urmc=
56,97,NOT5+xwiybQ6fdcppNoCyeMrTO8=,/SfzreH6at1+z6l8j36ZAG/urmc=
48,100,NOT5+xwiybQ6fdcppNoCyeMrTO8=,/SfzreH6at1+z6l8j36ZAG/urmc=
50,98,NOT5+xwiybQ6fdcppNoCyeMrTO8=,/SfzreH6at1+z6l8j36ZAG/urmc=
54,99,iRjUQkR7kgMASOQMLlfzuzgp7Qo=,/SfzreH6at1+z6l8j36ZAG/urmc=
56,98,iRjUQkR7kgMASOQMLlfzuzgp7Qo=,/SfzreH6at1+z6l8j36ZAG/urmc=
53,101,NOT5+xwiybQ6fdcppNoCyeMrTO8=,/SfzreH6at1+z6l8j36ZAG/urmc=
48,97,NOT5+xwiybQ6fdcppNoCyeMrTO8=,/SfzreH6at1+z6l8j36ZAG/urmc=
57,105,iRjUQkR7kgMASOQMLlfzuzgp7Qo=,/SfzreH6at1+z6l8j36ZAG/urmc=
56,100,NOT5+xwiybQ6fdcppNoCyeMrTO8=,/SfzreH6at1+z6l8j36ZAG/urmc=
55,103,NOT5+xwiybQ6fdcppNoCyeMrTO8=,/SfzreH6at1+z6l8j36ZAG/urmc=
52,101,NOT5+xwiybQ6fdcppNoCyeMrTO8=,/SfzreH6at1+z6l8j36ZAG/urmc=
58,106,iRjUQkR7kgMASOQMLlfzuzgp7Qo=,/SfzreH6at1+z6l8j36ZAG/urmc=
49,106,iRjUQkR7kgMASOQMLlfzuzgp7Qo=,/SfzreH6at1+z6l8j36ZAG/urmc=
58,105,iRjUQkR7kgMASOQMLlfzuzgp7Qo=,/SfzreH6at1+z6l8j36ZAG/urmc=
55,101,iRjUQkR7kgMASOQMLlfzuzgp7Qo=,/SfzreH6at1+z6l8j36ZAG/urmc=
54,97,NOT5+xwiybQ6fdcppNoCyeMrTO8=,/SfzreH6at1+z6l8j36ZAG/urmc=
50,106,iRjUQkR7kgMASOQMLlfzuzgp7Qo=,/SfzreH6at1+z6l8j36ZAG/urmc=
51,106,iRjUQkR7kgMASOQMLlfzuzgp7Qo=,/SfzreH6at1+z6l8j36ZAG/urmc=
55,97,NOT5+xwiybQ6fdcppNoCyeMrTO8=,/SfzreH6at1+z6l8j36ZAG/urmc=
54,102,NOT5+xwiybQ6fdcppNoCyeMrTO8=,/SfzreH6at1+z6l8j36ZAG/urmc=
52,99,NOT5+xwiybQ6fdcppNoCyeMrTO8=,/SfzreH6at1+z6l8j36ZAG/urmc=
53,99,NOT5+xwiybQ6fdcppNoCyeMrTO8=,/SfzreH6at1+z6l8j36ZAG/urmc=
56,105,iRjUQkR7kgMASOQMLlfzuzgp7Qo=,/SfzreH6at1+z6l8j36ZAG/urmc=
55,105,iRjUQkR7kgMASOQMLlfzuzgp7Qo=,/SfzreH6at1+z6l8j36ZAG/urmc=
54,105,iRjUQkR7kgMASOQMLlfzuzgp7Qo=,/SfzreH6at1+z6l8j36ZAG/urmc=
50,105,iRjUQkR7kgMASOQMLlfzuzgp7Qo=,/SfzreH6at1+z6l8j36ZAG/urmc=
59,105,iRjUQkR7kgMASOQMLlfzuzgp7Qo=,/SfzreH6at1+z6l8j36ZAG/urmc=
54,103,iRjUQkR7kgMASOQMLlfzuzgp7Qo=,/SfzreH6at1+z6l8j36ZAG/urmc=
51,105,iRjUQkR7kgMASOQMLlfzuzgp7Qo=,/SfzreH6at1+z6l8j36ZAG/urmc=
59,106,iRjUQkR7kgMASOQMLlfzuzgp7Qo=,/SfzreH6at1+z6l8j36ZAG/urmc=
49,105,iRjUQkR7kgMASOQMLlfzuzgp7Qo=,/SfzreH6at1+z6l8j36ZAG/urmc=
53,106,iRjUQkR7kgMASOQMLlfzuzgp7Qo=,/SfzreH6at1+z6l8j36ZAG/urmc=
54,106,iRjUQkR7kgMASOQMLlfzuzgp7Qo=,/SfzreH6at1+z6l8j36ZAG/urmc=
53,105,iRjUQkR7kgMASOQMLlfzuzgp7Qo=,/SfzreH6at1+z6l8j36ZAG/urmc=
59,104,NOT5+xwiybQ6fdcppNoCyeMrTO8=,/SfzreH6at1+z6l8j36ZAG/urmc=
57,104,iRjUQkR7kgMASOQMLlfzuzgp7Qo=,/SfzreH6at1+z6l8j36ZAG/urmc=
58,103,iRjUQkR7kgMASOQMLlfzuzgp7Qo=,/SfzreH6at1+z6l8j36ZAG/urmc=
58,104,iRjUQkR7kgMASOQMLlfzuzgp7Qo=,/SfzreH6at1+z6l8j36ZAG/urmc=
52,105,iRjUQkR7kgMASOQMLlfzuzgp7Qo=,/SfzreH6at1+z6l8j36ZAG/urmc=
50,97,NOT5+xwiybQ6fdcppNoCyeMrTO8=,/SfzreH6at1+z6l8j36ZAG/urmc=
58,102,iRjUQkR7kgMASOQMLlfzuzgp7Qo=,/SfzreH6at1+z6l8j36ZAG/urmc=
59,103,iRjUQkR7kgMASOQMLlfzuzgp7Qo=,/SfzreH6at1+z6l8j36ZAG/urmc=
57,103,iRjUQkR7kgMASOQMLlfzuzgp7Qo=,/SfzreH6at1+z6l8j36ZAG/urmc=
59,102,iRjUQkR7kgMASOQMLlfzuzgp7Qo=,/SfzreH6at1+z6l8j36ZAG/urmc=
48,106,iRjUQkR7kgMASOQMLlfzuzgp7Qo=,/SfzreH6at1+z6l8j36ZAG/urmc=
58,100,iRjUQkR7kgMASOQMLlfzuzgp7Qo=,/SfzreH6at1+z6l8j36ZAG/urmc=
59,100,iRjUQkR7kgMASOQMLlfzuzgp7Qo=,/SfzreH6at1+z6l8j36ZAG/urmc=
48,105,iRjUQkR7kgMASOQMLlfzuzgp7Qo=,/SfzreH6at1+z6l8j36ZAG/urmc=
57,100,iRjUQkR7kgMASOQMLlfzuzgp7Qo=,/SfzreH6at1+z6l8j36ZAG/urmc=
52,100,iRjUQkR7kgMASOQMLlfzuzgp7Qo=,/SfzreH6at1+z6l8j36ZAG/urmc=
57,102,iRjUQkR7kgMASOQMLlfzuzgp7Qo=,/SfzreH6at1+z6l8j36ZAG/urmc=
59,101,iRjUQkR7kgMASOQMLlfzuzgp7Qo=,/SfzreH6at1+z6l8j36ZAG/urmc=
57,101,NOT5+xwiybQ6fdcppNoCyeMrTO8=,/SfzreH6at1+z6l8j36ZAG/urmc=
58,101,iRjUQkR7kgMASOQMLlfzuzgp7Qo=,/SfzreH6at1+z6l8j36ZAG/urmc=
