123,-2,AH/ZSPC645Sl18wVuKz0M2cGtWg=,/SfzreH6at1+z6l8j36ZAG/urmc=
123,-1,AH/ZSPC645Sl18wVuKz0M2cGtWg=,/SfzreH6at1+z6l8j36ZAG/urmc=
121,-3,AH/ZSPC645Sl18wVuKz0M2cGtWg=,/SfzreH6at1+z6l8j36ZAG/urmc=
120,-6,AH/ZSPC645Sl18wVuKz0M2cGtWg=,/SfzreH6at1+z6l8j36ZAG/urmc=
124,-8,AH/ZSPC645Sl18wVuKz0M2cGtWg=,/SfzreH6at1+z6l8j36ZAG/urmc=
124,-1,AH/ZSPC645Sl18wVuKz0M2cGtWg=,/SfzreH6at1+z6l8j36ZAG/urmc=
120,-3,AH/ZSPC645Sl18wVuKz0M2cGtWg=,/SfzreH6at1+z6l8j36ZAG/urmc=
121,-6,AH/ZSPC645Sl18wVuKz0M2cGtWg=,/SfzreH6at1+z6l8j36ZAG/urmc=
121,-4,AH/ZSPC645Sl18wVuKz0M2cGtWg=,/SfzreH6at1+z6l8j36ZAG/urmc=
122,-4,AH/ZSPC645Sl18wVuKz0M2cGtWg=,/SfzreH6at1+z6l8j36ZAG/urmc=
127,-3,AH/ZSPC645Sl18wVuKz0M2cGtWg=,/SfzreH6at1+z6l8j36ZAG/urmc=
126,-3,AH/ZSPC645Sl18wVuKz0M2cGtWg=,/SfzreH6at1+z6l8j36ZAG/urmc=
125,-3,AH/ZSPC645Sl18wVuKz0M2cGtWg=,/SfzreH6at1+z6l8j36ZAG/urmc=
127,-8,AH/ZSPC645Sl18wVuKz0M2cGtWg=,/SfzreH6at1+z6l8j36ZAG/urmc=
122,-6,AH/ZSPC645Sl18wVuKz0M2cGtWg=,/SfzreH6at1+z6l8j36ZAG/urmc=
127,-6,AH/ZSPC645Sl18wVuKz0M2cGtWg=,/SfzreH6at1+z6l8j36ZAG/urmc=
126,-6,AH/ZSPC645Sl18wVuKz0M2cGtWg=,/SfzreH6at1+z6l8j36ZAG/urmc=
127,-1,AH/ZSPC645Sl18wVuKz0M2cGtWg=,/SfzreH6at1+z6l8j36ZAG/urmc=
120,-4,AH/ZSPC645Sl18wVuKz0M2cGtWg=,/SfzreH6at1+z6l8j36ZAG/urmc=
127,-5,AH/ZSPC645Sl18wVuKz0M2cGtWg=,/SfzreH6at1+z6l8j36ZAG/urmc=
120,-8,AH/ZSPC645Sl18wVuKz0M2cGtWg=,/SfzreH6at1+z6l8j36ZAG/urmc=
125,-8,AH/ZSPC645Sl18wVuKz0M2cGtWg=,/SfzreH6at1+z6l8j36ZAG/urmc=
123,-8,AH/ZSPC645Sl18wVuKz0M2cGtWg=,/SfzreH6at1+z6l8j36ZAG/urmc=
123,-6,AH/ZSPC645Sl18wVuKz0M2cGtWg=,/SfzreH6at1+z6l8j36ZAG/urmc=
127,-7,AH/ZSPC645Sl18wVuKz0M2cGtWg=,/SfzreH6at1+z6l8j36ZAG/urmc=
126,-7,AH/ZSPC645Sl18wVuKz0M2cGtWg=,/SfzreH6at1+z6l8j36ZAG/urmc=
120,-7,AH/ZSPC645Sl18wVuKz0M2cGtWg=,/SfzreH6at1+z6l8j36ZAG/urmc=
125,-7,AH/ZSPC645Sl18wVuKz0M2cGtWg=,/SfzreH6at1+z6l8j36ZAG/urmc=
121,-7,AH/ZSPC645Sl18wVuKz0M2cGtWg=,/SfzreH6at1+z6l8j36ZAG/urmc=
124,-7,AH/ZSPC645Sl18wVuKz0M2cGtWg=,/SfzreH6at1+z6l8j36ZAG/urmc=
123,-7,AH/ZSPC645Sl18wVuKz0M2cGtWg=,/SfzreH6at1+z6l8j36ZAG/urmc=
124,-2,AH/ZSPC645Sl18wVuKz0M2cGtWg=,/SfzreH6at1+z6l8j36ZAG/urmc=
122,-7,AH/ZSPC645Sl18wVuKz0M2cGtWg=,/SfzreH6at1+z6l8j36ZAG/urmc=
122,-8,AH/ZSPC645Sl18wVuKz0M2cGtWg=,/SfzreH6at1+z6l8j36ZAG/urmc=
121,-8,AH/ZSPC645Sl18wVuKz0M2cGtWg=,/SfzreH6at1+z6l8j36ZAG/urmc=
127,-4,AH/ZSPC645Sl18wVuKz0M2cGtWg=,/SfzreH6at1+z6l8j36ZAG/urmc=
122,-3,AH/ZSPC645Sl18wVuKz0M2cGtWg=,/SfzreH6at1+z6l8j36ZAG/urmc=
126,-4,AH/ZSPC645Sl18wVuKz0M2cGtWg=,/SfzreH6at1+z6l8j36ZAG/urmc=
127,-2,AH/ZSPC645Sl18wVuKz0M2cGtWg=,/SfzreH6at1+z6l8j36ZAG/urmc=
120,-5,AH/ZSPC645Sl18wVuKz0M2cGtWg=,/SfzreH6at1+z6l8j36ZAG/urmc=
126,-5,AH/ZSPC645Sl18wVuKz0M2cGtWg=,/SfzreH6at1+z6l8j36ZAG/urmc=
123,-4,AH/ZSPC645Sl18wVuKz0M2cGtWg=,/SfzreH6at1+z6l8j36ZAG/urmc=
125,-5,AH/ZSPC645Sl18wVuKz0M2cGtWg=,/SfzreH6at1+z6l8j36ZAG/urmc=
121,-5,AH/ZSPC645Sl18wVuKz0M2cGtWg=,/SfzreH6at1+z6l8j36ZAG/urmc=
125,-4,AH/ZSPC645Sl18wVuKz0M2cGtWg=,/SfzreH6at1+z6l8j36ZAG/urmc=
123,-3,AH/ZSPC645Sl18wVuKz0M2cGtWg=,/SfzreH6at1+z6l8j36ZAG/urmc=
124,-5,AH/ZSPC645Sl18wVuKz0M2cGtWg=,/SfzreH6at1+z6l8j36ZAG/urmc=
123,-5,AH/ZSPC645Sl18wVuKz0M2cGtWg=,/SfzreH6at1+z6l8j36ZAG/urmc=
125,-6,AH/ZSPC645Sl18wVuKz0M2cGtWg=,/SfzreH6at1+z6l8j36ZAG/urmc=
124,-6,AH/ZSPC645Sl18wVuKz0M2cGtWg=,/SfzreH6at1+z6l8j36ZAG/urmc=
126,-8,AH/ZSPC645Sl18wVuKz0M2cGtWg=,/SfzreH6at1+z6l8j36ZAG/urmc=
124,-4,AH/ZSPC645Sl18wVuKz0M2cGtWg=,/SfzreH6at1+z6l8j36ZAG/urmc=
124,-3,AH/ZSPC645Sl18wVuKz0M2cGtWg=,/SfzreH6at1+z6l8j36ZAG/urmc=
125,-2,AH/ZSPC645Sl18wVuKz0M2cGtWg=,/SfzreH6at1+z6l8j36ZAG/urmc=
122,-5,AH/ZSPC645Sl18wVuKz0M2cGtWg=,/SfzreH6at1+z6l8j36ZAG/urmc=
120,-2,AH/ZSPC645Sl18wVuKz0M2cGtWg=,/SfzreH6at1+z6l8j36ZAG/urmc=
122,-2,AH/ZSPC645Sl18wVuKz0M2cGtWg=,/SfzreH6at1+z6l8j36ZAG/urmc=
126,-1,AH/ZSPC645Sl18wVuKz0M2cGtWg=,/SfzreH6at1+z6l8j36ZAG/urmc=
126,-2,AH/ZSPC645Sl18wVuKz0M2cGtWg=,/SfzreH6at1+z6l8j36ZAG/urmc=
125,-1,AH/ZSPC645Sl18wVuKz0M2cGtWg=,/SfzreH6at1+z6l8j36ZAG/urmc=
121,-2,AH/ZSPC645Sl18wVuKz0M2cGtWg=,/SfzreH6at1+z6l8j36ZAG/urmc=
121,-1,AH/ZSPC645Sl18wVuKz0M2cGtWg=,/SfzreH6at1+z6l8j36ZAG/urmc=
120,-1,AH/ZSPC645Sl18wVuKz0M2cGtWg=,/SfzreH6at1+z6l8j36ZAG/urmc=
122,-1,AH/ZSPC645Sl18wVuKz0M2cGtWg=,/SfzreH6at1+z6l8j36ZAG/urmc=
102,-7,+GcEZ6bvqNr2JNPwYmVoNkOY+7Q=,/SfzreH6at1+z6l8j36ZAG/urmc=
96,-6,+GcEZ6bvqNr2JNPwYmVoNkOY+7Q=,/SfzreH6at1+z6l8j36ZAG/urmc=
101,-1,+GcEZ6bvqNr2JNPwYmVoNkOY+7Q=,/SfzreH6at1+z6l8j36ZAG/urmc=
100,-1,+GcEZ6bvqNr2JNPwYmVoNkOY+7Q=,/SfzreH6at1+z6l8j36ZAG/urmc=
99,-1,+GcEZ6bvqNr2JNPwYmVoNkOY+7Q=,/SfzreH6at1+z6l8j36ZAG/urmc=
98,-1,+GcEZ6bvqNr2JNPwYmVoNkOY+7Q=,/SfzreH6at1+z6l8j36ZAG/urmc=
97,-1,+GcEZ6bvqNr2JNPwYmVoNkOY+7Q=,/SfzreH6at1+z6l8j36ZAG/urmc=
96,-1,+GcEZ6bvqNr2JNPwYmVoNkOY+7Q=,/SfzreH6at1+z6l8j36ZAG/urmc=
101,-7,+GcEZ6bvqNr2JNPwYmVoNkOY+7Q=,/SfzreH6at1+z6l8j36ZAG/urmc=
102,-2,+GcEZ6bvqNr2JNPwYmVoNkOY+7Q=,/SfzreH6at1+z6l8j36ZAG/urmc=
101,-2,+GcEZ6bvqNr2JNPwYmVoNkOY+7Q=,/SfzreH6at1+z6l8j36ZAG/urmc=
100,-2,+GcEZ6bvqNr2JNPwYmVoNkOY+7Q=,/SfzreH6at1+z6l8j36ZAG/urmc=
100,-7,+GcEZ6bvqNr2JNPwYmVoNkOY+7Q=,/SfzreH6at1+z6l8j36ZAG/urmc=
99,-2,+GcEZ6bvqNr2JNPwYmVoNkOY+7Q=,/SfzreH6at1+z6l8j36ZAG/urmc=
99,-7,+GcEZ6bvqNr2JNPwYmVoNkOY+7Q=,/SfzreH6at1+z6l8j36ZAG/urmc=
98,-2,+GcEZ6bvqNr2JNPwYmVoNkOY+7Q=,/SfzreH6at1+z6l8j36ZAG/urmc=
97,-2,+GcEZ6bvqNr2JNPwYmVoNkOY+7Q=,/SfzreH6at1+z6l8j36ZAG/urmc=
96,-2,+GcEZ6bvqNr2JNPwYmVoNkOY+7Q=,/SfzreH6at1+z6l8j36ZAG/urmc=
102,-3,+GcEZ6bvqNr2JNPwYmVoNkOY+7Q=,/SfzreH6at1+z6l8j36ZAG/urmc=
101,-3,+GcEZ6bvqNr2JNPwYmVoNkOY+7Q=,/SfzreH6at1+z6l8j36ZAG/urmc=
98,-7,+GcEZ6bvqNr2JNPwYmVoNkOY+7Q=,/SfzreH6at1+z6l8j36ZAG/urmc=
97,-7,+GcEZ6bvqNr2JNPwYmVoNkOY+7Q=,/SfzreH6at1+z6l8j36ZAG/urmc=
100,-3,+GcEZ6bvqNr2JNPwYmVoNkOY+7Q=,/SfzreH6at1+z6l8j36ZAG/urmc=
96,-7,+GcEZ6bvqNr2JNPwYmVoNkOY+7Q=,/SfzreH6at1+z6l8j36ZAG/urmc=
99,-3,+GcEZ6bvqNr2JNPwYmVoNkOY+7Q=,/SfzreH6at1+z6l8j36ZAG/urmc=
102,-1,+GcEZ6bvqNr2JNPwYmVoNkOY+7Q=,/SfzreH6at1+z6l8j36ZAG/urmc=
98,-3,+GcEZ6bvqNr2JNPwYmVoNkOY+7Q=,/SfzreH6at1+z6l8j36ZAG/urmc=
97,-3,+GcEZ6bvqNr2JNPwYmVoNkOY+7Q=,/SfzreH6at1+z6l8j36ZAG/urmc=
96,-3,+GcEZ6bvqNr2JNPwYmVoNkOY+7Q=,/SfzreH6at1+z6l8j36ZAG/urmc=
102,-4,+GcEZ6bvqNr2JNPwYmVoNkOY+7Q=,/SfzreH6at1+z6l8j36ZAG/urmc=
101,-4,+GcEZ6bvqNr2JNPwYmVoNkOY+7Q=,/SfzreH6at1+z6l8j36ZAG/urmc=
102,-8,+GcEZ6bvqNr2JNPwYmVoNkOY+7Q=,/SfzreH6at1+z6l8j36ZAG/urmc=
100,-4,+GcEZ6bvqNr2JNPwYmVoNkOY+7Q=,/SfzreH6at1+z6l8j36ZAG/urmc=
99,-4,+GcEZ6bvqNr2JNPwYmVoNkOY+7Q=,/SfzreH6at1+z6l8j36ZAG/urmc=
98,-4,+GcEZ6bvqNr2JNPwYmVoNkOY+7Q=,/SfzreH6at1+z6l8j36ZAG/urmc=
97,-4,+GcEZ6bvqNr2JNPwYmVoNkOY+7Q=,/SfzreH6at1+z6l8j36ZAG/urmc=
96,-4,+GcEZ6bvqNr2JNPwYmVoNkOY+7Q=,/SfzreH6at1+z6l8j36ZAG/urmc=
102,-5,+GcEZ6bvqNr2JNPwYmVoNkOY+7Q=,/SfzreH6at1+z6l8j36ZAG/urmc=
101,-5,+GcEZ6bvqNr2JNPwYmVoNkOY+7Q=,/SfzreH6at1+z6l8j36ZAG/urmc=
101,-8,+GcEZ6bvqNr2JNPwYmVoNkOY+7Q=,/SfzreH6at1+z6l8j36ZAG/urmc=
100,-8,+GcEZ6bvqNr2JNPwYmVoNkOY+7Q=,/SfzreH6at1+z6l8j36ZAG/urmc=
99,-8,+GcEZ6bvqNr2JNPwYmVoNkOY+7Q=,/SfzreH6at1+z6l8j36ZAG/urmc=
100,-5,+GcEZ6bvqNr2JNPwYmVoNkOY+7Q=,/SfzreH6at1+z6l8j36ZAG/urmc=
98,-8,+GcEZ6bvqNr2JNPwYmVoNkOY+7Q=,/SfzreH6at1+z6l8j36ZAG/urmc=
99,-5,+GcEZ6bvqNr2JNPwYmVoNkOY+7Q=,/SfzreH6at1+z6l8j36ZAG/urmc=
98,-5,+GcEZ6bvqNr2JNPwYmVoNkOY+7Q=,/SfzreH6at1+z6l8j36ZAG/urmc=
97,-8,+GcEZ6bvqNr2JNPwYmVoNkOY+7Q=,/SfzreH6at1+z6l8j36ZAG/urmc=
97,-5,+GcEZ6bvqNr2JNPwYmVoNkOY+7Q=,/SfzreH6at1+z6l8j36ZAG/urmc=
96,-5,+GcEZ6bvqNr2JNPwYmVoNkOY+7Q=,/SfzreH6at1+z6l8j36ZAG/urmc=
96,-8,+GcEZ6bvqNr2JNPwYmVoNkOY+7Q=,/SfzreH6at1+z6l8j36ZAG/urmc=
100,-6,+GcEZ6bvqNr2JNPwYmVoNkOY+7Q=,/SfzreH6at1+z6l8j36ZAG/urmc=
101,-6,+GcEZ6bvqNr2JNPwYmVoNkOY+7Q=,/SfzreH6at1+z6l8j36ZAG/urmc=
99,-6,+GcEZ6bvqNr2JNPwYmVoNkOY+7Q=,/SfzreH6at1+z6l8j36ZAG/urmc=
98,-6,+GcEZ6bvqNr2JNPwYmVoNkOY+7Q=,/SfzreH6at1+z6l8j36ZAG/urmc=
97,-6,+GcEZ6bvqNr2JNPwYmVoNkOY+7Q=,/SfzreH6at1+z6l8j36ZAG/urmc=
109,-1,+GcEZ6bvqNr2JNPwYmVoNkOY+7Q=,/SfzreH6at1+z6l8j36ZAG/urmc=
109,-2,+GcEZ6bvqNr2JNPwYmVoNkOY+7Q=,/SfzreH6at1+z6l8j36ZAG/urmc=
106,-6,+GcEZ6bvqNr2JNPwYmVoNkOY+7Q=,/SfzreH6at1+z6l8j36ZAG/urmc=
103,-7,+GcEZ6bvqNr2JNPwYmVoNkOY+7Q=,/SfzreH6at1+z6l8j36ZAG/urmc=
105,-6,+GcEZ6bvqNr2JNPwYmVoNkOY+7Q=,/SfzreH6at1+z6l8j36ZAG/urmc=
103,-1,+GcEZ6bvqNr2JNPwYmVoNkOY+7Q=,/SfzreH6at1+z6l8j36ZAG/urmc=
104,-6,+GcEZ6bvqNr2JNPwYmVoNkOY+7Q=,/SfzreH6at1+z6l8j36ZAG/urmc=
111,-7,+GcEZ6bvqNr2JNPwYmVoNkOY+7Q=,/SfzreH6at1+z6l8j36ZAG/urmc=
105,-7,+GcEZ6bvqNr2JNPwYmVoNkOY+7Q=,/SfzreH6at1+z6l8j36ZAG/urmc=
103,-2,+GcEZ6bvqNr2JNPwYmVoNkOY+7Q=,/SfzreH6at1+z6l8j36ZAG/urmc=
109,-8,+GcEZ6bvqNr2JNPwYmVoNkOY+7Q=,/SfzreH6at1+z6l8j36ZAG/urmc=
110,-7,+GcEZ6bvqNr2JNPwYmVoNkOY+7Q=,/SfzreH6at1+z6l8j36ZAG/urmc=
104,-5,+GcEZ6bvqNr2JNPwYmVoNkOY+7Q=,/SfzreH6at1+z6l8j36ZAG/urmc=
104,-3,+GcEZ6bvqNr2JNPwYmVoNkOY+7Q=,/SfzreH6at1+z6l8j36ZAG/urmc=
111,-4,+GcEZ6bvqNr2JNPwYmVoNkOY+7Q=,/SfzreH6at1+z6l8j36ZAG/urmc=
110,-4,+GcEZ6bvqNr2JNPwYmVoNkOY+7Q=,/SfzreH6at1+z6l8j36ZAG/urmc=
111,-8,+GcEZ6bvqNr2JNPwYmVoNkOY+7Q=,/SfzreH6at1+z6l8j36ZAG/urmc=
111,-5,+GcEZ6bvqNr2JNPwYmVoNkOY+7Q=,/SfzreH6at1+z6l8j36ZAG/urmc=
104,-4,+GcEZ6bvqNr2JNPwYmVoNkOY+7Q=,/SfzreH6at1+z6l8j36ZAG/urmc=
110,-6,+GcEZ6bvqNr2JNPwYmVoNkOY+7Q=,/SfzreH6at1+z6l8j36ZAG/urmc=
110,-5,+GcEZ6bvqNr2JNPwYmVoNkOY+7Q=,/SfzreH6at1+z6l8j36ZAG/urmc=
107,-8,+GcEZ6bvqNr2JNPwYmVoNkOY+7Q=,/SfzreH6at1+z6l8j36ZAG/urmc=
108,-1,+GcEZ6bvqNr2JNPwYmVoNkOY+7Q=,/SfzreH6at1+z6l8j36ZAG/urmc=
105,-2,+GcEZ6bvqNr2JNPwYmVoNkOY+7Q=,/SfzreH6at1+z6l8j36ZAG/urmc=
104,-2,+GcEZ6bvqNr2JNPwYmVoNkOY+7Q=,/SfzreH6at1+z6l8j36ZAG/urmc=
108,-8,+GcEZ6bvqNr2JNPwYmVoNkOY+7Q=,/SfzreH6at1+z6l8j36ZAG/urmc=
111,-6,+GcEZ6bvqNr2JNPwYmVoNkOY+7Q=,/SfzreH6at1+z6l8j36ZAG/urmc=
103,-3,+GcEZ6bvqNr2JNPwYmVoNkOY+7Q=,/SfzreH6at1+z6l8j36ZAG/urmc=
109,-4,+GcEZ6bvqNr2JNPwYmVoNkOY+7Q=,/SfzreH6at1+z6l8j36ZAG/urmc=
110,-8,+GcEZ6bvqNr2JNPwYmVoNkOY+7Q=,/SfzreH6at1+z6l8j36ZAG/urmc=
109,-7,+GcEZ6bvqNr2JNPwYmVoNkOY+7Q=,/SfzreH6at1+z6l8j36ZAG/urmc=
109,-5,+GcEZ6bvqNr2JNPwYmVoNkOY+7Q=,/SfzreH6at1+z6l8j36ZAG/urmc=
108,-5,+GcEZ6bvqNr2JNPwYmVoNkOY+7Q=,/SfzreH6at1+z6l8j36ZAG/urmc=
107,-1,+GcEZ6bvqNr2JNPwYmVoNkOY+7Q=,/SfzreH6at1+z6l8j36ZAG/urmc=
106,-8,+GcEZ6bvqNr2JNPwYmVoNkOY+7Q=,/SfzreH6at1+z6l8j36ZAG/urmc=
103,-8,+GcEZ6bvqNr2JNPwYmVoNkOY+7Q=,/SfzreH6at1+z6l8j36ZAG/urmc=
106,-1,+GcEZ6bvqNr2JNPwYmVoNkOY+7Q=,/SfzreH6at1+z6l8j36ZAG/urmc=
111,-3,+GcEZ6bvqNr2JNPwYmVoNkOY+7Q=,/SfzreH6at1+z6l8j36ZAG/urmc=
105,-8,+GcEZ6bvqNr2JNPwYmVoNkOY+7Q=,/SfzreH6at1+z6l8j36ZAG/urmc=
103,-4,+GcEZ6bvqNr2JNPwYmVoNkOY+7Q=,/SfzreH6at1+z6l8j36ZAG/urmc=
105,-1,+GcEZ6bvqNr2JNPwYmVoNkOY+7Q=,/SfzreH6at1+z6l8j36ZAG/urmc=
108,-7,+GcEZ6bvqNr2JNPwYmVoNkOY+7Q=,/SfzreH6at1+z6l8j36ZAG/urmc=
107,-7,+GcEZ6bvqNr2JNPwYmVoNkOY+7Q=,/SfzreH6at1+z6l8j36ZAG/urmc=
110,-3,+GcEZ6bvqNr2JNPwYmVoNkOY+7Q=,/SfzreH6at1+z6l8j36ZAG/urmc=
104,-1,+GcEZ6bvqNr2JNPwYmVoNkOY+7Q=,/SfzreH6at1+z6l8j36ZAG/urmc=
103,-5,+GcEZ6bvqNr2JNPwYmVoNkOY+7Q=,/SfzreH6at1+z6l8j36ZAG/urmc=
109,-6,+GcEZ6bvqNr2JNPwYmVoNkOY+7Q=,/SfzreH6at1+z6l8j36ZAG/urmc=
111,-2,+GcEZ6bvqNr2JNPwYmVoNkOY+7Q=,/SfzreH6at1+z6l8j36ZAG/urmc=
106,-7,+GcEZ6bvqNr2JNPwYmVoNkOY+7Q=,/SfzreH6at1+z6l8j36ZAG/urmc=
109,-3,+GcEZ6bvqNr2JNPwYmVoNkOY+7Q=,/SfzreH6at1+z6l8j36ZAG/urmc=
104,-8,+GcEZ6bvqNr2JNPwYmVoNkOY+7Q=,/SfzreH6at1+z6l8j36ZAG/urmc=
108,-6,+GcEZ6bvqNr2JNPwYmVoNkOY+7Q=,/SfzreH6at1+z6l8j36ZAG/urmc=
110,-2,+GcEZ6bvqNr2JNPwYmVoNkOY+7Q=,/SfzreH6at1+z6l8j36ZAG/urmc=
111,-1,+GcEZ6bvqNr2JNPwYmVoNkOY+7Q=,/SfzreH6at1+z6l8j36ZAG/urmc=
107,-6,+GcEZ6bvqNr2JNPwYmVoNkOY+7Q=,/SfzreH6at1+z6l8j36ZAG/urmc=
110,-1,+GcEZ6bvqNr2JNPwYmVoNkOY+7Q=,/SfzreH6at1+z6l8j36ZAG/urmc=
104,-7,+GcEZ6bvqNr2JNPwYmVoNkOY+7Q=,/SfzreH6at1+z6l8j36ZAG/urmc=
108,-4,+GcEZ6bvqNr2JNPwYmVoNkOY+7Q=,/SfzreH6at1+z6l8j36ZAG/urmc=
107,-5,+GcEZ6bvqNr2JNPwYmVoNkOY+7Q=,/SfzreH6at1+z6l8j36ZAG/urmc=
108,-2,+GcEZ6bvqNr2JNPwYmVoNkOY+7Q=,/SfzreH6at1+z6l8j36ZAG/urmc=
103,-6,+GcEZ6bvqNr2JNPwYmVoNkOY+7Q=,/SfzreH6at1+z6l8j36ZAG/urmc=
105,-4,+GcEZ6bvqNr2JNPwYmVoNkOY+7Q=,/SfzreH6at1+z6l8j36ZAG/urmc=
105,-5,+GcEZ6bvqNr2JNPwYmVoNkOY+7Q=,/SfzreH6at1+z6l8j36ZAG/urmc=
105,-3,+GcEZ6bvqNr2JNPwYmVoNkOY+7Q=,/SfzreH6at1+z6l8j36ZAG/urmc=
106,-2,+GcEZ6bvqNr2JNPwYmVoNkOY+7Q=,/SfzreH6at1+z6l8j36ZAG/urmc=
107,-4,+GcEZ6bvqNr2JNPwYmVoNkOY+7Q=,/SfzreH6at1+z6l8j36ZAG/urmc=
108,-3,+GcEZ6bvqNr2JNPwYmVoNkOY+7Q=,/SfzreH6at1+z6l8j36ZAG/urmc=
107,-2,+GcEZ6bvqNr2JNPwYmVoNkOY+7Q=,/SfzreH6at1+z6l8j36ZAG/urmc=
106,-5,+GcEZ6bvqNr2JNPwYmVoNkOY+7Q=,/SfzreH6at1+z6l8j36ZAG/urmc=
106,-3,+GcEZ6bvqNr2JNPwYmVoNkOY+7Q=,/SfzreH6at1+z6l8j36ZAG/urmc=
107,-3,+GcEZ6bvqNr2JNPwYmVoNkOY+7Q=,/SfzreH6at1+z6l8j36ZAG/urmc=
106,-4,+GcEZ6bvqNr2JNPwYmVoNkOY+7Q=,/SfzreH6at1+z6l8j36ZAG/urmc=
102,-6,+GcEZ6bvqNr2JNPwYmVoNkOY+7Q=,/SfzreH6at1+z6l8j36ZAG/urmc=
