2,-86,T3exFi5J2sCUh1GvwLvj5jwEV8U=,v/x2qOJyOBRnY0nRPeuN3qS4duk=
3,-86,T3exFi5J2sCUh1GvwLvj5jwEV8U=,v/x2qOJyOBRnY0nRPeuN3qS4duk=
1,-87,T3exFi5J2sCUh1GvwLvj5jwEV8U=,v/x2qOJyOBRnY0nRPeuN3qS4duk=
2,-87,T3exFi5J2sCUh1GvwLvj5jwEV8U=,v/x2qOJyOBRnY0nRPeuN3qS4duk=
3,-87,T3exFi5J2sCUh1GvwLvj5jwEV8U=,v/x2qOJyOBRnY0nRPeuN3qS4duk=
1,-88,T3exFi5J2sCUh1GvwLvj5jwEV8U=,v/x2qOJyOBRnY0nRPeuN3qS4duk=
3,-88,T3exFi5J2sCUh1GvwLvj5jwEV8U=,v/x2qOJyOBRnY0nRPeuN3qS4duk=
2,-88,T3exFi5J2sCUh1GvwLvj5jwEV8U=,v/x2qOJyOBRnY0nRPeuN3qS4duk=
0,-88,T3exFi5J2sCUh1GvwLvj5jwEV8U=,v/x2qOJyOBRnY0nRPeuN3qS4duk=
0,-87,T3exFi5J2sCUh1GvwLvj5jwEV8U=,v/x2qOJyOBRnY0nRPeuN3qS4duk=
3,-84,aoxUla2QI0FER4U7Yt8HpU+cZa8=,/SfzreH6at1+z6l8j36ZAG/urmc=
3,-81,aoxUla2QI0FER4U7Yt8HpU+cZa8=,/SfzreH6at1+z6l8j36ZAG/urmc=
2,-85,T3exFi5J2sCUh1GvwLvj5jwEV8U=,v/x2qOJyOBRnY0nRPeuN3qS4duk=
1,-85,T3exFi5J2sCUh1GvwLvj5jwEV8U=,v/x2qOJyOBRnY0nRPeuN3qS4duk=
3,-85,T3exFi5J2sCUh1GvwLvj5jwEV8U=,v/x2qOJyOBRnY0nRPeuN3qS4duk=
3,-83,aoxUla2QI0FER4U7Yt8HpU+cZa8=,/SfzreH6at1+z6l8j36ZAG/urmc=
2,-81,aoxUla2QI0FER4U7Yt8HpU+cZa8=,/SfzreH6at1+z6l8j36ZAG/urmc=
2,-82,aoxUla2QI0FER4U7Yt8HpU+cZa8=,/SfzreH6at1+z6l8j36ZAG/urmc=
2,-83,aoxUla2QI0FER4U7Yt8HpU+cZa8=,/SfzreH6at1+z6l8j36ZAG/urmc=
0,-81,aoxUla2QI0FER4U7Yt8HpU+cZa8=,/SfzreH6at1+z6l8j36ZAG/urmc=
0,-85,T3exFi5J2sCUh1GvwLvj5jwEV8U=,v/x2qOJyOBRnY0nRPeuN3qS4duk=
2,-84,aoxUla2QI0FER4U7Yt8HpU+cZa8=,/SfzreH6at1+z6l8j36ZAG/urmc=
1,-86,T3exFi5J2sCUh1GvwLvj5jwEV8U=,v/x2qOJyOBRnY0nRPeuN3qS4duk=
1,-81,aoxUla2QI0FER4U7Yt8HpU+cZa8=,/SfzreH6at1+z6l8j36ZAG/urmc=
3,-82,aoxUla2QI0FER4U7Yt8HpU+cZa8=,/SfzreH6at1+z6l8j36ZAG/urmc=
0,-86,T3exFi5J2sCUh1GvwLvj5jwEV8U=,v/x2qOJyOBRnY0nRPeuN3qS4duk=
0,-82,aoxUla2QI0FER4U7Yt8HpU+cZa8=,/SfzreH6at1+z6l8j36ZAG/urmc=
1,-82,aoxUla2QI0FER4U7Yt8HpU+cZa8=,/SfzreH6at1+z6l8j36ZAG/urmc=
1,-84,aoxUla2QI0FER4U7Yt8HpU+cZa8=,/SfzreH6at1+z6l8j36ZAG/urmc=
0,-83,aoxUla2QI0FER4U7Yt8HpU+cZa8=,/SfzreH6at1+z6l8j36ZAG/urmc=
0,-84,aoxUla2QI0FER4U7Yt8HpU+cZa8=,/SfzreH6at1+z6l8j36ZAG/urmc=
1,-83,aoxUla2QI0FER4U7Yt8HpU+cZa8=,/SfzreH6at1+z6l8j36ZAG/urmc=
1,-67,T3exFi5J2sCUh1GvwLvj5jwEV8U=,v/x2qOJyOBRnY0nRPeuN3qS4duk=
2,-75,T3exFi5J2sCUh1GvwLvj5jwEV8U=,v/x2qOJyOBRnY0nRPeuN3qS4duk=
2,-74,T3exFi5J2sCUh1GvwLvj5jwEV8U=,v/x2qOJyOBRnY0nRPeuN3qS4duk=
1,-75,T3exFi5J2sCUh1GvwLvj5jwEV8U=,v/x2qOJyOBRnY0nRPeuN3qS4duk=
2,-66,T3exFi5J2sCUh1GvwLvj5jwEV8U=,v/x2qOJyOBRnY0nRPeuN3qS4duk=
1,-66,T3exFi5J2sCUh1GvwLvj5jwEV8U=,v/x2qOJyOBRnY0nRPeuN3qS4duk=
1,-71,T3exFi5J2sCUh1GvwLvj5jwEV8U=,v/x2qOJyOBRnY0nRPeuN3qS4duk=
2,-67,T3exFi5J2sCUh1GvwLvj5jwEV8U=,v/x2qOJyOBRnY0nRPeuN3qS4duk=
2,-71,T3exFi5J2sCUh1GvwLvj5jwEV8U=,v/x2qOJyOBRnY0nRPeuN3qS4duk=
1,-68,T3exFi5J2sCUh1GvwLvj5jwEV8U=,v/x2qOJyOBRnY0nRPeuN3qS4duk=
3,-71,T3exFi5J2sCUh1GvwLvj5jwEV8U=,v/x2qOJyOBRnY0nRPeuN3qS4duk=
2,-68,T3exFi5J2sCUh1GvwLvj5jwEV8U=,v/x2qOJyOBRnY0nRPeuN3qS4duk=
3,-70,T3exFi5J2sCUh1GvwLvj5jwEV8U=,v/x2qOJyOBRnY0nRPeuN3qS4duk=
1,-70,T3exFi5J2sCUh1GvwLvj5jwEV8U=,v/x2qOJyOBRnY0nRPeuN3qS4duk=
2,-70,T3exFi5J2sCUh1GvwLvj5jwEV8U=,v/x2qOJyOBRnY0nRPeuN3qS4duk=
1,-73,T3exFi5J2sCUh1GvwLvj5jwEV8U=,v/x2qOJyOBRnY0nRPeuN3qS4duk=
1,-69,T3exFi5J2sCUh1GvwLvj5jwEV8U=,v/x2qOJyOBRnY0nRPeuN3qS4duk=
2,-72,T3exFi5J2sCUh1GvwLvj5jwEV8U=,v/x2qOJyOBRnY0nRPeuN3qS4duk=
2,-69,T3exFi5J2sCUh1GvwLvj5jwEV8U=,v/x2qOJyOBRnY0nRPeuN3qS4duk=
2,-73,T3exFi5J2sCUh1GvwLvj5jwEV8U=,v/x2qOJyOBRnY0nRPeuN3qS4duk=
3,-74,T3exFi5J2sCUh1GvwLvj5jwEV8U=,v/x2qOJyOBRnY0nRPeuN3qS4duk=
3,-73,T3exFi5J2sCUh1GvwLvj5jwEV8U=,v/x2qOJyOBRnY0nRPeuN3qS4duk=
3,-75,T3exFi5J2sCUh1GvwLvj5jwEV8U=,v/x2qOJyOBRnY0nRPeuN3qS4duk=
3,-72,T3exFi5J2sCUh1GvwLvj5jwEV8U=,v/x2qOJyOBRnY0nRPeuN3qS4duk=
1,-77,T3exFi5J2sCUh1GvwLvj5jwEV8U=,v/x2qOJyOBRnY0nRPeuN3qS4duk=
1,-79,T3exFi5J2sCUh1GvwLvj5jwEV8U=,v/x2qOJyOBRnY0nRPeuN3qS4duk=
2,-76,T3exFi5J2sCUh1GvwLvj5jwEV8U=,v/x2qOJyOBRnY0nRPeuN3qS4duk=
2,-77,T3exFi5J2sCUh1GvwLvj5jwEV8U=,v/x2qOJyOBRnY0nRPeuN3qS4duk=
3,-76,T3exFi5J2sCUh1GvwLvj5jwEV8U=,v/x2qOJyOBRnY0nRPeuN3qS4duk=
3,-77,T3exFi5J2sCUh1GvwLvj5jwEV8U=,v/x2qOJyOBRnY0nRPeuN3qS4duk=
1,-76,T3exFi5J2sCUh1GvwLvj5jwEV8U=,v/x2qOJyOBRnY0nRPeuN3qS4duk=
2,-79,T3exFi5J2sCUh1GvwLvj5jwEV8U=,v/x2qOJyOBRnY0nRPeuN3qS4duk=
1,-78,T3exFi5J2sCUh1GvwLvj5jwEV8U=,v/x2qOJyOBRnY0nRPeuN3qS4duk=
2,-78,T3exFi5J2sCUh1GvwLvj5jwEV8U=,v/x2qOJyOBRnY0nRPeuN3qS4duk=
3,-79,T3exFi5J2sCUh1GvwLvj5jwEV8U=,v/x2qOJyOBRnY0nRPeuN3qS4duk=
3,-78,T3exFi5J2sCUh1GvwLvj5jwEV8U=,v/x2qOJyOBRnY0nRPeuN3qS4duk=
1,-80,T3exFi5J2sCUh1GvwLvj5jwEV8U=,v/x2qOJyOBRnY0nRPeuN3qS4duk=
2,-80,T3exFi5J2sCUh1GvwLvj5jwEV8U=,v/x2qOJyOBRnY0nRPeuN3qS4duk=
3,-68,T3exFi5J2sCUh1GvwLvj5jwEV8U=,v/x2qOJyOBRnY0nRPeuN3qS4duk=
3,-67,T3exFi5J2sCUh1GvwLvj5jwEV8U=,v/x2qOJyOBRnY0nRPeuN3qS4duk=
3,-69,T3exFi5J2sCUh1GvwLvj5jwEV8U=,v/x2qOJyOBRnY0nRPeuN3qS4duk=
3,-66,T3exFi5J2sCUh1GvwLvj5jwEV8U=,v/x2qOJyOBRnY0nRPeuN3qS4duk=
1,-65,T3exFi5J2sCUh1GvwLvj5jwEV8U=,v/x2qOJyOBRnY0nRPeuN3qS4duk=
2,-65,T3exFi5J2sCUh1GvwLvj5jwEV8U=,v/x2qOJyOBRnY0nRPeuN3qS4duk=
3,-65,T3exFi5J2sCUh1GvwLvj5jwEV8U=,v/x2qOJyOBRnY0nRPeuN3qS4duk=
3,-80,T3exFi5J2sCUh1GvwLvj5jwEV8U=,v/x2qOJyOBRnY0nRPeuN3qS4duk=
0,-71,T3exFi5J2sCUh1GvwLvj5jwEV8U=,v/x2qOJyOBRnY0nRPeuN3qS4duk=
0,-68,T3exFi5J2sCUh1GvwLvj5jwEV8U=,v/x2qOJyOBRnY0nRPeuN3qS4duk=
0,-70,T3exFi5J2sCUh1GvwLvj5jwEV8U=,v/x2qOJyOBRnY0nRPeuN3qS4duk=
0,-69,T3exFi5J2sCUh1GvwLvj5jwEV8U=,v/x2qOJyOBRnY0nRPeuN3qS4duk=
0,-65,T3exFi5J2sCUh1GvwLvj5jwEV8U=,v/x2qOJyOBRnY0nRPeuN3qS4duk=
0,-67,T3exFi5J2sCUh1GvwLvj5jwEV8U=,v/x2qOJyOBRnY0nRPeuN3qS4duk=
0,-80,T3exFi5J2sCUh1GvwLvj5jwEV8U=,v/x2qOJyOBRnY0nRPeuN3qS4duk=
0,-75,T3exFi5J2sCUh1GvwLvj5jwEV8U=,v/x2qOJyOBRnY0nRPeuN3qS4duk=
0,-72,T3exFi5J2sCUh1GvwLvj5jwEV8U=,v/x2qOJyOBRnY0nRPeuN3qS4duk=
0,-79,T3exFi5J2sCUh1GvwLvj5jwEV8U=,v/x2qOJyOBRnY0nRPeuN3qS4duk=
0,-77,T3exFi5J2sCUh1GvwLvj5jwEV8U=,v/x2qOJyOBRnY0nRPeuN3qS4duk=
0,-66,T3exFi5J2sCUh1GvwLvj5jwEV8U=,v/x2qOJyOBRnY0nRPeuN3qS4duk=
0,-76,T3exFi5J2sCUh1GvwLvj5jwEV8U=,v/x2qOJyOBRnY0nRPeuN3qS4duk=
0,-73,T3exFi5J2sCUh1GvwLvj5jwEV8U=,v/x2qOJyOBRnY0nRPeuN3qS4duk=
0,-74,T3exFi5J2sCUh1GvwLvj5jwEV8U=,v/x2qOJyOBRnY0nRPeuN3qS4duk=
1,-72,T3exFi5J2sCUh1GvwLvj5jwEV8U=,v/x2qOJyOBRnY0nRPeuN3qS4duk=
1,-74,T3exFi5J2sCUh1GvwLvj5jwEV8U=,v/x2qOJyOBRnY0nRPeuN3qS4duk=
0,-78,T3exFi5J2sCUh1GvwLvj5jwEV8U=,v/x2qOJyOBRnY0nRPeuN3qS4duk=
